file_name,species_name,group,license,contributor,observation,file,background,original_name,subset,temperature,compress_mb,path
Pterophylla_camellifolia_IN178633106_793553.mp3,Pterophylla_camellifolia,Orthoptera,http://creativecommons.org/licenses/by-nc/4.0/,Kyle Aldinger,https://www.inaturalist.org/observations/178633106,https://static.inaturalist.org/sounds/793553.m4a?1692155193,,Pterophylla_camellifolia,Train,,0.158549,data\raw\pilot\Train\Pterophylla_camellifolia_IN178633106_793553.mp3
Psaltoda_plaga_IN74581657_191309.wav,Psaltoda_plaga,Cicadidae,http://creativecommons.org/licenses/by-nc/4.0/,Joel Poyitt,https://www.inaturalist.org/observations/74581657,https://static.inaturalist.org/sounds/191309.wav?1618878184,,Psaltoda_plaga,Train,,1.04882,data\raw\pilot\Train\Psaltoda_plaga_IN74581657_191309.wav
Yoyetta_celis_IN34762283_49037.wav,Yoyetta_celis,Cicadidae,http://creativecommons.org/licenses/by-nc/4.0/,Christie,https://www.inaturalist.org/observations/34762283,https://static.inaturalist.org/sounds/49037.wav?1571792599,,Yoyetta_celis,Train,,0.465089,data\raw\pilot\Train\Yoyetta_celis_IN34762283_49037.wav
Psaltoda_plaga_IN104136034_342376.mp3,Psaltoda_plaga,Cicadidae,http://creativecommons.org/licenses/by-nc/4.0/,renie64,https://www.inaturalist.org/observations/104136034,https://static.inaturalist.org/sounds/342376.m4a?1641076267,,Psaltoda_plaga,Train,,0.555978,data\raw\pilot\Train\Psaltoda_plaga_IN104136034_342376.mp3
Oecanthus_pellucens_IN128040573_507898.mp3,Oecanthus_pellucens,Orthoptera,http://creativecommons.org/licenses/by-nc/4.0/,Stephan Pflume,https://www.inaturalist.org/observations/128040573,https://static.inaturalist.org/sounds/507898.m4a?1658864587,,Oecanthus_pellucens,Train,,0.317946,data\raw\pilot\Train\Oecanthus_pellucens_IN128040573_507898.mp3
Yoyetta_celis_IN192892358_855177.mp3,Yoyetta_celis,Cicadidae,http://creativecommons.org/licenses/by-nc/4.0/,captainonionhead,https://www.inaturalist.org/observations/192892358,https://static.inaturalist.org/sounds/855177.m4a?1701582812,,Yoyetta_celis,Train,,0.170431,data\raw\pilot\Train\Yoyetta_celis_IN192892358_855177.mp3
Cicada_orni_IN225737335_1112507.mp3,Cicada_orni,Cicadidae,http://creativecommons.org/licenses/by-nc/4.0/,Pierpaolo Giordano,https://www.inaturalist.org/observations/225737335,https://static.inaturalist.org/sounds/1112507.m4a?1719590537,,Cicada_orni,Train,,0.37613,data\raw\pilot\Train\Cicada_orni_IN225737335_1112507.mp3
Yoyetta_celis_IN141732669_562221.wav,Yoyetta_celis,Cicadidae,http://creativecommons.org/licenses/by-nc/4.0/,Christie,https://www.inaturalist.org/observations/141732669,https://static.inaturalist.org/sounds/562221.wav?1668208222,,Yoyetta_celis,Train,,0.144718,data\raw\pilot\Train\Yoyetta_celis_IN141732669_562221.wav
Galanga_labeculata_IN143021308_567686.mp3,Galanga_labeculata,Cicadidae,http://creativecommons.org/licenses/by-nc/4.0/,bpscicada,https://www.inaturalist.org/observations/143021308,https://static.inaturalist.org/sounds/567686.mp3?1669545791,,Galanga_labeculata,Train,,0.178274,data\raw\pilot\Train\Galanga_labeculata_IN143021308_567686.mp3
Galanga_labeculata_IN18753730_27877.mp3,Galanga_labeculata,Cicadidae,http://creativecommons.org/licenses/by-nc/4.0/,Joel Poyitt,https://www.inaturalist.org/observations/18753730,https://static.inaturalist.org/sounds/27877.m4a?1648747350,,Galanga_labeculata,Train,,0.531483,data\raw\pilot\Train\Galanga_labeculata_IN18753730_27877.mp3
Gryllus_campestris_IN162307916_702260.mp3,Gryllus_campestris,Orthoptera,http://creativecommons.org/licenses/by-nc/4.0/,clairelupus,https://www.inaturalist.org/observations/162307916,https://static.inaturalist.org/sounds/702260.m4a?1684420600,,Gryllus_campestris,Train,,0.177088,data\raw\pilot\Train\Gryllus_campestris_IN162307916_702260.mp3
Roeseliana_roeselii_IN179950849_798965.mp3,Roeseliana_roeselii,Orthoptera,http://creativecommons.org/licenses/by-nc/4.0/,Karol Łanocha,https://www.inaturalist.org/observations/179950849,https://static.inaturalist.org/sounds/798965.m4a?1692874186,,Roeseliana_roeselii,Train,,0.922899,data\raw\pilot\Train\Roeseliana_roeselii_IN179950849_798965.mp3
Yoyetta_celis_IN191915824_849902.mp3,Yoyetta_celis,Cicadidae,http://creativecommons.org/licenses/by/4.0/,Thomas Mesaglio,https://www.inaturalist.org/observations/191915824,https://static.inaturalist.org/sounds/849902.m4a?1700807649,,Yoyetta_celis,Train,,0.223317,data\raw\pilot\Train\Yoyetta_celis_IN191915824_849902.mp3
Aleeta_curvicosta_IN20066698_30977.wav,Aleeta_curvicosta,Cicadidae,http://creativecommons.org/licenses/by-nc/4.0/,Christie,https://www.inaturalist.org/observations/20066698,https://static.inaturalist.org/sounds/30977.wav?1549520795,,Aleeta_curvicosta,Train,,0.52263,data\raw\pilot\Train\Aleeta_curvicosta_IN20066698_30977.wav
Psaltoda_plaga_IN154364053_639137.mp3,Psaltoda_plaga,Cicadidae,http://creativecommons.org/licenses/by-nc/4.0/,Joel Poyitt,https://www.inaturalist.org/observations/154364053,https://static.inaturalist.org/sounds/639137.m4a?1681177239,,Psaltoda_plaga,Train,,0.106479,data\raw\pilot\Train\Psaltoda_plaga_IN154364053_639137.mp3
Tettigonia_viridissima_XC914082.wav,Tettigonia_viridissima,Orthoptera,//creativecommons.org/licenses/by-nc-sa/4.0/,Cedric Mroczko,https://xeno-canto.org/914082,https://xeno-canto.org/914082/download,,Tettigonia_viridissima,Train,,2.214185,data\raw\pilot\Train\Tettigonia_viridissima_XC914082.wav
Chorthippus_biguttulus_IN184565761_817885.mp3,Chorthippus_biguttulus,Orthoptera,http://creativecommons.org/licenses/by-nc/4.0/,mobbini,https://www.inaturalist.org/observations/184565761,https://static.inaturalist.org/sounds/817885.mp3?1695492396,,Chorthippus_biguttulus,Train,,0.052683,data\raw\pilot\Train\Chorthippus_biguttulus_IN184565761_817885.mp3
Psaltoda_plaga_IN37937530_55719.wav,Psaltoda_plaga,Cicadidae,http://creativecommons.org/licenses/by-nc/4.0/,Christie,https://www.inaturalist.org/observations/37937530,https://static.inaturalist.org/sounds/55719.wav?1579926091,,Psaltoda_plaga,Train,,0.333596,data\raw\pilot\Train\Psaltoda_plaga_IN37937530_55719.wav
Cicada_orni_IN124176310_487242.mp3,Cicada_orni,Cicadidae,http://creativecommons.org/licenses/by-nc/4.0/,Παναγιώτης Ραφαηλίδης,https://www.inaturalist.org/observations/124176310,https://static.inaturalist.org/sounds/487242.mp3?1656631283,,Cicada_orni,Train,,0.087894,data\raw\pilot\Train\Cicada_orni_IN124176310_487242.mp3
Pterophylla_camellifolia_IN91695731_293590.mp3,Pterophylla_camellifolia,Orthoptera,http://creativecommons.org/licenses/by-nc/4.0/,Cody Porter,https://www.inaturalist.org/observations/91695731,https://static.inaturalist.org/sounds/293590.m4a?1629336497,,Pterophylla_camellifolia,Train,,0.11585,data\raw\pilot\Train\Pterophylla_camellifolia_IN91695731_293590.mp3
Aleeta_curvicosta_IN195128463_867049.mp3,Aleeta_curvicosta,Cicadidae,http://creativecommons.org/licenses/by-nc/4.0/,Colin Trainor,https://www.inaturalist.org/observations/195128463,https://static.inaturalist.org/sounds/867049.m4a?1703814183,,Aleeta_curvicosta,Train,,0.327863,data\raw\pilot\Train\Aleeta_curvicosta_IN195128463_867049.mp3
Aleeta_curvicosta_IN69985560_165902.mp3,Aleeta_curvicosta,Cicadidae,http://creativecommons.org/licenses/by-nc/4.0/,bpscicada,https://www.inaturalist.org/observations/69985560,https://static.inaturalist.org/sounds/165902.mp3?1614003736,,Aleeta_curvicosta,Train,,0.157301,data\raw\pilot\Train\Aleeta_curvicosta_IN69985560_165902.mp3
Psaltoda_plaga_IN18746173_27835.mp3,Psaltoda_plaga,Cicadidae,http://creativecommons.org/licenses/by-nc/4.0/,Joel Poyitt,https://www.inaturalist.org/observations/18746173,https://static.inaturalist.org/sounds/27835.m4a?1648747282,,Psaltoda_plaga,Train,,0.420533,data\raw\pilot\Train\Psaltoda_plaga_IN18746173_27835.mp3
Gryllus_campestris_IN119990830_459802.mp3,Gryllus_campestris,Orthoptera,http://creativecommons.org/licenses/by-nc/4.0/,drosophila,https://www.inaturalist.org/observations/119990830,https://static.inaturalist.org/sounds/459802.m4a?1654250701,,Gryllus_campestris,Train,,0.104181,data\raw\pilot\Train\Gryllus_campestris_IN119990830_459802.mp3
Psaltoda_plaga_IN68323873_159471.mp3,Psaltoda_plaga,Cicadidae,http://creativecommons.org/licenses/by-nc/4.0/,bpscicada,https://www.inaturalist.org/observations/68323873,https://static.inaturalist.org/sounds/159471.mp3?1611058033,,Psaltoda_plaga,Train,,0.134456,data\raw\pilot\Train\Psaltoda_plaga_IN68323873_159471.mp3
Yoyetta_celis_IN38158939_56327.wav,Yoyetta_celis,Cicadidae,http://creativecommons.org/licenses/by-nc/4.0/,Christie,https://www.inaturalist.org/observations/38158939,https://static.inaturalist.org/sounds/56327.wav?1580547977,,Yoyetta_celis,Train,,0.10072,data\raw\pilot\Train\Yoyetta_celis_IN38158939_56327.wav
Gryllus_campestris_IN210094484_989655.mp3,Gryllus_campestris,Orthoptera,http://creativecommons.org/licenses/by-nc/4.0/,sabine-g,https://www.inaturalist.org/observations/210094484,https://static.inaturalist.org/sounds/989655.m4a?1714219146,,Gryllus_campestris,Train,,0.123353,data\raw\pilot\Train\Gryllus_campestris_IN210094484_989655.mp3
Roeseliana_roeselii_IN225485218_1111131.mp3,Roeseliana_roeselii,Orthoptera,http://creativecommons.org/licenses/by-nc/4.0/,Karol Łanocha,https://www.inaturalist.org/observations/225485218,https://static.inaturalist.org/sounds/1111131.m4a?1719486207,,Roeseliana_roeselii,Train,,0.146875,data\raw\pilot\Train\Roeseliana_roeselii_IN225485218_1111131.mp3
Chorthippus_biguttulus_IN137979706_546622.mp3,Chorthippus_biguttulus,Orthoptera,http://creativecommons.org/licenses/by-nc/4.0/,gernotkunz,https://www.inaturalist.org/observations/137979706,https://static.inaturalist.org/sounds/546622.m4a?1665240145,,Chorthippus_biguttulus,Train,,0.560335,data\raw\pilot\Train\Chorthippus_biguttulus_IN137979706_546622.mp3
Oecanthus_pellucens_IN128496933_509895.mp3,Oecanthus_pellucens,Orthoptera,http://creativecommons.org/publicdomain/zero/1.0/,Vanessa Bremerich,https://www.inaturalist.org/observations/128496933,https://static.inaturalist.org/sounds/509895.m4a?1659123240,,Oecanthus_pellucens,Train,,0.594215,data\raw\pilot\Train\Oecanthus_pellucens_IN128496933_509895.mp3
Neotibicen_pruinosus_IN57683255_136139.mp3,Neotibicen_pruinosus,Cicadidae,http://creativecommons.org/licenses/by-nc/4.0/,Jeff Ward,https://www.inaturalist.org/observations/57683255,https://static.inaturalist.org/sounds/136139.mp3?1600014936,,Neotibicen_pruinosus,Train,,0.546881,data\raw\pilot\Train\Neotibicen_pruinosus_IN57683255_136139.mp3
Oecanthus_pellucens_IN184160307_816099.mp3,Oecanthus_pellucens,Orthoptera,http://creativecommons.org/licenses/by-nc/4.0/,lvdr,https://www.inaturalist.org/observations/184160307,https://static.inaturalist.org/sounds/816099.m4a?1695238259,,Oecanthus_pellucens,Train,,0.242982,data\raw\pilot\Train\Oecanthus_pellucens_IN184160307_816099.mp3
Chorthippus_biguttulus_XC865655.wav,Chorthippus_biguttulus,Orthoptera,//creativecommons.org/licenses/by-sa/4.0/,S. Ingrisch,https://xeno-canto.org/865655,https://xeno-canto.org/865655/download,,Chorthippus_biguttulus,Train,25.0,2.675588,data\raw\pilot\Train\Chorthippus_biguttulus_XC865655.wav
Neotibicen_pruinosus_IN7756918_15274.mp3,Neotibicen_pruinosus,Cicadidae,http://creativecommons.org/licenses/by-nc/4.0/,Bill Schur,https://www.inaturalist.org/observations/7756918,https://static.inaturalist.org/sounds/15274.m4a?1504400460,,Neotibicen_pruinosus,Train,,0.940524,data\raw\pilot\Train\Neotibicen_pruinosus_IN7756918_15274.mp3
Neotibicen_pruinosus_IN101849132_332163.wav,Neotibicen_pruinosus,Cicadidae,http://creativecommons.org/licenses/by-nc/4.0/,Avery Blumenthal,https://www.inaturalist.org/observations/101849132,https://static.inaturalist.org/sounds/332163.wav?1637794058,,Neotibicen_pruinosus,Train,,0.393128,data\raw\pilot\Train\Neotibicen_pruinosus_IN101849132_332163.wav
Pterophylla_camellifolia_IN137838932_546044.mp3,Pterophylla_camellifolia,Orthoptera,http://creativecommons.org/licenses/by-nc/4.0/,DBerard,https://www.inaturalist.org/observations/137838932,https://static.inaturalist.org/sounds/546044.m4a?1665131531,,Pterophylla_camellifolia,Train,,0.264802,data\raw\pilot\Train\Pterophylla_camellifolia_IN137838932_546044.mp3
Chorthippus_biguttulus_IN151106848_614652.mp3,Chorthippus_biguttulus,Orthoptera,http://creativecommons.org/licenses/by-nc/4.0/,mobbini,https://www.inaturalist.org/observations/151106848,https://static.inaturalist.org/sounds/614652.mp3?1678778278,,Chorthippus_biguttulus,Train,,0.264372,data\raw\pilot\Train\Chorthippus_biguttulus_IN151106848_614652.mp3
Pterophylla_camellifolia_IN174044833_774375.wav,Pterophylla_camellifolia,Orthoptera,http://creativecommons.org/licenses/by-nc/4.0/,jwbarnes,https://www.inaturalist.org/observations/174044833,https://static.inaturalist.org/sounds/774375.wav?1689909575,,Pterophylla_camellifolia,Train,,0.524215,data\raw\pilot\Train\Pterophylla_camellifolia_IN174044833_774375.wav
Pterophylla_camellifolia_IN90221163_288507.mp3,Pterophylla_camellifolia,Orthoptera,http://creativecommons.org/licenses/by-nc/4.0/,nedi,https://www.inaturalist.org/observations/90221163,https://static.inaturalist.org/sounds/288507.m4a?1628305742,,Pterophylla_camellifolia,Train,,0.163893,data\raw\pilot\Train\Pterophylla_camellifolia_IN90221163_288507.mp3
Gryllus_campestris_IN45004577_83785.wav,Gryllus_campestris,Orthoptera,http://creativecommons.org/licenses/by-nc/4.0/,adtll,https://www.inaturalist.org/observations/45004577,https://static.inaturalist.org/sounds/83785.wav?1588706770,,Gryllus_campestris,Train,,0.695983,data\raw\pilot\Train\Gryllus_campestris_IN45004577_83785.wav
Aleeta_curvicosta_IN19257371_28617.wav,Aleeta_curvicosta,Cicadidae,http://creativecommons.org/licenses/by-nc/4.0/,Christie,https://www.inaturalist.org/observations/19257371,https://static.inaturalist.org/sounds/28617.wav?1545950820,,Aleeta_curvicosta,Train,,0.302699,data\raw\pilot\Train\Aleeta_curvicosta_IN19257371_28617.wav
Galanga_labeculata_IN19891090_30663.wav,Galanga_labeculata,Cicadidae,http://creativecommons.org/licenses/by-nc/4.0/,Christie,https://www.inaturalist.org/observations/19891090,https://static.inaturalist.org/sounds/30663.wav?1548580246,,Galanga_labeculata,Train,,0.998631,data\raw\pilot\Train\Galanga_labeculata_IN19891090_30663.wav
Neotibicen_pruinosus_IN13791955_23594.mp3,Neotibicen_pruinosus,Cicadidae,http://creativecommons.org/licenses/by-nc/4.0/,Dan Johnson,https://www.inaturalist.org/observations/13791955,https://static.inaturalist.org/sounds/23594.mp3?1530030348,,Neotibicen_pruinosus,Train,,0.278586,data\raw\pilot\Train\Neotibicen_pruinosus_IN13791955_23594.mp3
Roeseliana_roeselii_IN223152025_1096869.mp3,Roeseliana_roeselii,Orthoptera,http://creativecommons.org/licenses/by-nc/4.0/,Kyle Aldinger,https://www.inaturalist.org/observations/223152025,https://static.inaturalist.org/sounds/1096869.m4a?1718560514,,Roeseliana_roeselii,Train,,0.843098,data\raw\pilot\Train\Roeseliana_roeselii_IN223152025_1096869.mp3
Chorthippus_biguttulus_XC929563.wav,Chorthippus_biguttulus,Orthoptera,//creativecommons.org/licenses/by-nc-sa/4.0/,Cedric Mroczko,https://xeno-canto.org/929563,https://xeno-canto.org/929563/download,,Chorthippus_biguttulus,Train,,1.781412,data\raw\pilot\Train\Chorthippus_biguttulus_XC929563.wav
Neotibicen_pruinosus_IN185764343_951034.wav,Neotibicen_pruinosus,Cicadidae,http://creativecommons.org/licenses/by-nc/4.0/,Joshua Campos,https://www.inaturalist.org/observations/185764343,https://static.inaturalist.org/sounds/951034.wav?1712092169,,Neotibicen_pruinosus,Train,,1.798145,data\raw\pilot\Train\Neotibicen_pruinosus_IN185764343_951034.wav
Gryllus_campestris_IN169924188_753908.mp3,Gryllus_campestris,Orthoptera,http://creativecommons.org/licenses/by-nc/4.0/,Coby Meester,https://www.inaturalist.org/observations/169924188,https://static.inaturalist.org/sounds/753908.m4a?1687951323,,Gryllus_campestris,Train,,0.168425,data\raw\pilot\Train\Gryllus_campestris_IN169924188_753908.mp3
Yoyetta_celis_IN33733445_47837.wav,Yoyetta_celis,Cicadidae,http://creativecommons.org/licenses/by-nc/4.0/,Christie,https://www.inaturalist.org/observations/33733445,https://static.inaturalist.org/sounds/47837.wav?1569980199,,Yoyetta_celis,Train,,0.562222,data\raw\pilot\Train\Yoyetta_celis_IN33733445_47837.wav
Cicada_orni_IN90370608_288981.mp3,Cicada_orni,Cicadidae,http://creativecommons.org/licenses/by-nc/4.0/,adtll,https://www.inaturalist.org/observations/90370608,https://static.inaturalist.org/sounds/288981.m4a?1628417825,,Cicada_orni,Train,,0.199483,data\raw\pilot\Train\Cicada_orni_IN90370608_288981.mp3
Psaltoda_plaga_IN188319913_834203.wav,Psaltoda_plaga,Cicadidae,http://creativecommons.org/licenses/by-nc/4.0/,Christie,https://www.inaturalist.org/observations/188319913,https://static.inaturalist.org/sounds/834203.wav?1697850889,,Psaltoda_plaga,Train,,0.279253,data\raw\pilot\Train\Psaltoda_plaga_IN188319913_834203.wav
Oecanthus_pellucens_IN129027390_512282.mp3,Oecanthus_pellucens,Orthoptera,http://creativecommons.org/licenses/by-nc/4.0/,pandafai,https://www.inaturalist.org/observations/129027390,https://static.inaturalist.org/sounds/512282.m4a?1659382494,,Oecanthus_pellucens,Train,,0.193339,data\raw\pilot\Train\Oecanthus_pellucens_IN129027390_512282.mp3
Aleeta_curvicosta_IN67887894_158063.wav,Aleeta_curvicosta,Cicadidae,http://creativecommons.org/licenses/by-nc/4.0/,Christie,https://www.inaturalist.org/observations/67887894,https://static.inaturalist.org/sounds/158063.wav?1610334050,,Aleeta_curvicosta,Train,,0.53477,data\raw\pilot\Train\Aleeta_curvicosta_IN67887894_158063.wav
Pterophylla_camellifolia_IN184472971_817579.mp3,Pterophylla_camellifolia,Orthoptera,http://creativecommons.org/licenses/by-nc/4.0/,Cody Porter,https://www.inaturalist.org/observations/184472971,https://static.inaturalist.org/sounds/817579.m4a?1695435721,,Pterophylla_camellifolia,Train,,0.197532,data\raw\pilot\Train\Pterophylla_camellifolia_IN184472971_817579.mp3
Neotibicen_pruinosus_IN134511192_533826.mp3,Neotibicen_pruinosus,Cicadidae,http://creativecommons.org/licenses/by-nc/4.0/,susanhauser,https://www.inaturalist.org/observations/134511192,https://static.inaturalist.org/sounds/533826.m4a?1662855977,,Neotibicen_pruinosus,Train,,0.071141,data\raw\pilot\Train\Neotibicen_pruinosus_IN134511192_533826.mp3
Yoyetta_celis_IN9767073_17651.mp3,Yoyetta_celis,Cicadidae,http://creativecommons.org/licenses/by-nc/4.0/,Joel Poyitt,https://www.inaturalist.org/observations/9767073,https://static.inaturalist.org/sounds/17651.m4a?1518049763,,Yoyetta_celis,Train,,0.408118,data\raw\pilot\Train\Yoyetta_celis_IN9767073_17651.mp3
Yoyetta_celis_IN145242188_577533.mp3,Yoyetta_celis,Cicadidae,http://creativecommons.org/licenses/by-nc/4.0/,bpscicada,https://www.inaturalist.org/observations/145242188,https://static.inaturalist.org/sounds/577533.m4a?1672207611,,Yoyetta_celis,Train,,0.236315,data\raw\pilot\Train\Yoyetta_celis_IN145242188_577533.mp3
Psaltoda_plaga_IN68994575_161973.mp3,Psaltoda_plaga,Cicadidae,http://creativecommons.org/licenses/by/4.0/,Thomas Mesaglio,https://www.inaturalist.org/observations/68994575,https://static.inaturalist.org/sounds/161973.m4a?1612335347,,Psaltoda_plaga,Train,,0.318369,data\raw\pilot\Train\Psaltoda_plaga_IN68994575_161973.mp3
Pterophylla_camellifolia_IN125726521_496447.mp3,Pterophylla_camellifolia,Orthoptera,http://creativecommons.org/licenses/by-nc/4.0/,Joanna Brichetto,https://www.inaturalist.org/observations/125726521,https://static.inaturalist.org/sounds/496447.m4a?1657507622,,Pterophylla_camellifolia,Train,,0.189652,data\raw\pilot\Train\Pterophylla_camellifolia_IN125726521_496447.mp3
Cicada_orni_IN88366892_281161.mp3,Cicada_orni,Cicadidae,http://creativecommons.org/licenses/by-nc/4.0/,Octávio Mateus,https://www.inaturalist.org/observations/88366892,https://static.inaturalist.org/sounds/281161.m4a?1627120577,,Cicada_orni,Train,,0.207736,data\raw\pilot\Train\Cicada_orni_IN88366892_281161.mp3
Gryllus_campestris_XC658917.mp3,Gryllus_campestris,Orthoptera,//creativecommons.org/licenses/by-nc-sa/4.0/,Stuart Fisher,https://xeno-canto.org/658917,https://xeno-canto.org/658917/download,"Fringilla coelebs, Sylvia atricapilla, Turdus merula, Erithacus rubecula",Gryllus_campestris,Train,,0.330884,data\raw\pilot\Train\Gryllus_campestris_XC658917.mp3
Yoyetta_celis_IN59850719_136690.wav,Yoyetta_celis,Cicadidae,http://creativecommons.org/licenses/by-nc/4.0/,bpscicada,https://www.inaturalist.org/observations/59850719,https://static.inaturalist.org/sounds/136690.wav?1600317545,,Yoyetta_celis,Train,,0.371686,data\raw\pilot\Train\Yoyetta_celis_IN59850719_136690.wav
Pterophylla_camellifolia_IN130030078_516985.mp3,Pterophylla_camellifolia,Orthoptera,http://creativecommons.org/licenses/by-nc/4.0/,cmciv,https://www.inaturalist.org/observations/130030078,https://static.inaturalist.org/sounds/516985.mp3?1659992527,,Pterophylla_camellifolia,Train,,0.197867,data\raw\pilot\Train\Pterophylla_camellifolia_IN130030078_516985.mp3
Psaltoda_plaga_IN146560778_584749.mp3,Psaltoda_plaga,Cicadidae,http://creativecommons.org/licenses/by-nc/4.0/,Christie,https://www.inaturalist.org/observations/146560778,https://static.inaturalist.org/sounds/584749.m4a?1673732676,,Psaltoda_plaga,Train,,0.140739,data\raw\pilot\Train\Psaltoda_plaga_IN146560778_584749.mp3
Roeseliana_roeselii_IN182789288_810358.mp3,Roeseliana_roeselii,Orthoptera,http://creativecommons.org/licenses/by-nc/4.0/,Karol Łanocha,https://www.inaturalist.org/observations/182789288,https://static.inaturalist.org/sounds/810358.m4a?1694429735,,Roeseliana_roeselii,Train,,0.316391,data\raw\pilot\Train\Roeseliana_roeselii_IN182789288_810358.mp3
Tettigonia_viridissima_XC851737.wav,Tettigonia_viridissima,Orthoptera,//creativecommons.org/licenses/by-sa/4.0/,Baudewijn Odé,https://xeno-canto.org/851737,https://xeno-canto.org/851737/download,Gryllus campestris,Tettigonia_viridissima,Train,,1.691938,data\raw\pilot\Train\Tettigonia_viridissima_XC851737.wav
Cicada_orni_IN180450193_801000.mp3,Cicada_orni,Cicadidae,http://creativecommons.org/licenses/by/4.0/,Joss Carr,https://www.inaturalist.org/observations/180450193,https://static.inaturalist.org/sounds/801000.m4a?1693148938,,Cicada_orni,Train,,0.074466,data\raw\pilot\Train\Cicada_orni_IN180450193_801000.mp3
Cicada_orni_IN51214765_113528.mp3,Cicada_orni,Cicadidae,http://creativecommons.org/licenses/by/4.0/,Duarte Frade,https://www.inaturalist.org/observations/51214765,https://static.inaturalist.org/sounds/113528.m4a?1593347004,,Cicada_orni,Train,,0.125523,data\raw\pilot\Train\Cicada_orni_IN51214765_113528.mp3
Pterophylla_camellifolia_IN141197019_559664.wav,Pterophylla_camellifolia,Orthoptera,http://creativecommons.org/licenses/by-nc/4.0/,hummellsea,https://www.inaturalist.org/observations/141197019,https://static.inaturalist.org/sounds/559664.wav?1667693228,,Pterophylla_camellifolia,Train,,1.011682,data\raw\pilot\Train\Pterophylla_camellifolia_IN141197019_559664.wav
Gryllus_campestris_IN120538812_463477.mp3,Gryllus_campestris,Orthoptera,http://creativecommons.org/licenses/by-nc/4.0/,p_stipticus,https://www.inaturalist.org/observations/120538812,https://static.inaturalist.org/sounds/463477.mp3?1654535281,,Gryllus_campestris,Train,,0.043618,data\raw\pilot\Train\Gryllus_campestris_IN120538812_463477.mp3
Oecanthus_pellucens_IN186595888_826643.mp3,Oecanthus_pellucens,Orthoptera,http://creativecommons.org/licenses/by-nc/4.0/,Stephan Pflume,https://www.inaturalist.org/observations/186595888,https://static.inaturalist.org/sounds/826643.m4a?1696710914,,Oecanthus_pellucens,Train,,0.150683,data\raw\pilot\Train\Oecanthus_pellucens_IN186595888_826643.mp3
Galanga_labeculata_IN36371936_51978.wav,Galanga_labeculata,Cicadidae,http://creativecommons.org/licenses/by-nc/4.0/,Christie,https://www.inaturalist.org/observations/36371936,https://static.inaturalist.org/sounds/51978.wav?1575668023,,Galanga_labeculata,Train,,0.158082,data\raw\pilot\Train\Galanga_labeculata_IN36371936_51978.wav
Gryllus_campestris_IN125448385_495046.mp3,Gryllus_campestris,Orthoptera,http://creativecommons.org/licenses/by-nc/4.0/,Stephan Pflume,https://www.inaturalist.org/observations/125448385,https://static.inaturalist.org/sounds/495046.m4a?1657380257,,Gryllus_campestris,Train,,0.28958,data\raw\pilot\Train\Gryllus_campestris_IN125448385_495046.mp3
Cicada_orni_IN175053950_778678.mp3,Cicada_orni,Cicadidae,http://creativecommons.org/licenses/by-nc/4.0/,Neel Prajapati,https://www.inaturalist.org/observations/175053950,https://static.inaturalist.org/sounds/778678.m4a?1690385326,,Cicada_orni,Train,,0.108169,data\raw\pilot\Train\Cicada_orni_IN175053950_778678.mp3
Tettigonia_viridissima_IN174927796_778131.wav,Tettigonia_viridissima,Orthoptera,http://creativecommons.org/licenses/by/4.0/,Aurélien Coste,https://www.inaturalist.org/observations/174927796,https://static.inaturalist.org/sounds/778131.wav?1690317437,,Tettigonia_viridissima,Train,,0.53309,data\raw\pilot\Train\Tettigonia_viridissima_IN174927796_778131.wav
Pterophylla_camellifolia_IN122105044_474135.mp3,Pterophylla_camellifolia,Orthoptera,http://creativecommons.org/licenses/by-nc/4.0/,J. Rockhold,https://www.inaturalist.org/observations/122105044,https://static.inaturalist.org/sounds/474135.m4a?1655430830,,Pterophylla_camellifolia,Train,,0.295615,data\raw\pilot\Train\Pterophylla_camellifolia_IN122105044_474135.mp3
Tettigonia_viridissima_IN229871300_1134792.mp3,Tettigonia_viridissima,Orthoptera,http://creativecommons.org/licenses/by-nc/4.0/,admss,https://www.inaturalist.org/observations/229871300,https://static.inaturalist.org/sounds/1134792.mp3?1721213458,,Tettigonia_viridissima,Train,,0.149617,data\raw\pilot\Train\Tettigonia_viridissima_IN229871300_1134792.mp3
Pterophylla_camellifolia_IN126752480_501802.mp3,Pterophylla_camellifolia,Orthoptera,http://creativecommons.org/licenses/by-nc/4.0/,kfig4,https://www.inaturalist.org/observations/126752480,https://static.inaturalist.org/sounds/501802.m4a?1658110243,,Pterophylla_camellifolia,Train,,0.253904,data\raw\pilot\Train\Pterophylla_camellifolia_IN126752480_501802.mp3
Pterophylla_camellifolia_IN89424834_285372.mp3,Pterophylla_camellifolia,Orthoptera,http://creativecommons.org/licenses/by-nc/4.0/,owennick,https://www.inaturalist.org/observations/89424834,https://static.inaturalist.org/sounds/285372.m4a?1627785544,,Pterophylla_camellifolia,Train,,0.135677,data\raw\pilot\Train\Pterophylla_camellifolia_IN89424834_285372.mp3
Tettigonia_viridissima_IN181980299_807301.mp3,Tettigonia_viridissima,Orthoptera,http://creativecommons.org/licenses/by-nc/4.0/,Sebastian Ćato,https://www.inaturalist.org/observations/181980299,https://static.inaturalist.org/sounds/807301.mp3?1693954945,,Tettigonia_viridissima,Train,,0.057232,data\raw\pilot\Train\Tettigonia_viridissima_IN181980299_807301.mp3
Roeseliana_roeselii_IN225583122_1111580.mp3,Roeseliana_roeselii,Orthoptera,http://creativecommons.org/publicdomain/zero/1.0/,Jacob Buchanan,https://www.inaturalist.org/observations/225583122,https://static.inaturalist.org/sounds/1111580.m4a?1719519320,,Roeseliana_roeselii,Train,,0.097958,data\raw\pilot\Train\Roeseliana_roeselii_IN225583122_1111580.mp3
Cicada_orni_IN170535688_757116.mp3,Cicada_orni,Cicadidae,http://creativecommons.org/licenses/by-nc/4.0/,mtfoliveira,https://www.inaturalist.org/observations/170535688,https://static.inaturalist.org/sounds/757116.m4a?1688249572,,Cicada_orni,Train,,0.171909,data\raw\pilot\Train\Cicada_orni_IN170535688_757116.mp3
Tettigonia_viridissima_IN51726236_115610.mp3,Tettigonia_viridissima,Orthoptera,http://creativecommons.org/licenses/by-nc/4.0/,Daniel Termenini,https://www.inaturalist.org/observations/51726236,https://static.inaturalist.org/sounds/115610.m4a?1593719451,,Tettigonia_viridissima,Train,,0.688778,data\raw\pilot\Train\Tettigonia_viridissima_IN51726236_115610.mp3
Yoyetta_celis_IN17923270_26867.wav,Yoyetta_celis,Cicadidae,http://creativecommons.org/licenses/by-nc/4.0/,Christie,https://www.inaturalist.org/observations/17923270,https://static.inaturalist.org/sounds/26867.wav?1540876707,,Yoyetta_celis,Train,,0.116951,data\raw\pilot\Train\Yoyetta_celis_IN17923270_26867.wav
Tettigonia_viridissima_IN228059249_1125527.mp3,Tettigonia_viridissima,Orthoptera,http://creativecommons.org/licenses/by-nc/4.0/,Stephan Pflume,https://www.inaturalist.org/observations/228059249,https://static.inaturalist.org/sounds/1125527.m4a?1720459204,,Tettigonia_viridissima,Train,,0.771149,data\raw\pilot\Train\Tettigonia_viridissima_IN228059249_1125527.mp3
Oecanthus_pellucens_IN180815159_802523.mp3,Oecanthus_pellucens,Orthoptera,http://creativecommons.org/licenses/by-nc/4.0/,Ryszard Orzechowski,https://www.inaturalist.org/observations/180815159,https://static.inaturalist.org/sounds/802523.mp3?1693337798,,Oecanthus_pellucens,Train,,0.056022,data\raw\pilot\Train\Oecanthus_pellucens_IN180815159_802523.mp3
Oecanthus_pellucens_IN188289292_834097.wav,Oecanthus_pellucens,Orthoptera,http://creativecommons.org/licenses/by-nc/4.0/,Benjamin Schmid,https://www.inaturalist.org/observations/188289292,https://static.inaturalist.org/sounds/834097.wav?1697828940,,Oecanthus_pellucens,Train,,0.116897,data\raw\pilot\Train\Oecanthus_pellucens_IN188289292_834097.wav
Galanga_labeculata_IN103389800_339133.mp3,Galanga_labeculata,Cicadidae,http://creativecommons.org/licenses/by-nc/4.0/,Joel Poyitt,https://www.inaturalist.org/observations/103389800,https://static.inaturalist.org/sounds/339133.m4a?1640043605,,Galanga_labeculata,Train,,0.180441,data\raw\pilot\Train\Galanga_labeculata_IN103389800_339133.mp3
Gryllus_campestris_IN115830140_428037.mp3,Gryllus_campestris,Orthoptera,http://creativecommons.org/licenses/by/4.0/,Dimitǎr Boevski,https://www.inaturalist.org/observations/115830140,https://static.inaturalist.org/sounds/428037.mp3?1651888003,,Gryllus_campestris,Train,,0.147119,data\raw\pilot\Train\Gryllus_campestris_IN115830140_428037.mp3
Yoyetta_celis_IN9492241_17284.wav,Yoyetta_celis,Cicadidae,http://creativecommons.org/licenses/by-nc/4.0/,Nathan Emery,https://www.inaturalist.org/observations/9492241,https://static.inaturalist.org/sounds/17284.wav?1516524503,,Yoyetta_celis,Train,,0.267556,data\raw\pilot\Train\Yoyetta_celis_IN9492241_17284.wav
Gryllus_campestris_IN112818659_404396.mp3,Gryllus_campestris,Orthoptera,http://creativecommons.org/licenses/by-nc/4.0/,adtll,https://www.inaturalist.org/observations/112818659,https://static.inaturalist.org/sounds/404396.m4a?1650883354,,Gryllus_campestris,Train,,0.180547,data\raw\pilot\Train\Gryllus_campestris_IN112818659_404396.mp3
Pterophylla_camellifolia_IN155684814_649526.mp3,Pterophylla_camellifolia,Orthoptera,http://creativecommons.org/licenses/by-nc/4.0/,rikabirdies,https://www.inaturalist.org/observations/155684814,https://static.inaturalist.org/sounds/649526.m4a?1681951442,,Pterophylla_camellifolia,Train,,0.175397,data\raw\pilot\Train\Pterophylla_camellifolia_IN155684814_649526.mp3
Galanga_labeculata_IN150035398_606765.mp3,Galanga_labeculata,Cicadidae,http://creativecommons.org/licenses/by-nc/4.0/,Joel Poyitt,https://www.inaturalist.org/observations/150035398,https://static.inaturalist.org/sounds/606765.m4a?1677732962,,Galanga_labeculata,Train,,0.341751,data\raw\pilot\Train\Galanga_labeculata_IN150035398_606765.mp3
Galanga_labeculata_IN139934779_554197.mp3,Galanga_labeculata,Cicadidae,http://creativecommons.org/licenses/by-nc/4.0/,Ben McBurney,https://www.inaturalist.org/observations/139934779,https://static.inaturalist.org/sounds/554197.mp3?1666669524,,Galanga_labeculata,Train,,0.095424,data\raw\pilot\Train\Galanga_labeculata_IN139934779_554197.mp3
Neotibicen_pruinosus_IN169869048_753561.mp3,Neotibicen_pruinosus,Cicadidae,http://creativecommons.org/licenses/by-nc/4.0/,FurYu_naturalist,https://www.inaturalist.org/observations/169869048,https://static.inaturalist.org/sounds/753561.mp3?1687912452,,Neotibicen_pruinosus,Train,,0.06112,data\raw\pilot\Train\Neotibicen_pruinosus_IN169869048_753561.mp3
Pterophylla_camellifolia_IN188440552_834799.mp3,Pterophylla_camellifolia,Orthoptera,http://creativecommons.org/licenses/by/4.0/,Claire Herzog,https://www.inaturalist.org/observations/188440552,https://static.inaturalist.org/sounds/834799.m4a?1697927694,,Pterophylla_camellifolia,Train,,0.600798,data\raw\pilot\Train\Pterophylla_camellifolia_IN188440552_834799.mp3
Gryllus_campestris_IN118815635_451839.mp3,Gryllus_campestris,Orthoptera,http://creativecommons.org/licenses/by/4.0/,E. A.,https://www.inaturalist.org/observations/118815635,https://static.inaturalist.org/sounds/451839.mp3?1653589252,,Gryllus_campestris,Train,,0.065391,data\raw\pilot\Train\Gryllus_campestris_IN118815635_451839.mp3
Psaltoda_plaga_IN39382486_59429.wav,Psaltoda_plaga,Cicadidae,http://creativecommons.org/licenses/by-nc/4.0/,Christie,https://www.inaturalist.org/observations/39382486,https://static.inaturalist.org/sounds/59429.wav?1583027776,,Psaltoda_plaga,Train,,0.268573,data\raw\pilot\Train\Psaltoda_plaga_IN39382486_59429.wav
Cicada_orni_IN53592159_122429.wav,Cicada_orni,Cicadidae,http://creativecommons.org/licenses/by-nc/4.0/,Paola Fallabrini,https://www.inaturalist.org/observations/53592159,https://static.inaturalist.org/sounds/122429.wav?1595164435,,Cicada_orni,Train,,0.694014,data\raw\pilot\Train\Cicada_orni_IN53592159_122429.wav
Aleeta_curvicosta_IN9677039_17490.mp3,Aleeta_curvicosta,Cicadidae,http://creativecommons.org/licenses/by-nc/4.0/,Carole Riley,https://www.inaturalist.org/observations/9677039,https://static.inaturalist.org/sounds/17490.m4a?1517371771,,Aleeta_curvicosta,Train,,0.508963,data\raw\pilot\Train\Aleeta_curvicosta_IN9677039_17490.mp3
Aleeta_curvicosta_IN196394300_874476.wav,Aleeta_curvicosta,Cicadidae,http://creativecommons.org/licenses/by-nc/4.0/,Christie,https://www.inaturalist.org/observations/196394300,https://static.inaturalist.org/sounds/874476.wav?1705025275,,Aleeta_curvicosta,Train,,1.374083,data\raw\pilot\Train\Aleeta_curvicosta_IN196394300_874476.wav
Pterophylla_camellifolia_IN183449871_813220.mp3,Pterophylla_camellifolia,Orthoptera,http://creativecommons.org/licenses/by-nc/4.0/,Cody Porter,https://www.inaturalist.org/observations/183449871,https://static.inaturalist.org/sounds/813220.m4a?1694831917,,Pterophylla_camellifolia,Train,,0.145201,data\raw\pilot\Train\Pterophylla_camellifolia_IN183449871_813220.mp3
Oecanthus_pellucens_IN130670620_519904.mp3,Oecanthus_pellucens,Orthoptera,http://creativecommons.org/licenses/by-nc/4.0/,hodnisek,https://www.inaturalist.org/observations/130670620,https://static.inaturalist.org/sounds/519904.m4a?1660418246,,Oecanthus_pellucens,Train,,0.282054,data\raw\pilot\Train\Oecanthus_pellucens_IN130670620_519904.mp3
Yoyetta_celis_IN145243456_577549.mp3,Yoyetta_celis,Cicadidae,http://creativecommons.org/licenses/by-nc/4.0/,bpscicada,https://www.inaturalist.org/observations/145243456,https://static.inaturalist.org/sounds/577549.m4a?1672209686,,Yoyetta_celis,Train,,0.139735,data\raw\pilot\Train\Yoyetta_celis_IN145243456_577549.mp3
Cicada_orni_IN180606729_801735.mp3,Cicada_orni,Cicadidae,http://creativecommons.org/licenses/by-nc/4.0/,Vera L. Nunes,https://www.inaturalist.org/observations/180606729,https://static.inaturalist.org/sounds/801735.mp3?1693226182,,Cicada_orni,Train,,0.067136,data\raw\pilot\Train\Cicada_orni_IN180606729_801735.mp3
Yoyetta_celis_IN66504254_153551.wav,Yoyetta_celis,Cicadidae,http://creativecommons.org/licenses/by-nc/4.0/,Christie,https://www.inaturalist.org/observations/66504254,https://static.inaturalist.org/sounds/153551.wav?1607836181,,Yoyetta_celis,Train,,0.348063,data\raw\pilot\Train\Yoyetta_celis_IN66504254_153551.wav
Roeseliana_roeselii_IN177078213_787231.mp3,Roeseliana_roeselii,Orthoptera,http://creativecommons.org/licenses/by/4.0/,Sean Hartnett,https://www.inaturalist.org/observations/177078213,https://static.inaturalist.org/sounds/787231.m4a?1691366114,,Roeseliana_roeselii,Train,,0.111763,data\raw\pilot\Train\Roeseliana_roeselii_IN177078213_787231.mp3
Tettigonia_viridissima_IN172906454_769034.mp3,Tettigonia_viridissima,Orthoptera,http://creativecommons.org/licenses/by-nc/4.0/,Sylvain Eichhorn,https://www.inaturalist.org/observations/172906454,https://static.inaturalist.org/sounds/769034.m4a?1689368302,,Tettigonia_viridissima,Train,,0.224357,data\raw\pilot\Train\Tettigonia_viridissima_IN172906454_769034.mp3
Neotibicen_pruinosus_IN224466479_1104985.mp3,Neotibicen_pruinosus,Cicadidae,http://creativecommons.org/licenses/by-nc/4.0/,the_kateatx,https://www.inaturalist.org/observations/224466479,https://static.inaturalist.org/sounds/1104985.m4a?1719084489,,Neotibicen_pruinosus,Train,,0.167646,data\raw\pilot\Train\Neotibicen_pruinosus_IN224466479_1104985.mp3
Gryllus_campestris_IN110174959_383407.mp3,Gryllus_campestris,Orthoptera,http://creativecommons.org/licenses/by-nc/4.0/,florian_m_steiner,https://www.inaturalist.org/observations/110174959,https://static.inaturalist.org/sounds/383407.m4a?1648907996,,Gryllus_campestris,Train,,0.381589,data\raw\pilot\Train\Gryllus_campestris_IN110174959_383407.mp3
Cicada_orni_IN183142657_811852.mp3,Cicada_orni,Cicadidae,http://creativecommons.org/licenses/by-nc/4.0/,Daniel Raposo,https://www.inaturalist.org/observations/183142657,https://static.inaturalist.org/sounds/811852.mp3?1694644031,,Cicada_orni,Train,,0.256576,data\raw\pilot\Train\Cicada_orni_IN183142657_811852.mp3
Pterophylla_camellifolia_IN88585105_282048.wav,Pterophylla_camellifolia,Orthoptera,http://creativecommons.org/publicdomain/zero/1.0/,Craig Martin,https://www.inaturalist.org/observations/88585105,https://static.inaturalist.org/sounds/282048.wav?1627239359,,Pterophylla_camellifolia,Train,,1.143825,data\raw\pilot\Train\Pterophylla_camellifolia_IN88585105_282048.wav
Yoyetta_celis_IN34940007_49327.wav,Yoyetta_celis,Cicadidae,http://creativecommons.org/licenses/by-nc/4.0/,Christie,https://www.inaturalist.org/observations/34940007,https://static.inaturalist.org/sounds/49327.wav?1572142006,,Yoyetta_celis,Train,,0.484506,data\raw\pilot\Train\Yoyetta_celis_IN34940007_49327.wav
Galanga_labeculata_IN36610956_52648.mp3,Galanga_labeculata,Cicadidae,http://creativecommons.org/licenses/by-nc/4.0/,Joel Poyitt,https://www.inaturalist.org/observations/36610956,https://static.inaturalist.org/sounds/52648.m4a?1576223314,,Galanga_labeculata,Train,,0.23028,data\raw\pilot\Train\Galanga_labeculata_IN36610956_52648.mp3
Cicada_orni_IN124751401_490729.mp3,Cicada_orni,Cicadidae,http://creativecommons.org/licenses/by-nc/4.0/,raedwulf68,https://www.inaturalist.org/observations/124751401,https://static.inaturalist.org/sounds/490729.mp3?1656954971,,Cicada_orni,Train,,1.004404,data\raw\pilot\Train\Cicada_orni_IN124751401_490729.mp3
Gryllus_campestris_IN210211062_990781.mp3,Gryllus_campestris,Orthoptera,http://creativecommons.org/licenses/by-nc/4.0/,mtfoliveira,https://www.inaturalist.org/observations/210211062,https://static.inaturalist.org/sounds/990781.m4a?1714231694,,Gryllus_campestris,Train,,0.307237,data\raw\pilot\Train\Gryllus_campestris_IN210211062_990781.mp3
Aleeta_curvicosta_IN149005300_599358.mp3,Aleeta_curvicosta,Cicadidae,http://creativecommons.org/licenses/by-nc/4.0/,Colin Trainor,https://www.inaturalist.org/observations/149005300,https://static.inaturalist.org/sounds/599358.m4a?1676682163,,Aleeta_curvicosta,Train,,0.727642,data\raw\pilot\Train\Aleeta_curvicosta_IN149005300_599358.mp3
Tettigonia_viridissima_IN55963875_128952.wav,Tettigonia_viridissima,Orthoptera,http://creativecommons.org/licenses/by-nc/4.0/,felixf,https://www.inaturalist.org/observations/55963875,https://static.inaturalist.org/sounds/128952.wav?1597009622,,Tettigonia_viridissima,Train,,0.358739,data\raw\pilot\Train\Tettigonia_viridissima_IN55963875_128952.wav
Pterophylla_camellifolia_IN90233485_288551.wav,Pterophylla_camellifolia,Orthoptera,http://creativecommons.org/licenses/by-nc/4.0/,glennaf,https://www.inaturalist.org/observations/90233485,https://static.inaturalist.org/sounds/288551.wav?1628320213,,Pterophylla_camellifolia,Train,,1.096074,data\raw\pilot\Train\Pterophylla_camellifolia_IN90233485_288551.wav
Aleeta_curvicosta_IN36429534_52110.wav,Aleeta_curvicosta,Cicadidae,http://creativecommons.org/licenses/by-nc/4.0/,Christie,https://www.inaturalist.org/observations/36429534,https://static.inaturalist.org/sounds/52110.wav?1575756196,,Aleeta_curvicosta,Train,,0.847697,data\raw\pilot\Train\Aleeta_curvicosta_IN36429534_52110.wav
Chorthippus_biguttulus_IN187774073_831647.mp3,Chorthippus_biguttulus,Orthoptera,http://creativecommons.org/licenses/by/4.0/,E. A.,https://www.inaturalist.org/observations/187774073,https://static.inaturalist.org/sounds/831647.m4a?1697461882,,Chorthippus_biguttulus,Train,,0.307925,data\raw\pilot\Train\Chorthippus_biguttulus_IN187774073_831647.mp3
Psaltoda_plaga_IN37575239_54831.mp3,Psaltoda_plaga,Cicadidae,http://creativecommons.org/licenses/by/4.0/,Thomas Mesaglio,https://www.inaturalist.org/observations/37575239,https://static.inaturalist.org/sounds/54831.m4a?1578967631,,Psaltoda_plaga,Train,,0.128231,data\raw\pilot\Train\Psaltoda_plaga_IN37575239_54831.mp3
Yoyetta_celis_IN60916009_138852.wav,Yoyetta_celis,Cicadidae,http://creativecommons.org/licenses/by-nc/4.0/,Christie,https://www.inaturalist.org/observations/60916009,https://static.inaturalist.org/sounds/138852.wav?1601195609,,Yoyetta_celis,Train,,0.168235,data\raw\pilot\Train\Yoyetta_celis_IN60916009_138852.wav
Oecanthus_pellucens_IN178063610_791321.mp3,Oecanthus_pellucens,Orthoptera,http://creativecommons.org/licenses/by-nc/4.0/,Stephan Pflume,https://www.inaturalist.org/observations/178063610,https://static.inaturalist.org/sounds/791321.m4a?1691874718,,Oecanthus_pellucens,Train,,0.293711,data\raw\pilot\Train\Oecanthus_pellucens_IN178063610_791321.mp3
Cicada_orni_IN86178974_270693.mp3,Cicada_orni,Cicadidae,http://creativecommons.org/licenses/by-nc-sa/4.0/,M Ferreira,https://www.inaturalist.org/observations/86178974,https://static.inaturalist.org/sounds/270693.m4a?1625763402,,Cicada_orni,Train,,0.37914,data\raw\pilot\Train\Cicada_orni_IN86178974_270693.mp3
Oecanthus_pellucens_IN132119644_525889.mp3,Oecanthus_pellucens,Orthoptera,http://creativecommons.org/licenses/by-nc/4.0/,gernotkunz,https://www.inaturalist.org/observations/132119644,https://static.inaturalist.org/sounds/525889.m4a?1661335849,,Oecanthus_pellucens,Train,,0.206278,data\raw\pilot\Train\Oecanthus_pellucens_IN132119644_525889.mp3
Cicada_orni_IN86710434_273330.mp3,Cicada_orni,Cicadidae,http://creativecommons.org/licenses/by-nc/4.0/,Alfredo Falcão,https://www.inaturalist.org/observations/86710434,https://static.inaturalist.org/sounds/273330.m4a?1626097228,,Cicada_orni,Train,,0.255816,data\raw\pilot\Train\Cicada_orni_IN86710434_273330.mp3
Gryllus_campestris_IN79495466_227060.mp3,Gryllus_campestris,Orthoptera,http://creativecommons.org/licenses/by-nc/4.0/,roby,https://www.inaturalist.org/observations/79495466,https://static.inaturalist.org/sounds/227060.m4a?1621497051,,Gryllus_campestris,Train,,0.093671,data\raw\pilot\Train\Gryllus_campestris_IN79495466_227060.mp3
Yoyetta_celis_IN183430361_813148.wav,Yoyetta_celis,Cicadidae,http://creativecommons.org/licenses/by-nc/4.0/,Christie,https://www.inaturalist.org/observations/183430361,https://static.inaturalist.org/sounds/813148.wav?1694821931,,Yoyetta_celis,Train,,0.120174,data\raw\pilot\Train\Yoyetta_celis_IN183430361_813148.wav
Pterophylla_camellifolia_IN50734345_111218.mp3,Pterophylla_camellifolia,Orthoptera,http://creativecommons.org/licenses/by-nc/4.0/,jtesson,https://www.inaturalist.org/observations/50734345,https://static.inaturalist.org/sounds/111218.m4a?1592964624,,Pterophylla_camellifolia,Train,,0.138378,data\raw\pilot\Train\Pterophylla_camellifolia_IN50734345_111218.mp3
Galanga_labeculata_IN20383654_31272.mp3,Galanga_labeculata,Cicadidae,http://creativecommons.org/licenses/by-nc/4.0/,Joel Poyitt,https://www.inaturalist.org/observations/20383654,https://static.inaturalist.org/sounds/31272.m4a?1648749493,,Galanga_labeculata,Train,,0.060395,data\raw\pilot\Train\Galanga_labeculata_IN20383654_31272.mp3
Oecanthus_pellucens_IN170073770_754706.mp3,Oecanthus_pellucens,Orthoptera,http://creativecommons.org/licenses/by-nc/4.0/,usupatu,https://www.inaturalist.org/observations/170073770,https://static.inaturalist.org/sounds/754706.m4a?1688021697,,Oecanthus_pellucens,Train,,0.225528,data\raw\pilot\Train\Oecanthus_pellucens_IN170073770_754706.mp3
Galanga_labeculata_IN36772829_53032.mp3,Galanga_labeculata,Cicadidae,http://creativecommons.org/licenses/by-nc/4.0/,Joel Poyitt,https://www.inaturalist.org/observations/36772829,https://static.inaturalist.org/sounds/53032.m4a?1576746404,,Galanga_labeculata,Train,,0.440514,data\raw\pilot\Train\Galanga_labeculata_IN36772829_53032.mp3
Pterophylla_camellifolia_IN132350793_526717.wav,Pterophylla_camellifolia,Orthoptera,http://creativecommons.org/licenses/by-nc/4.0/,juliakmil,https://www.inaturalist.org/observations/132350793,https://static.inaturalist.org/sounds/526717.wav?1661475089,,Pterophylla_camellifolia,Train,,0.603734,data\raw\pilot\Train\Pterophylla_camellifolia_IN132350793_526717.wav
Roeseliana_roeselii_IN181878579_806923.mp3,Roeseliana_roeselii,Orthoptera,http://creativecommons.org/licenses/by-nc/4.0/,Karol Łanocha,https://www.inaturalist.org/observations/181878579,https://static.inaturalist.org/sounds/806923.m4a?1693902138,,Roeseliana_roeselii,Train,,0.529473,data\raw\pilot\Train\Roeseliana_roeselii_IN181878579_806923.mp3
Pterophylla_camellifolia_IN129370527_514101.wav,Pterophylla_camellifolia,Orthoptera,http://creativecommons.org/licenses/by-nc/4.0/,carolinethegeek,https://www.inaturalist.org/observations/129370527,https://static.inaturalist.org/sounds/514101.wav?1659584427,,Pterophylla_camellifolia,Train,,1.004901,data\raw\pilot\Train\Pterophylla_camellifolia_IN129370527_514101.wav
Pterophylla_camellifolia_IN130726460_520168.mp3,Pterophylla_camellifolia,Orthoptera,http://creativecommons.org/licenses/by-nc/4.0/,Kevin Ackerman,https://www.inaturalist.org/observations/130726460,https://static.inaturalist.org/sounds/520168.m4a?1660445435,,Pterophylla_camellifolia,Train,,0.106865,data\raw\pilot\Train\Pterophylla_camellifolia_IN130726460_520168.mp3
Galanga_labeculata_IN67994393_158343.wav,Galanga_labeculata,Cicadidae,http://creativecommons.org/licenses/by-nc/4.0/,Joel Poyitt,https://www.inaturalist.org/observations/67994393,https://static.inaturalist.org/sounds/158343.wav?1610523167,,Galanga_labeculata,Train,,0.955402,data\raw\pilot\Train\Galanga_labeculata_IN67994393_158343.wav
Gryllus_campestris_IN129294386_513540.mp3,Gryllus_campestris,Orthoptera,http://creativecommons.org/licenses/by/4.0/,E. A.,https://www.inaturalist.org/observations/129294386,https://static.inaturalist.org/sounds/513540.mp3?1659544004,,Gryllus_campestris,Train,,0.036532,data\raw\pilot\Train\Gryllus_campestris_IN129294386_513540.mp3
Psaltoda_plaga_IN144272647_572471.mp3,Psaltoda_plaga,Cicadidae,http://creativecommons.org/licenses/by-nc/4.0/,penguingough,https://www.inaturalist.org/observations/144272647,https://static.inaturalist.org/sounds/572471.m4a?1670901717,,Psaltoda_plaga,Train,,0.287758,data\raw\pilot\Train\Psaltoda_plaga_IN144272647_572471.mp3
Gryllus_campestris_IN82316397_249276.mp3,Gryllus_campestris,Orthoptera,http://creativecommons.org/licenses/by-nc/4.0/,johannawiester,https://www.inaturalist.org/observations/82316397,https://static.inaturalist.org/sounds/249276.m4a?1623259661,,Gryllus_campestris,Train,,0.194073,data\raw\pilot\Train\Gryllus_campestris_IN82316397_249276.mp3
Yoyetta_celis_IN64009184_146469.wav,Yoyetta_celis,Cicadidae,http://creativecommons.org/licenses/by-nc/4.0/,Christie,https://www.inaturalist.org/observations/64009184,https://static.inaturalist.org/sounds/146469.wav?1604281879,,Yoyetta_celis,Train,,0.294546,data\raw\pilot\Train\Yoyetta_celis_IN64009184_146469.wav
Neotibicen_pruinosus_IN41171951_41243.mp3,Neotibicen_pruinosus,Cicadidae,http://creativecommons.org/licenses/by-nc/4.0/,Marc L.,https://www.inaturalist.org/observations/41171951,https://static.inaturalist.org/sounds/41243.mp3?1560537776,,Neotibicen_pruinosus,Train,,0.071424,data\raw\pilot\Train\Neotibicen_pruinosus_IN41171951_41243.mp3
Psaltoda_plaga_IN20215947_31041.wav,Psaltoda_plaga,Cicadidae,http://creativecommons.org/licenses/by-nc/4.0/,Christie,https://www.inaturalist.org/observations/20215947,https://static.inaturalist.org/sounds/31041.wav?1549696287,,Psaltoda_plaga,Train,,0.480258,data\raw\pilot\Train\Psaltoda_plaga_IN20215947_31041.wav
Psaltoda_plaga_IN104902088_346225.mp3,Psaltoda_plaga,Cicadidae,http://creativecommons.org/licenses/by-nc/4.0/,bpscicada,https://www.inaturalist.org/observations/104902088,https://static.inaturalist.org/sounds/346225.mp3?1642135453,,Psaltoda_plaga,Train,,0.160062,data\raw\pilot\Train\Psaltoda_plaga_IN104902088_346225.mp3
Roeseliana_roeselii_IN182933597_811008.mp3,Roeseliana_roeselii,Orthoptera,http://creativecommons.org/licenses/by-nc/4.0/,Karol Łanocha,https://www.inaturalist.org/observations/182933597,https://static.inaturalist.org/sounds/811008.m4a?1694521038,,Roeseliana_roeselii,Train,,0.18809,data\raw\pilot\Train\Roeseliana_roeselii_IN182933597_811008.mp3
Aleeta_curvicosta_IN19685144_30273.wav,Aleeta_curvicosta,Cicadidae,http://creativecommons.org/licenses/by-nc/4.0/,Christie,https://www.inaturalist.org/observations/19685144,https://static.inaturalist.org/sounds/30273.wav?1547691309,,Aleeta_curvicosta,Train,,0.561894,data\raw\pilot\Train\Aleeta_curvicosta_IN19685144_30273.wav
Galanga_labeculata_IN18874947_28063.wav,Galanga_labeculata,Cicadidae,http://creativecommons.org/licenses/by-nc/4.0/,Christie,https://www.inaturalist.org/observations/18874947,https://static.inaturalist.org/sounds/28063.wav?1544170834,,Galanga_labeculata,Train,,0.156867,data\raw\pilot\Train\Galanga_labeculata_IN18874947_28063.wav
Oecanthus_pellucens_IN229783679_1134354.wav,Oecanthus_pellucens,Orthoptera,http://creativecommons.org/licenses/by-nc/4.0/,Benjamin Schmid,https://www.inaturalist.org/observations/229783679,https://static.inaturalist.org/sounds/1134354.wav?1721165994,,Oecanthus_pellucens,Train,,0.789398,data\raw\pilot\Train\Oecanthus_pellucens_IN229783679_1134354.wav
Galanga_labeculata_IN101813389_332008.wav,Galanga_labeculata,Cicadidae,http://creativecommons.org/licenses/by-nc/4.0/,Christie,https://www.inaturalist.org/observations/101813389,https://static.inaturalist.org/sounds/332008.wav?1637737474,,Galanga_labeculata,Train,,0.432069,data\raw\pilot\Train\Galanga_labeculata_IN101813389_332008.wav
Chorthippus_biguttulus_IN137950965_546506.mp3,Chorthippus_biguttulus,Orthoptera,http://creativecommons.org/licenses/by/4.0/,Johan Kjær Prehn,https://www.inaturalist.org/observations/137950965,https://static.inaturalist.org/sounds/546506.mp3?1665216910,,Chorthippus_biguttulus,Train,,0.02375,data\raw\pilot\Train\Chorthippus_biguttulus_IN137950965_546506.mp3
Pterophylla_camellifolia_IN137596313_545093.mp3,Pterophylla_camellifolia,Orthoptera,http://creativecommons.org/licenses/by-nc/4.0/,Jeff Steele,https://www.inaturalist.org/observations/137596313,https://static.inaturalist.org/sounds/545093.m4a?1664938208,,Pterophylla_camellifolia,Train,,0.138706,data\raw\pilot\Train\Pterophylla_camellifolia_IN137596313_545093.mp3
Aleeta_curvicosta_IN148641199_596796.mp3,Aleeta_curvicosta,Cicadidae,http://creativecommons.org/licenses/by-nc/4.0/,Colin Trainor,https://www.inaturalist.org/observations/148641199,https://static.inaturalist.org/sounds/596796.m4a?1676239190,,Aleeta_curvicosta,Train,,0.428632,data\raw\pilot\Train\Aleeta_curvicosta_IN148641199_596796.mp3
Pterophylla_camellifolia_IN135606577_537949.mp3,Pterophylla_camellifolia,Orthoptera,http://creativecommons.org/licenses/by/4.0/,Scott Harris,https://www.inaturalist.org/observations/135606577,https://static.inaturalist.org/sounds/537949.m4a?1663548804,,Pterophylla_camellifolia,Train,,0.0337,data\raw\pilot\Train\Pterophylla_camellifolia_IN135606577_537949.mp3
Yoyetta_celis_IN65248373_149688.wav,Yoyetta_celis,Cicadidae,http://creativecommons.org/licenses/by-nc/4.0/,Christie,https://www.inaturalist.org/observations/65248373,https://static.inaturalist.org/sounds/149688.wav?1605833635,,Yoyetta_celis,Train,,0.144507,data\raw\pilot\Train\Yoyetta_celis_IN65248373_149688.wav
Roeseliana_roeselii_IN177168692_787585.mp3,Roeseliana_roeselii,Orthoptera,http://creativecommons.org/licenses/by-nc/4.0/,duncan268,https://www.inaturalist.org/observations/177168692,https://static.inaturalist.org/sounds/787585.m4a?1691417876,,Roeseliana_roeselii,Train,,0.170365,data\raw\pilot\Train\Roeseliana_roeselii_IN177168692_787585.mp3
Aleeta_curvicosta_IN193784088_859201.mp3,Aleeta_curvicosta,Cicadidae,http://creativecommons.org/licenses/by/4.0/,Thomas Mesaglio,https://www.inaturalist.org/observations/193784088,https://static.inaturalist.org/sounds/859201.m4a?1702368035,,Aleeta_curvicosta,Train,,0.730604,data\raw\pilot\Train\Aleeta_curvicosta_IN193784088_859201.mp3
Tettigonia_viridissima_IN209708409_986244.mp3,Tettigonia_viridissima,Orthoptera,http://creativecommons.org/licenses/by-nc/4.0/,gabyla,https://www.inaturalist.org/observations/209708409,https://static.inaturalist.org/sounds/986244.m4a?1714156474,,Tettigonia_viridissima,Train,,0.131263,data\raw\pilot\Train\Tettigonia_viridissima_IN209708409_986244.mp3
Cicada_orni_IN52787547_119947.mp3,Cicada_orni,Cicadidae,http://creativecommons.org/licenses/by-nc/4.0/,patriciatiago,https://www.inaturalist.org/observations/52787547,https://static.inaturalist.org/sounds/119947.m4a?1594554267,,Cicada_orni,Train,,0.089579,data\raw\pilot\Train\Cicada_orni_IN52787547_119947.mp3
Yoyetta_celis_IN41868850_68989.wav,Yoyetta_celis,Cicadidae,http://creativecommons.org/licenses/by-nc/4.0/,Christie,https://www.inaturalist.org/observations/41868850,https://static.inaturalist.org/sounds/68989.wav?1586563706,,Yoyetta_celis,Train,,0.156029,data\raw\pilot\Train\Yoyetta_celis_IN41868850_68989.wav
Pterophylla_camellifolia_IN226376232_1116283.mp3,Pterophylla_camellifolia,Orthoptera,http://creativecommons.org/licenses/by-nc/4.0/,cloakedmarvel,https://www.inaturalist.org/observations/226376232,https://static.inaturalist.org/sounds/1116283.m4a?1719813573,,Pterophylla_camellifolia,Train,,0.454722,data\raw\pilot\Train\Pterophylla_camellifolia_IN226376232_1116283.mp3
Tettigonia_viridissima_IN57491876_132459.mp3,Tettigonia_viridissima,Orthoptera,http://creativecommons.org/licenses/by-nc/4.0/,laauraaaant,https://www.inaturalist.org/observations/57491876,https://static.inaturalist.org/sounds/132459.mp3?1598310167,,Tettigonia_viridissima,Train,,0.130995,data\raw\pilot\Train\Tettigonia_viridissima_IN57491876_132459.mp3
Cicada_orni_IN53193395_121142.mp3,Cicada_orni,Cicadidae,http://creativecommons.org/licenses/by-nc/4.0/,Miguel,https://www.inaturalist.org/observations/53193395,https://static.inaturalist.org/sounds/121142.m4a?1594846187,,Cicada_orni,Train,,0.350585,data\raw\pilot\Train\Cicada_orni_IN53193395_121142.mp3
Pterophylla_camellifolia_IN179620298_797535.mp3,Pterophylla_camellifolia,Orthoptera,http://creativecommons.org/licenses/by-nc/4.0/,paton5,https://www.inaturalist.org/observations/179620298,https://static.inaturalist.org/sounds/797535.m4a?1692669408,,Pterophylla_camellifolia,Train,,1.412364,data\raw\pilot\Train\Pterophylla_camellifolia_IN179620298_797535.mp3
Psaltoda_plaga_IN145305573_577941.mp3,Psaltoda_plaga,Cicadidae,http://creativecommons.org/licenses/by-nc/4.0/,Colin Trainor,https://www.inaturalist.org/observations/145305573,https://static.inaturalist.org/sounds/577941.m4a?1672279002,,Psaltoda_plaga,Train,,0.769785,data\raw\pilot\Train\Psaltoda_plaga_IN145305573_577941.mp3
Pterophylla_camellifolia_IN85050973_264880.mp3,Pterophylla_camellifolia,Orthoptera,http://creativecommons.org/licenses/by-nc/4.0/,Ellen Swartz Reeder,https://www.inaturalist.org/observations/85050973,https://static.inaturalist.org/sounds/264880.m4a?1625022200,,Pterophylla_camellifolia,Train,,0.144718,data\raw\pilot\Train\Pterophylla_camellifolia_IN85050973_264880.mp3
Neotibicen_pruinosus_IN90446611_289196.mp3,Neotibicen_pruinosus,Cicadidae,http://creativecommons.org/licenses/by-nc/4.0/,Jessee J. Smith,https://www.inaturalist.org/observations/90446611,https://static.inaturalist.org/sounds/289196.m4a?1628454499,,Neotibicen_pruinosus,Train,,0.348864,data\raw\pilot\Train\Neotibicen_pruinosus_IN90446611_289196.mp3
Cicada_orni_IN225751412_1112598.mp3,Cicada_orni,Cicadidae,http://creativecommons.org/licenses/by-nc/4.0/,Manuel Raab,https://www.inaturalist.org/observations/225751412,https://static.inaturalist.org/sounds/1112598.m4a?1719594904,,Cicada_orni,Train,,0.152376,data\raw\pilot\Train\Cicada_orni_IN225751412_1112598.mp3
Neotibicen_pruinosus_IN96957789_312179.mp3,Neotibicen_pruinosus,Cicadidae,http://creativecommons.org/licenses/by-nc/4.0/,Nicholas Cowey,https://www.inaturalist.org/observations/96957789,https://static.inaturalist.org/sounds/312179.mp3?1633217191,,Neotibicen_pruinosus,Train,,0.149913,data\raw\pilot\Train\Neotibicen_pruinosus_IN96957789_312179.mp3
Pterophylla_camellifolia_IN137357610_544364.mp3,Pterophylla_camellifolia,Orthoptera,http://creativecommons.org/licenses/by-nc/4.0/,Chelsea Clifford,https://www.inaturalist.org/observations/137357610,https://static.inaturalist.org/sounds/544364.m4a?1664756961,,Pterophylla_camellifolia,Train,,0.059288,data\raw\pilot\Train\Pterophylla_camellifolia_IN137357610_544364.mp3
Pterophylla_camellifolia_IN183593326_813815.mp3,Pterophylla_camellifolia,Orthoptera,http://creativecommons.org/licenses/by-nc/4.0/,mossils,https://www.inaturalist.org/observations/183593326,https://static.inaturalist.org/sounds/813815.m4a?1694909821,,Pterophylla_camellifolia,Train,,0.50506,data\raw\pilot\Train\Pterophylla_camellifolia_IN183593326_813815.mp3
Pterophylla_camellifolia_IN136648678_541720.mp3,Pterophylla_camellifolia,Orthoptera,http://creativecommons.org/licenses/by-nc/4.0/,Cody Porter,https://www.inaturalist.org/observations/136648678,https://static.inaturalist.org/sounds/541720.m4a?1664245721,,Pterophylla_camellifolia,Train,,0.228594,data\raw\pilot\Train\Pterophylla_camellifolia_IN136648678_541720.mp3
Aleeta_curvicosta_IN19580258_29143.wav,Aleeta_curvicosta,Cicadidae,http://creativecommons.org/licenses/by-nc/4.0/,Christie,https://www.inaturalist.org/observations/19580258,https://static.inaturalist.org/sounds/29143.wav?1547255148,,Aleeta_curvicosta,Train,,0.50897,data\raw\pilot\Train\Aleeta_curvicosta_IN19580258_29143.wav
Yoyetta_celis_IN147724987_590883.wav,Yoyetta_celis,Cicadidae,http://creativecommons.org/licenses/by-nc/4.0/,Christie,https://www.inaturalist.org/observations/147724987,https://static.inaturalist.org/sounds/590883.wav?1675116694,,Yoyetta_celis,Train,,0.111312,data\raw\pilot\Train\Yoyetta_celis_IN147724987_590883.wav
Aleeta_curvicosta_IN20383657_31273.mp3,Aleeta_curvicosta,Cicadidae,http://creativecommons.org/licenses/by-nc/4.0/,Joel Poyitt,https://www.inaturalist.org/observations/20383657,https://static.inaturalist.org/sounds/31273.m4a?1648749496,,Aleeta_curvicosta,Train,,0.255486,data\raw\pilot\Train\Aleeta_curvicosta_IN20383657_31273.mp3
Chorthippus_biguttulus_IN182314219_808601.mp3,Chorthippus_biguttulus,Orthoptera,http://creativecommons.org/licenses/by-nc/4.0/,Simon Kuchta,https://www.inaturalist.org/observations/182314219,https://static.inaturalist.org/sounds/808601.mp3?1694178936,,Chorthippus_biguttulus,Train,,0.173139,data\raw\pilot\Train\Chorthippus_biguttulus_IN182314219_808601.mp3
Pterophylla_camellifolia_IN90617116_289747.mp3,Pterophylla_camellifolia,Orthoptera,http://creativecommons.org/licenses/by-nc/4.0/,Kyle Aldinger,https://www.inaturalist.org/observations/90617116,https://static.inaturalist.org/sounds/289747.m4a?1628564950,,Pterophylla_camellifolia,Train,,0.182224,data\raw\pilot\Train\Pterophylla_camellifolia_IN90617116_289747.mp3
Psaltoda_plaga_IN10297376_18483.mp3,Psaltoda_plaga,Cicadidae,http://creativecommons.org/licenses/by-nc/4.0/,Joel Poyitt,https://www.inaturalist.org/observations/10297376,https://static.inaturalist.org/sounds/18483.m4a?1521407914,,Psaltoda_plaga,Train,,0.151835,data\raw\pilot\Train\Psaltoda_plaga_IN10297376_18483.mp3
Tettigonia_viridissima_XC493776.mp3,Tettigonia_viridissima,Orthoptera,//creativecommons.org/licenses/by-nc-sa/4.0/,Luca Baghino,https://xeno-canto.org/493776,https://xeno-canto.org/493776/download,,Tettigonia_viridissima,Train,,0.44376,data\raw\pilot\Train\Tettigonia_viridissima_XC493776.mp3
Cicada_orni_IN52247506_117889.mp3,Cicada_orni,Cicadidae,http://creativecommons.org/licenses/by-nc/4.0/,carla_rego,https://www.inaturalist.org/observations/52247506,https://static.inaturalist.org/sounds/117889.m4a?1594123238,,Cicada_orni,Train,,0.368951,data\raw\pilot\Train\Cicada_orni_IN52247506_117889.mp3
Oecanthus_pellucens_IN57282383_132023.mp3,Oecanthus_pellucens,Orthoptera,http://creativecommons.org/licenses/by-nc/4.0/,Octávio Mateus,https://www.inaturalist.org/observations/57282383,https://static.inaturalist.org/sounds/132023.m4a?1598141939,,Oecanthus_pellucens,Train,,0.312985,data\raw\pilot\Train\Oecanthus_pellucens_IN57282383_132023.mp3
Psaltoda_plaga_IN73364993_184213.mp3,Psaltoda_plaga,Cicadidae,http://creativecommons.org/licenses/by-nc/4.0/,bpscicada,https://www.inaturalist.org/observations/73364993,https://static.inaturalist.org/sounds/184213.m4a?1617941640,,Psaltoda_plaga,Train,,0.102046,data\raw\pilot\Train\Psaltoda_plaga_IN73364993_184213.mp3
Tettigonia_viridissima_IN128498638_509901.wav,Tettigonia_viridissima,Orthoptera,http://creativecommons.org/licenses/by-nc/4.0/,maximion,https://www.inaturalist.org/observations/128498638,https://static.inaturalist.org/sounds/509901.wav?1659123956,,Tettigonia_viridissima,Train,,0.45825,data\raw\pilot\Train\Tettigonia_viridissima_IN128498638_509901.wav
Yoyetta_celis_IN33463940_47630.wav,Yoyetta_celis,Cicadidae,http://creativecommons.org/licenses/by-nc/4.0/,Christie,https://www.inaturalist.org/observations/33463940,https://static.inaturalist.org/sounds/47630.wav?1569552145,,Yoyetta_celis,Train,,0.331285,data\raw\pilot\Train\Yoyetta_celis_IN33463940_47630.wav
Cicada_orni_IN127074366_503435.mp3,Cicada_orni,Cicadidae,http://creativecommons.org/licenses/by-nc/4.0/,Vera L. Nunes,https://www.inaturalist.org/observations/127074366,https://static.inaturalist.org/sounds/503435.m4a?1658315124,,Cicada_orni,Train,,0.311305,data\raw\pilot\Train\Cicada_orni_IN127074366_503435.mp3
Neotibicen_pruinosus_IN14107761_23903.mp3,Neotibicen_pruinosus,Cicadidae,http://creativecommons.org/licenses/by-nc-sa/4.0/,Lee Elliott,https://www.inaturalist.org/observations/14107761,https://static.inaturalist.org/sounds/23903.mp3?1530897418,,Neotibicen_pruinosus,Train,,0.194189,data\raw\pilot\Train\Neotibicen_pruinosus_IN14107761_23903.mp3
Cicada_orni_IN177237539_787890.mp3,Cicada_orni,Cicadidae,http://creativecommons.org/licenses/by-nc/4.0/,Hailey Adler,https://www.inaturalist.org/observations/177237539,https://static.inaturalist.org/sounds/787890.m4a?1691442419,,Cicada_orni,Train,,0.121413,data\raw\pilot\Train\Cicada_orni_IN177237539_787890.mp3
Yoyetta_celis_IN96646007_311214.mp3,Yoyetta_celis,Cicadidae,http://creativecommons.org/publicdomain/zero/1.0/,James Ray,https://www.inaturalist.org/observations/96646007,https://static.inaturalist.org/sounds/311214.mp3?1632966497,,Yoyetta_celis,Train,,0.217322,data\raw\pilot\Train\Yoyetta_celis_IN96646007_311214.mp3
Oecanthus_pellucens_IN133356572_530010.wav,Oecanthus_pellucens,Orthoptera,http://creativecommons.org/licenses/by-nc/4.0/,mgoepfert,https://www.inaturalist.org/observations/133356572,https://static.inaturalist.org/sounds/530010.wav?1662138744,,Oecanthus_pellucens,Train,,2.535135,data\raw\pilot\Train\Oecanthus_pellucens_IN133356572_530010.wav
Cicada_orni_IN89608596_285964.mp3,Cicada_orni,Cicadidae,http://creativecommons.org/licenses/by/4.0/,Daniel Linzbauer,https://www.inaturalist.org/observations/89608596,https://static.inaturalist.org/sounds/285964.m4a?1627888397,,Cicada_orni,Train,,0.230226,data\raw\pilot\Train\Cicada_orni_IN89608596_285964.mp3
Cicada_orni_IN229696650_1133954.wav,Cicada_orni,Cicadidae,http://creativecommons.org/licenses/by-nc/4.0/,Florent YVERT,https://www.inaturalist.org/observations/229696650,https://static.inaturalist.org/sounds/1133954.wav?1721137458,,Cicada_orni,Train,,0.888784,data\raw\pilot\Train\Cicada_orni_IN229696650_1133954.wav
Gryllus_campestris_IN119252259_455056.mp3,Gryllus_campestris,Orthoptera,http://creativecommons.org/licenses/by-nc/4.0/,gernotkunz,https://www.inaturalist.org/observations/119252259,https://static.inaturalist.org/sounds/455056.m4a?1653838198,,Gryllus_campestris,Train,,0.219182,data\raw\pilot\Train\Gryllus_campestris_IN119252259_455056.mp3
Galanga_labeculata_IN68433029_159861.wav,Galanga_labeculata,Cicadidae,http://creativecommons.org/licenses/by-nc/4.0/,Christie,https://www.inaturalist.org/observations/68433029,https://static.inaturalist.org/sounds/159861.wav?1611298912,,Galanga_labeculata,Train,,0.205872,data\raw\pilot\Train\Galanga_labeculata_IN68433029_159861.wav
Oecanthus_pellucens_IN173302333_770918.mp3,Oecanthus_pellucens,Orthoptera,http://creativecommons.org/licenses/by-nc/4.0/,Stephan Pflume,https://www.inaturalist.org/observations/173302333,https://static.inaturalist.org/sounds/770918.m4a?1689544462,,Oecanthus_pellucens,Train,,0.356104,data\raw\pilot\Train\Oecanthus_pellucens_IN173302333_770918.mp3
Neotibicen_pruinosus_IN92632077_297467.wav,Neotibicen_pruinosus,Cicadidae,http://creativecommons.org/licenses/by/4.0/,Peter Chen 2.0,https://www.inaturalist.org/observations/92632077,https://static.inaturalist.org/sounds/297467.wav?1630029139,,Neotibicen_pruinosus,Train,,1.392506,data\raw\pilot\Train\Neotibicen_pruinosus_IN92632077_297467.wav
Gryllus_campestris_IN159688392_680792.mp3,Gryllus_campestris,Orthoptera,http://creativecommons.org/licenses/by-nc/4.0/,Karsten Mody,https://www.inaturalist.org/observations/159688392,https://static.inaturalist.org/sounds/680792.m4a?1683220202,,Gryllus_campestris,Train,,0.241593,data\raw\pilot\Train\Gryllus_campestris_IN159688392_680792.mp3
Tettigonia_viridissima_IN182084760_807710.mp3,Tettigonia_viridissima,Orthoptera,http://creativecommons.org/licenses/by/4.0/,eyekosaeder,https://www.inaturalist.org/observations/182084760,https://static.inaturalist.org/sounds/807710.m4a?1694025722,,Tettigonia_viridissima,Train,,0.235881,data\raw\pilot\Train\Tettigonia_viridissima_IN182084760_807710.mp3
Oecanthus_pellucens_IN183863485_814865.mp3,Oecanthus_pellucens,Orthoptera,http://creativecommons.org/licenses/by/4.0/,mikami-kun,https://www.inaturalist.org/observations/183863485,https://static.inaturalist.org/sounds/814865.mp3?1695055414,,Oecanthus_pellucens,Train,,0.22579,data\raw\pilot\Train\Oecanthus_pellucens_IN183863485_814865.mp3
Galanga_labeculata_IN67331984_156066.wav,Galanga_labeculata,Cicadidae,http://creativecommons.org/licenses/by-nc/4.0/,Christie,https://www.inaturalist.org/observations/67331984,https://static.inaturalist.org/sounds/156066.wav?1609378903,,Galanga_labeculata,Train,,1.325667,data\raw\pilot\Train\Galanga_labeculata_IN67331984_156066.wav
Tettigonia_viridissima_IN104567413_344412.mp3,Tettigonia_viridissima,Orthoptera,http://creativecommons.org/licenses/by-nc/4.0/,mobbini,https://www.inaturalist.org/observations/104567413,https://static.inaturalist.org/sounds/344412.mp3?1641635424,,Tettigonia_viridissima,Train,,0.124344,data\raw\pilot\Train\Tettigonia_viridissima_IN104567413_344412.mp3
Cicada_orni_IN64042842_158892.mp3,Cicada_orni,Cicadidae,http://creativecommons.org/licenses/by-nc/4.0/,Simon Oliver,https://www.inaturalist.org/observations/64042842,https://static.inaturalist.org/sounds/158892.mp3?1610795696,,Cicada_orni,Train,,0.039674,data\raw\pilot\Train\Cicada_orni_IN64042842_158892.mp3
Psaltoda_plaga_IN146987870_586820.mp3,Psaltoda_plaga,Cicadidae,http://creativecommons.org/licenses/by-nc/4.0/,jhannan,https://www.inaturalist.org/observations/146987870,https://static.inaturalist.org/sounds/586820.m4a?1674256721,,Psaltoda_plaga,Train,,0.330461,data\raw\pilot\Train\Psaltoda_plaga_IN146987870_586820.mp3
Galanga_labeculata_IN18051050_26991.mp3,Galanga_labeculata,Cicadidae,http://creativecommons.org/licenses/by-nc/4.0/,Joel Poyitt,https://www.inaturalist.org/observations/18051050,https://static.inaturalist.org/sounds/26991.m4a?1648745928,,Galanga_labeculata,Train,,0.11798,data\raw\pilot\Train\Galanga_labeculata_IN18051050_26991.mp3
Roeseliana_roeselii_IN13934061_23764.mp3,Roeseliana_roeselii,Orthoptera,http://creativecommons.org/licenses/by/4.0/,Thomas Koffel,https://www.inaturalist.org/observations/13934061,https://static.inaturalist.org/sounds/23764.mp3?1530411464,,Roeseliana_roeselii,Train,,0.035276,data\raw\pilot\Train\Roeseliana_roeselii_IN13934061_23764.mp3
Gryllus_campestris_IN206988975_965870.mp3,Gryllus_campestris,Orthoptera,http://creativecommons.org/licenses/by/4.0/,E. A.,https://www.inaturalist.org/observations/206988975,https://static.inaturalist.org/sounds/965870.m4a?1713028112,,Gryllus_campestris,Train,,0.137477,data\raw\pilot\Train\Gryllus_campestris_IN206988975_965870.mp3
Neotibicen_pruinosus_IN181255741_804404.mp3,Neotibicen_pruinosus,Cicadidae,http://creativecommons.org/licenses/by-nc/4.0/,Jamie Sciullo,https://www.inaturalist.org/observations/181255741,https://static.inaturalist.org/sounds/804404.m4a?1693600998,,Neotibicen_pruinosus,Train,,0.128108,data\raw\pilot\Train\Neotibicen_pruinosus_IN181255741_804404.mp3
Roeseliana_roeselii_IN185921242_823754.mp3,Roeseliana_roeselii,Orthoptera,http://creativecommons.org/licenses/by-nc/4.0/,Africa Gomez,https://www.inaturalist.org/observations/185921242,https://static.inaturalist.org/sounds/823754.m4a?1696263996,,Roeseliana_roeselii,Train,,0.383309,data\raw\pilot\Train\Roeseliana_roeselii_IN185921242_823754.mp3
Cicada_orni_IN180577350_801571.mp3,Cicada_orni,Cicadidae,http://creativecommons.org/licenses/by-nc/4.0/,jujucal,https://www.inaturalist.org/observations/180577350,https://static.inaturalist.org/sounds/801571.m4a?1693200399,,Cicada_orni,Train,,0.345455,data\raw\pilot\Train\Cicada_orni_IN180577350_801571.mp3
Yoyetta_celis_IN62760033_143154.mp3,Yoyetta_celis,Cicadidae,http://creativecommons.org/licenses/by/4.0/,Tim,https://www.inaturalist.org/observations/62760033,https://static.inaturalist.org/sounds/143154.mp3?1602904894,,Yoyetta_celis,Train,,0.133776,data\raw\pilot\Train\Yoyetta_celis_IN62760033_143154.mp3
Gryllus_campestris_IN167552725_739591.mp3,Gryllus_campestris,Orthoptera,http://creativecommons.org/licenses/by-nc/4.0/,clairelupus,https://www.inaturalist.org/observations/167552725,https://static.inaturalist.org/sounds/739591.m4a?1686847098,,Gryllus_campestris,Train,,0.165648,data\raw\pilot\Train\Gryllus_campestris_IN167552725_739591.mp3
Gryllus_campestris_IN46778313_93350.mp3,Gryllus_campestris,Orthoptera,http://creativecommons.org/licenses/by-nc/4.0/,Walter Wimmer,https://www.inaturalist.org/observations/46778313,https://static.inaturalist.org/sounds/93350.m4a?1590100370,,Gryllus_campestris,Train,,0.345302,data\raw\pilot\Train\Gryllus_campestris_IN46778313_93350.mp3
Oecanthus_pellucens_IN128860875_511577.mp3,Oecanthus_pellucens,Orthoptera,http://creativecommons.org/licenses/by-nc/4.0/,Luca Facchino,https://www.inaturalist.org/observations/128860875,https://static.inaturalist.org/sounds/511577.m4a?1659298720,,Oecanthus_pellucens,Train,,0.648948,data\raw\pilot\Train\Oecanthus_pellucens_IN128860875_511577.mp3
Tettigonia_viridissima_IN130695902_520008.mp3,Tettigonia_viridissima,Orthoptera,http://creativecommons.org/licenses/by-nc/4.0/,Sebastian Ćato,https://www.inaturalist.org/observations/130695902,https://static.inaturalist.org/sounds/520008.mp3?1660427714,,Tettigonia_viridissima,Train,,0.098322,data\raw\pilot\Train\Tettigonia_viridissima_IN130695902_520008.mp3
Yoyetta_celis_IN68474753_160011.mp3,Yoyetta_celis,Cicadidae,http://creativecommons.org/licenses/by/4.0/,Thomas Mesaglio,https://www.inaturalist.org/observations/68474753,https://static.inaturalist.org/sounds/160011.m4a?1611371208,,Yoyetta_celis,Train,,0.255037,data\raw\pilot\Train\Yoyetta_celis_IN68474753_160011.mp3
Aleeta_curvicosta_IN36577549_52565.wav,Aleeta_curvicosta,Cicadidae,http://creativecommons.org/licenses/by-nc/4.0/,bpscicada,https://www.inaturalist.org/observations/36577549,https://static.inaturalist.org/sounds/52565.wav?1576118297,,Aleeta_curvicosta,Train,,0.700874,data\raw\pilot\Train\Aleeta_curvicosta_IN36577549_52565.wav
Oecanthus_pellucens_IN185331771_820965.mp3,Oecanthus_pellucens,Orthoptera,http://creativecommons.org/licenses/by-nc/4.0/,Stephan Pflume,https://www.inaturalist.org/observations/185331771,https://static.inaturalist.org/sounds/820965.m4a?1695932639,,Oecanthus_pellucens,Train,,0.457409,data\raw\pilot\Train\Oecanthus_pellucens_IN185331771_820965.mp3
Psaltoda_plaga_IN9885331_17881.wav,Psaltoda_plaga,Cicadidae,http://creativecommons.org/licenses/by-nc/4.0/,Nathan Emery,https://www.inaturalist.org/observations/9885331,https://static.inaturalist.org/sounds/17881.wav?1518990274,,Psaltoda_plaga,Train,,0.465245,data\raw\pilot\Train\Psaltoda_plaga_IN9885331_17881.wav
Cicada_orni_IN172337047_766179.wav,Cicada_orni,Cicadidae,http://creativecommons.org/licenses/by-nc/4.0/,Miguel_Bruno,https://www.inaturalist.org/observations/172337047,https://static.inaturalist.org/sounds/766179.wav?1689085458,,Cicada_orni,Train,,0.457817,data\raw\pilot\Train\Cicada_orni_IN172337047_766179.wav
Chorthippus_biguttulus_IN135102174_536066.mp3,Chorthippus_biguttulus,Orthoptera,http://creativecommons.org/licenses/by/4.0/,E. A.,https://www.inaturalist.org/observations/135102174,https://static.inaturalist.org/sounds/536066.mp3?1663242388,,Chorthippus_biguttulus,Train,,0.078049,data\raw\pilot\Train\Chorthippus_biguttulus_IN135102174_536066.mp3
Oecanthus_pellucens_IN178328800_792388.mp3,Oecanthus_pellucens,Orthoptera,http://creativecommons.org/licenses/by-nc/4.0/,p_stipticus,https://www.inaturalist.org/observations/178328800,https://static.inaturalist.org/sounds/792388.mp3?1691997708,,Oecanthus_pellucens,Train,,0.040345,data\raw\pilot\Train\Oecanthus_pellucens_IN178328800_792388.mp3
Oecanthus_pellucens_IN230829703_1139606.mp3,Oecanthus_pellucens,Orthoptera,http://creativecommons.org/licenses/by-nc/4.0/,baranyaizsolt,https://www.inaturalist.org/observations/230829703,https://static.inaturalist.org/sounds/1139606.m4a?1721591397,,Oecanthus_pellucens,Train,,0.121313,data\raw\pilot\Train\Oecanthus_pellucens_IN230829703_1139606.mp3
Gryllus_campestris_IN210794494_995864.mp3,Gryllus_campestris,Orthoptera,http://creativecommons.org/licenses/by-nc/4.0/,schnauzenfalter,https://www.inaturalist.org/observations/210794494,https://static.inaturalist.org/sounds/995864.m4a?1714309898,,Gryllus_campestris,Train,,0.139098,data\raw\pilot\Train\Gryllus_campestris_IN210794494_995864.mp3
Psaltoda_plaga_IN147441998_589348.mp3,Psaltoda_plaga,Cicadidae,http://creativecommons.org/licenses/by-nc/4.0/,jhannan,https://www.inaturalist.org/observations/147441998,https://static.inaturalist.org/sounds/589348.m4a?1674799882,,Psaltoda_plaga,Train,,0.207431,data\raw\pilot\Train\Psaltoda_plaga_IN147441998_589348.mp3
Yoyetta_celis_IN68794855_161271.wav,Yoyetta_celis,Cicadidae,http://creativecommons.org/licenses/by-nc/4.0/,Christie,https://www.inaturalist.org/observations/68794855,https://static.inaturalist.org/sounds/161271.wav?1611996137,,Yoyetta_celis,Train,,0.155904,data\raw\pilot\Train\Yoyetta_celis_IN68794855_161271.wav
Tettigonia_viridissima_IN130822757_520499.mp3,Tettigonia_viridissima,Orthoptera,http://creativecommons.org/licenses/by-nc/4.0/,gernotkunz,https://www.inaturalist.org/observations/130822757,https://static.inaturalist.org/sounds/520499.m4a?1660502613,,Tettigonia_viridissima,Train,,0.189512,data\raw\pilot\Train\Tettigonia_viridissima_IN130822757_520499.mp3
Aleeta_curvicosta_IN150180709_607904.mp3,Aleeta_curvicosta,Cicadidae,http://creativecommons.org/licenses/by-nc/4.0/,Ben McBurney,https://www.inaturalist.org/observations/150180709,https://static.inaturalist.org/sounds/607904.mp3?1677901375,,Aleeta_curvicosta,Train,,0.111439,data\raw\pilot\Train\Aleeta_curvicosta_IN150180709_607904.mp3
Aleeta_curvicosta_IN9888183_17830.mp3,Aleeta_curvicosta,Cicadidae,http://creativecommons.org/licenses/by-nc/4.0/,Joel Poyitt,https://www.inaturalist.org/observations/9888183,https://static.inaturalist.org/sounds/17830.m4a?1518841863,,Aleeta_curvicosta,Train,,0.303994,data\raw\pilot\Train\Aleeta_curvicosta_IN9888183_17830.mp3
Chorthippus_biguttulus_IN106936475_358420.mp3,Chorthippus_biguttulus,Orthoptera,http://creativecommons.org/licenses/by-nc/4.0/,mobbini,https://www.inaturalist.org/observations/106936475,https://static.inaturalist.org/sounds/358420.mp3?1645127371,,Chorthippus_biguttulus,Train,,0.033865,data\raw\pilot\Train\Chorthippus_biguttulus_IN106936475_358420.mp3
Cicada_orni_IN174243775_775276.mp3,Cicada_orni,Cicadidae,http://creativecommons.org/licenses/by/4.0/,Emad Tahaei,https://www.inaturalist.org/observations/174243775,https://static.inaturalist.org/sounds/775276.m4a?1690022496,,Cicada_orni,Train,,1.48802,data\raw\pilot\Train\Cicada_orni_IN174243775_775276.mp3
Psaltoda_plaga_IN68398538_159678.wav,Psaltoda_plaga,Cicadidae,http://creativecommons.org/licenses/by-nc/4.0/,Christie,https://www.inaturalist.org/observations/68398538,https://static.inaturalist.org/sounds/159678.wav?1611211360,,Psaltoda_plaga,Train,,1.417191,data\raw\pilot\Train\Psaltoda_plaga_IN68398538_159678.wav
Oecanthus_pellucens_IN183386960_812987.mp3,Oecanthus_pellucens,Orthoptera,http://creativecommons.org/licenses/by-nc/4.0/,fi0na97,https://www.inaturalist.org/observations/183386960,https://static.inaturalist.org/sounds/812987.m4a?1694800541,,Oecanthus_pellucens,Train,,0.215471,data\raw\pilot\Train\Oecanthus_pellucens_IN183386960_812987.mp3
Yoyetta_celis_IN103558883_339938.wav,Yoyetta_celis,Cicadidae,http://creativecommons.org/licenses/by-nc/4.0/,Christie,https://www.inaturalist.org/observations/103558883,https://static.inaturalist.org/sounds/339938.wav?1640312377,,Yoyetta_celis,Train,,0.181208,data\raw\pilot\Train\Yoyetta_celis_IN103558883_339938.wav
Aleeta_curvicosta_IN69984957_165888.mp3,Aleeta_curvicosta,Cicadidae,http://creativecommons.org/licenses/by-nc/4.0/,bpscicada,https://www.inaturalist.org/observations/69984957,https://static.inaturalist.org/sounds/165888.mp3?1614002861,,Aleeta_curvicosta,Train,,0.195401,data\raw\pilot\Train\Aleeta_curvicosta_IN69984957_165888.mp3
Chorthippus_biguttulus_IN134067756_532163.mp3,Chorthippus_biguttulus,Orthoptera,http://creativecommons.org/licenses/by-nc/4.0/,mobbini,https://www.inaturalist.org/observations/134067756,https://static.inaturalist.org/sounds/532163.mp3?1662573431,,Chorthippus_biguttulus,Train,,0.101483,data\raw\pilot\Train\Chorthippus_biguttulus_IN134067756_532163.mp3
Cicada_orni_IN53403219_121787.mp3,Cicada_orni,Cicadidae,http://creativecommons.org/licenses/by-nc/4.0/,Vera L. Nunes,https://www.inaturalist.org/observations/53403219,https://static.inaturalist.org/sounds/121787.mp3?1595019087,,Cicada_orni,Train,,0.04406,data\raw\pilot\Train\Cicada_orni_IN53403219_121787.mp3
Cicada_orni_IN191960081_850216.mp3,Cicada_orni,Cicadidae,http://creativecommons.org/licenses/by-nc/4.0/,christopher_hohl,https://www.inaturalist.org/observations/191960081,https://static.inaturalist.org/sounds/850216.m4a?1700844802,,Cicada_orni,Train,,0.196677,data\raw\pilot\Train\Cicada_orni_IN191960081_850216.mp3
Oecanthus_pellucens_IN180186883_799924.wav,Oecanthus_pellucens,Orthoptera,http://creativecommons.org/licenses/by-nc/4.0/,Martin de Jong,https://www.inaturalist.org/observations/180186883,https://static.inaturalist.org/sounds/799924.mpga?1693002376,,Oecanthus_pellucens,Train,,1.564556,data\raw\pilot\Train\Oecanthus_pellucens_IN180186883_799924.wav
Oecanthus_pellucens_IN131317551_522476.mp3,Oecanthus_pellucens,Orthoptera,http://creativecommons.org/licenses/by-nc/4.0/,Martin Grimm,https://www.inaturalist.org/observations/131317551,https://static.inaturalist.org/sounds/522476.m4a?1660821885,,Oecanthus_pellucens,Train,,0.224606,data\raw\pilot\Train\Oecanthus_pellucens_IN131317551_522476.mp3
Cicada_orni_IN86543838_272509.mp3,Cicada_orni,Cicadidae,http://creativecommons.org/licenses/by-nc/4.0/,tiago_henriques,https://www.inaturalist.org/observations/86543838,https://static.inaturalist.org/sounds/272509.mp3?1626004966,,Cicada_orni,Train,,0.169047,data\raw\pilot\Train\Cicada_orni_IN86543838_272509.mp3
Chorthippus_biguttulus_IN129516321_514803.wav,Chorthippus_biguttulus,Orthoptera,http://creativecommons.org/licenses/by-nc/4.0/,Birgit Vorbach,https://www.inaturalist.org/observations/129516321,https://static.inaturalist.org/sounds/514803.wav?1659687161,,Chorthippus_biguttulus,Train,,0.994981,data\raw\pilot\Train\Chorthippus_biguttulus_IN129516321_514803.wav
Tettigonia_viridissima_IN80506368_235712.wav,Tettigonia_viridissima,Orthoptera,http://creativecommons.org/licenses/by/4.0/,Konrad Kałużyński,https://www.inaturalist.org/observations/80506368,https://static.inaturalist.org/sounds/235712.wav?1622138854,,Tettigonia_viridissima,Train,,1.279907,data\raw\pilot\Train\Tettigonia_viridissima_IN80506368_235712.wav
Aleeta_curvicosta_IN19281359_28674.mp3,Aleeta_curvicosta,Cicadidae,http://creativecommons.org/licenses/by-nc/4.0/,Joel Poyitt,https://www.inaturalist.org/observations/19281359,https://static.inaturalist.org/sounds/28674.m4a?1546054086,,Aleeta_curvicosta,Train,,0.485627,data\raw\pilot\Train\Aleeta_curvicosta_IN19281359_28674.mp3
Yoyetta_celis_IN19793846_30398.wav,Yoyetta_celis,Cicadidae,http://creativecommons.org/licenses/by-nc/4.0/,Christie,https://www.inaturalist.org/observations/19793846,https://static.inaturalist.org/sounds/30398.wav?1548129207,,Yoyetta_celis,Train,,0.229599,data\raw\pilot\Train\Yoyetta_celis_IN19793846_30398.wav
Yoyetta_celis_IN36361726_51744.wav,Yoyetta_celis,Cicadidae,http://creativecommons.org/licenses/by-nc/4.0/,Christie,https://www.inaturalist.org/observations/36361726,https://static.inaturalist.org/sounds/51744.wav?1575501070,,Yoyetta_celis,Train,,0.302795,data\raw\pilot\Train\Yoyetta_celis_IN36361726_51744.wav
Galanga_labeculata_IN68524032_160407.wav,Galanga_labeculata,Cicadidae,http://creativecommons.org/licenses/by-nc/4.0/,Christie,https://www.inaturalist.org/observations/68524032,https://static.inaturalist.org/sounds/160407.wav?1611527640,,Galanga_labeculata,Train,,0.53266,data\raw\pilot\Train\Galanga_labeculata_IN68524032_160407.wav
Aleeta_curvicosta_IN192771766_854499.mp3,Aleeta_curvicosta,Cicadidae,http://creativecommons.org/licenses/by-nc/4.0/,Joel Poyitt,https://www.inaturalist.org/observations/192771766,https://static.inaturalist.org/sounds/854499.m4a?1701479085,,Aleeta_curvicosta,Train,,0.675476,data\raw\pilot\Train\Aleeta_curvicosta_IN192771766_854499.mp3
Psaltoda_plaga_IN19633897_29903.wav,Psaltoda_plaga,Cicadidae,http://creativecommons.org/licenses/by-nc/4.0/,Christie,https://www.inaturalist.org/observations/19633897,https://static.inaturalist.org/sounds/29903.wav?1547448101,,Psaltoda_plaga,Train,,0.367123,data\raw\pilot\Train\Psaltoda_plaga_IN19633897_29903.wav
Oecanthus_pellucens_IN135103086_536071.mp3,Oecanthus_pellucens,Orthoptera,http://creativecommons.org/licenses/by-nc/4.0/,grossalin,https://www.inaturalist.org/observations/135103086,https://static.inaturalist.org/sounds/536071.m4a?1663243218,,Oecanthus_pellucens,Train,,0.125689,data\raw\pilot\Train\Oecanthus_pellucens_IN135103086_536071.mp3
Yoyetta_celis_IN62852318_143409.wav,Yoyetta_celis,Cicadidae,http://creativecommons.org/licenses/by-nc/4.0/,bpscicada,https://www.inaturalist.org/observations/62852318,https://static.inaturalist.org/sounds/143409.wav?1602985139,,Yoyetta_celis,Train,,0.349773,data\raw\pilot\Train\Yoyetta_celis_IN62852318_143409.wav
Roeseliana_roeselii_IN225487725_1111153.mp3,Roeseliana_roeselii,Orthoptera,http://creativecommons.org/licenses/by-nc/4.0/,Karol Łanocha,https://www.inaturalist.org/observations/225487725,https://static.inaturalist.org/sounds/1111153.m4a?1719487632,,Roeseliana_roeselii,Train,,0.149032,data\raw\pilot\Train\Roeseliana_roeselii_IN225487725_1111153.mp3
Oecanthus_pellucens_IN92838675_298495.mp3,Oecanthus_pellucens,Orthoptera,http://creativecommons.org/licenses/by-nc/4.0/,Daniel Iversen,https://www.inaturalist.org/observations/92838675,https://static.inaturalist.org/sounds/298495.m4a?1630189006,,Oecanthus_pellucens,Train,,0.486958,data\raw\pilot\Train\Oecanthus_pellucens_IN92838675_298495.mp3
Psaltoda_plaga_IN105497060_349250.mp3,Psaltoda_plaga,Cicadidae,http://creativecommons.org/licenses/by-nc/4.0/,bpscicada,https://www.inaturalist.org/observations/105497060,https://static.inaturalist.org/sounds/349250.mp3?1643029431,,Psaltoda_plaga,Train,,0.192276,data\raw\pilot\Train\Psaltoda_plaga_IN105497060_349250.mp3
Tettigonia_viridissima_IN192811337_854691.wav,Tettigonia_viridissima,Orthoptera,http://creativecommons.org/licenses/by-nc/4.0/,danamihaimileazachi,https://www.inaturalist.org/observations/192811337,https://static.inaturalist.org/sounds/854691.wav?1701520122,,Tettigonia_viridissima,Train,,1.961355,data\raw\pilot\Train\Tettigonia_viridissima_IN192811337_854691.wav
Psaltoda_plaga_IN65388319_150179.mp3,Psaltoda_plaga,Cicadidae,http://creativecommons.org/licenses/by/4.0/,Thomas Mesaglio,https://www.inaturalist.org/observations/65388319,https://static.inaturalist.org/sounds/150179.m4a?1606026986,,Psaltoda_plaga,Train,,0.446539,data\raw\pilot\Train\Psaltoda_plaga_IN65388319_150179.mp3
Tettigonia_viridissima_IN123431702_482192.mp3,Tettigonia_viridissima,Orthoptera,http://creativecommons.org/licenses/by-nc/4.0/,superjonny,https://www.inaturalist.org/observations/123431702,https://static.inaturalist.org/sounds/482192.m4a?1656193677,,Tettigonia_viridissima,Train,,0.242201,data\raw\pilot\Train\Tettigonia_viridissima_IN123431702_482192.mp3
Galanga_labeculata_IN36451471_52127.wav,Galanga_labeculata,Cicadidae,http://creativecommons.org/licenses/by-nc/4.0/,bpscicada,https://www.inaturalist.org/observations/36451471,https://static.inaturalist.org/sounds/52127.wav?1575764743,,Galanga_labeculata,Train,,0.408272,data\raw\pilot\Train\Galanga_labeculata_IN36451471_52127.wav
Neotibicen_pruinosus_IN94441297_304188.mp3,Neotibicen_pruinosus,Cicadidae,http://creativecommons.org/licenses/by-nc/4.0/,Nicholas Sly,https://www.inaturalist.org/observations/94441297,https://static.inaturalist.org/sounds/304188.m4a?1631370995,,Neotibicen_pruinosus,Train,,0.479781,data\raw\pilot\Train\Neotibicen_pruinosus_IN94441297_304188.mp3
Gryllus_campestris_IN175545282_780684.wav,Gryllus_campestris,Orthoptera,http://creativecommons.org/licenses/by/4.0/,Lennart Hudel,https://www.inaturalist.org/observations/175545282,https://static.inaturalist.org/sounds/780684.wav?1690642193,,Gryllus_campestris,Train,,0.340897,data\raw\pilot\Train\Gryllus_campestris_IN175545282_780684.wav
Cicada_orni_IN181171239_804110.mp3,Cicada_orni,Cicadidae,http://creativecommons.org/licenses/by-nc/4.0/,Birgit Vorbach,https://www.inaturalist.org/observations/181171239,https://static.inaturalist.org/sounds/804110.m4a?1693556543,,Cicada_orni,Train,,0.225575,data\raw\pilot\Train\Cicada_orni_IN181171239_804110.mp3
Oecanthus_pellucens_IN90318255_288796.mp3,Oecanthus_pellucens,Orthoptera,http://creativecommons.org/licenses/by-nc/4.0/,Daniel Raposo,https://www.inaturalist.org/observations/90318255,https://static.inaturalist.org/sounds/288796.mp3?1628373679,,Oecanthus_pellucens,Train,,0.170656,data\raw\pilot\Train\Oecanthus_pellucens_IN90318255_288796.mp3
Tettigonia_viridissima_IN148707893_597217.mp3,Tettigonia_viridissima,Orthoptera,http://creativecommons.org/licenses/by-nc/4.0/,mobbini,https://www.inaturalist.org/observations/148707893,https://static.inaturalist.org/sounds/597217.mp3?1676315849,,Tettigonia_viridissima,Train,,0.060393,data\raw\pilot\Train\Tettigonia_viridissima_IN148707893_597217.mp3
Psaltoda_plaga_IN144530093_573740.mp3,Psaltoda_plaga,Cicadidae,http://creativecommons.org/licenses/by-nc/4.0/,bpscicada,https://www.inaturalist.org/observations/144530093,https://static.inaturalist.org/sounds/573740.mp3?1671278856,,Psaltoda_plaga,Train,,0.419901,data\raw\pilot\Train\Psaltoda_plaga_IN144530093_573740.mp3
Oecanthus_pellucens_XC923276.wav,Oecanthus_pellucens,Orthoptera,//creativecommons.org/licenses/by-nc-sa/4.0/,Matthew Calleja,https://xeno-canto.org/923276,https://xeno-canto.org/923276/download,,Oecanthus_pellucens,Train,26.0,1.180416,data\raw\pilot\Train\Oecanthus_pellucens_XC923276.wav
Galanga_labeculata_IN20269609_31115.wav,Galanga_labeculata,Cicadidae,http://creativecommons.org/licenses/by-nc/4.0/,Christie,https://www.inaturalist.org/observations/20269609,https://static.inaturalist.org/sounds/31115.wav?1549850178,,Galanga_labeculata,Train,,0.557919,data\raw\pilot\Train\Galanga_labeculata_IN20269609_31115.wav
Tettigonia_viridissima_IN188288736_834085.wav,Tettigonia_viridissima,Orthoptera,http://creativecommons.org/licenses/by-nc/4.0/,Benjamin Schmid,https://www.inaturalist.org/observations/188288736,https://static.inaturalist.org/sounds/834085.wav?1697828568,,Tettigonia_viridissima,Train,,1.210072,data\raw\pilot\Train\Tettigonia_viridissima_IN188288736_834085.wav
Aleeta_curvicosta_IN19282437_28685.wav,Aleeta_curvicosta,Cicadidae,http://creativecommons.org/licenses/by-nc/4.0/,Christie,https://www.inaturalist.org/observations/19282437,https://static.inaturalist.org/sounds/28685.wav?1546058742,,Aleeta_curvicosta,Train,,1.326027,data\raw\pilot\Train\Aleeta_curvicosta_IN19282437_28685.wav
Yoyetta_celis_IN95918422_308753.mp3,Yoyetta_celis,Cicadidae,http://creativecommons.org/licenses/by-nc/4.0/,Joel Poyitt,https://www.inaturalist.org/observations/95918422,https://static.inaturalist.org/sounds/308753.m4a?1632447634,,Yoyetta_celis,Train,,0.265637,data\raw\pilot\Train\Yoyetta_celis_IN95918422_308753.mp3
Gryllus_campestris_IN78030034_215711.wav,Gryllus_campestris,Orthoptera,http://creativecommons.org/licenses/by-nc/4.0/,Benjamin Schmid,https://www.inaturalist.org/observations/78030034,https://static.inaturalist.org/sounds/215711.wav?1620550507,,Gryllus_campestris,Train,,0.323517,data\raw\pilot\Train\Gryllus_campestris_IN78030034_215711.wav
Gryllus_campestris_XC911890.wav,Gryllus_campestris,Orthoptera,//creativecommons.org/licenses/by/4.0/,Marius Faiß,https://xeno-canto.org/911890,https://xeno-canto.org/911890/download,,Gryllus_campestris,Train,,0.465312,data\raw\pilot\Train\Gryllus_campestris_XC911890.wav
Gryllus_campestris_IN122956256_479199.wav,Gryllus_campestris,Orthoptera,http://creativecommons.org/licenses/by/4.0/,Daniel Linzbauer,https://www.inaturalist.org/observations/122956256,https://static.inaturalist.org/sounds/479199.wav?1655910971,,Gryllus_campestris,Train,,0.951098,data\raw\pilot\Train\Gryllus_campestris_IN122956256_479199.wav
Gryllus_campestris_IN78028420_215694.mp3,Gryllus_campestris,Orthoptera,http://creativecommons.org/licenses/by-nc/4.0/,roby,https://www.inaturalist.org/observations/78028420,https://static.inaturalist.org/sounds/215694.m4a?1620549170,,Gryllus_campestris,Train,,0.089925,data\raw\pilot\Train\Gryllus_campestris_IN78028420_215694.mp3
Galanga_labeculata_IN66751675_154171.mp3,Galanga_labeculata,Cicadidae,http://creativecommons.org/licenses/by-nc/4.0/,bpscicada,https://www.inaturalist.org/observations/66751675,https://static.inaturalist.org/sounds/154171.m4a?1608330324,,Galanga_labeculata,Train,,0.20714,data\raw\pilot\Train\Galanga_labeculata_IN66751675_154171.mp3
Tettigonia_viridissima_IN124461684_488881.wav,Tettigonia_viridissima,Orthoptera,http://creativecommons.org/licenses/by-nc/4.0/,David Singer,https://www.inaturalist.org/observations/124461684,https://static.inaturalist.org/sounds/488881.wav?1656800191,,Tettigonia_viridissima,Train,,0.441951,data\raw\pilot\Train\Tettigonia_viridissima_IN124461684_488881.wav
Chorthippus_biguttulus_IN182929737_810984.mp3,Chorthippus_biguttulus,Orthoptera,http://creativecommons.org/licenses/by-nc/4.0/,Karol Łanocha,https://www.inaturalist.org/observations/182929737,https://static.inaturalist.org/sounds/810984.m4a?1694518022,,Chorthippus_biguttulus,Train,,0.727123,data\raw\pilot\Train\Chorthippus_biguttulus_IN182929737_810984.mp3
Aleeta_curvicosta_IN19182796_28563.wav,Aleeta_curvicosta,Cicadidae,http://creativecommons.org/licenses/by-nc/4.0/,Christie,https://www.inaturalist.org/observations/19182796,https://static.inaturalist.org/sounds/28563.wav?1545692668,,Aleeta_curvicosta,Train,,0.391752,data\raw\pilot\Train\Aleeta_curvicosta_IN19182796_28563.wav
Neotibicen_pruinosus_IN174900621_778034.mp3,Neotibicen_pruinosus,Cicadidae,http://creativecommons.org/licenses/by-nc/4.0/,Carolyn,https://www.inaturalist.org/observations/174900621,https://static.inaturalist.org/sounds/778034.m4a?1690307324,,Neotibicen_pruinosus,Train,,0.221924,data\raw\pilot\Train\Neotibicen_pruinosus_IN174900621_778034.mp3
Aleeta_curvicosta_IN147164708_587763.wav,Aleeta_curvicosta,Cicadidae,http://creativecommons.org/licenses/by-nc/4.0/,Christie,https://www.inaturalist.org/observations/147164708,https://static.inaturalist.org/sounds/587763.wav?1674441214,,Aleeta_curvicosta,Train,,0.484144,data\raw\pilot\Train\Aleeta_curvicosta_IN147164708_587763.wav
Galanga_labeculata_IN36769052_53024.mp3,Galanga_labeculata,Cicadidae,http://creativecommons.org/licenses/by-nc/4.0/,Joel Poyitt,https://www.inaturalist.org/observations/36769052,https://static.inaturalist.org/sounds/53024.m4a?1576728342,,Galanga_labeculata,Train,,0.195908,data\raw\pilot\Train\Galanga_labeculata_IN36769052_53024.mp3
Tettigonia_viridissima_XC850599.wav,Tettigonia_viridissima,Orthoptera,//creativecommons.org/licenses/by-sa/4.0/,Baudewijn Odé,https://xeno-canto.org/850599,https://xeno-canto.org/850599/download,,Tettigonia_viridissima,Train,,0.198543,data\raw\pilot\Train\Tettigonia_viridissima_XC850599.wav
Tettigonia_viridissima_IN131077866_521526.mp3,Tettigonia_viridissima,Orthoptera,http://creativecommons.org/licenses/by-nc/4.0/,Bodo Sonnenburg,https://www.inaturalist.org/observations/131077866,https://static.inaturalist.org/sounds/521526.mp3?1660664086,,Tettigonia_viridissima,Train,,0.139816,data\raw\pilot\Train\Tettigonia_viridissima_IN131077866_521526.mp3
Aleeta_curvicosta_IN37445372_54490.wav,Aleeta_curvicosta,Cicadidae,http://creativecommons.org/licenses/by-nc/4.0/,Christie,https://www.inaturalist.org/observations/37445372,https://static.inaturalist.org/sounds/54490.wav?1578626597,,Aleeta_curvicosta,Train,,0.517805,data\raw\pilot\Train\Aleeta_curvicosta_IN37445372_54490.wav
Psaltoda_plaga_IN197754743_885367.wav,Psaltoda_plaga,Cicadidae,http://creativecommons.org/licenses/by-nc/4.0/,Christie,https://www.inaturalist.org/observations/197754743,https://static.inaturalist.org/sounds/885367.wav?1706418099,,Psaltoda_plaga,Train,,0.489188,data\raw\pilot\Train\Psaltoda_plaga_IN197754743_885367.wav
Psaltoda_plaga_IN18886245_28245.wav,Psaltoda_plaga,Cicadidae,http://creativecommons.org/licenses/by-nc/4.0/,Nathan Emery,https://www.inaturalist.org/observations/18886245,https://static.inaturalist.org/sounds/28245.wav?1544649931,,Psaltoda_plaga,Train,,1.608279,data\raw\pilot\Train\Psaltoda_plaga_IN18886245_28245.wav
Psaltoda_plaga_IN66855911_154516.mp3,Psaltoda_plaga,Cicadidae,http://creativecommons.org/licenses/by-nc/4.0/,bpscicada,https://www.inaturalist.org/observations/66855911,https://static.inaturalist.org/sounds/154516.m4a?1608514676,,Psaltoda_plaga,Train,,0.113467,data\raw\pilot\Train\Psaltoda_plaga_IN66855911_154516.mp3
Galanga_labeculata_IN100669025_327368.mp3,Galanga_labeculata,Cicadidae,http://creativecommons.org/licenses/by-nc/4.0/,Joel Poyitt,https://www.inaturalist.org/observations/100669025,https://static.inaturalist.org/sounds/327368.m4a?1636447543,,Galanga_labeculata,Train,,0.218054,data\raw\pilot\Train\Galanga_labeculata_IN100669025_327368.mp3
Galanga_labeculata_IN68126787_158832.wav,Galanga_labeculata,Cicadidae,http://creativecommons.org/licenses/by-nc/4.0/,Christie,https://www.inaturalist.org/observations/68126787,https://static.inaturalist.org/sounds/158832.wav?1610757901,,Galanga_labeculata,Train,,0.485132,data\raw\pilot\Train\Galanga_labeculata_IN68126787_158832.wav
Roeseliana_roeselii_IN227991317_1125202.mp3,Roeseliana_roeselii,Orthoptera,http://creativecommons.org/licenses/by-nc/4.0/,Karol Łanocha,https://www.inaturalist.org/observations/227991317,https://static.inaturalist.org/sounds/1125202.m4a?1720436645,,Roeseliana_roeselii,Train,,0.113781,data\raw\pilot\Train\Roeseliana_roeselii_IN227991317_1125202.mp3
Oecanthus_pellucens_XC819754.mp3,Oecanthus_pellucens,Orthoptera,//creativecommons.org/licenses/by-nc-sa/4.0/,Cedric Mroczko,https://xeno-canto.org/819754,https://xeno-canto.org/819754/download,,Oecanthus_pellucens,Train,26.0,0.131215,data\raw\pilot\Train\Oecanthus_pellucens_XC819754.mp3
Galanga_labeculata_IN105154588_347401.mp3,Galanga_labeculata,Cicadidae,http://creativecommons.org/licenses/by-nc/4.0/,bpscicada,https://www.inaturalist.org/observations/105154588,https://static.inaturalist.org/sounds/347401.mp3?1642512153,,Galanga_labeculata,Train,,0.331816,data\raw\pilot\Train\Galanga_labeculata_IN105154588_347401.mp3
Roeseliana_roeselii_IN182165823_808050.mp3,Roeseliana_roeselii,Orthoptera,http://creativecommons.org/licenses/by-nc/4.0/,Karol Łanocha,https://www.inaturalist.org/observations/182165823,https://static.inaturalist.org/sounds/808050.m4a?1694083171,,Roeseliana_roeselii,Train,,0.629652,data\raw\pilot\Train\Roeseliana_roeselii_IN182165823_808050.mp3
Tettigonia_viridissima_XC847827.wav,Tettigonia_viridissima,Orthoptera,//creativecommons.org/licenses/by-sa/4.0/,Baudewijn Odé,https://xeno-canto.org/847827,https://xeno-canto.org/847827/download,,Tettigonia_viridissima,Train,,2.250602,data\raw\pilot\Train\Tettigonia_viridissima_XC847827.wav
Psaltoda_plaga_IN142328710_564768.wav,Psaltoda_plaga,Cicadidae,http://creativecommons.org/licenses/by-nc/4.0/,Christie,https://www.inaturalist.org/observations/142328710,https://static.inaturalist.org/sounds/564768.wav?1668817738,,Psaltoda_plaga,Train,,0.227313,data\raw\pilot\Train\Psaltoda_plaga_IN142328710_564768.wav
Tettigonia_viridissima_IN185331873_820973.mp3,Tettigonia_viridissima,Orthoptera,http://creativecommons.org/licenses/by-nc/4.0/,Stephan Pflume,https://www.inaturalist.org/observations/185331873,https://static.inaturalist.org/sounds/820973.m4a?1695932670,,Tettigonia_viridissima,Train,,0.766968,data\raw\pilot\Train\Tettigonia_viridissima_IN185331873_820973.mp3
Aleeta_curvicosta_IN151069807_614478.mp3,Aleeta_curvicosta,Cicadidae,http://creativecommons.org/licenses/by-nc/4.0/,Colin Trainor,https://www.inaturalist.org/observations/151069807,https://static.inaturalist.org/sounds/614478.m4a?1678743689,,Aleeta_curvicosta,Train,,0.750219,data\raw\pilot\Train\Aleeta_curvicosta_IN151069807_614478.mp3
Aleeta_curvicosta_IN105806627_351549.mp3,Aleeta_curvicosta,Cicadidae,http://creativecommons.org/licenses/by-nc/4.0/,jhannan,https://www.inaturalist.org/observations/105806627,https://static.inaturalist.org/sounds/351549.m4a?1643503382,,Aleeta_curvicosta,Train,,0.328732,data\raw\pilot\Train\Aleeta_curvicosta_IN105806627_351549.mp3
Gryllus_campestris_IN78712898_220837.wav,Gryllus_campestris,Orthoptera,http://creativecommons.org/licenses/by-nc/4.0/,raedwulf68,https://www.inaturalist.org/observations/78712898,https://static.inaturalist.org/sounds/220837.wav?1621009525,,Gryllus_campestris,Train,,0.767157,data\raw\pilot\Train\Gryllus_campestris_IN78712898_220837.wav
Galanga_labeculata_IN197105916_879807.mp3,Galanga_labeculata,Cicadidae,http://creativecommons.org/licenses/by-nc/4.0/,Joel Poyitt,https://www.inaturalist.org/observations/197105916,https://static.inaturalist.org/sounds/879807.m4a?1705715798,,Galanga_labeculata,Train,,0.056554,data\raw\pilot\Train\Galanga_labeculata_IN197105916_879807.mp3
Psaltoda_plaga_IN198773871_892462.wav,Psaltoda_plaga,Cicadidae,http://creativecommons.org/licenses/by-nc/4.0/,Christie,https://www.inaturalist.org/observations/198773871,https://static.inaturalist.org/sounds/892462.wav?1707445476,,Psaltoda_plaga,Train,,0.636873,data\raw\pilot\Train\Psaltoda_plaga_IN198773871_892462.wav
Galanga_labeculata_IN38203401_56393.wav,Galanga_labeculata,Cicadidae,http://creativecommons.org/licenses/by-nc/4.0/,Christie,https://www.inaturalist.org/observations/38203401,https://static.inaturalist.org/sounds/56393.wav?1580609197,,Galanga_labeculata,Train,,0.327631,data\raw\pilot\Train\Galanga_labeculata_IN38203401_56393.wav
Aleeta_curvicosta_IN70802430_170062.mp3,Aleeta_curvicosta,Cicadidae,http://creativecommons.org/licenses/by/4.0/,Tim,https://www.inaturalist.org/observations/70802430,https://static.inaturalist.org/sounds/170062.mp3?1615185552,,Aleeta_curvicosta,Train,,0.160438,data\raw\pilot\Train\Aleeta_curvicosta_IN70802430_170062.mp3
Oecanthus_pellucens_IN94750414_305185.mp3,Oecanthus_pellucens,Orthoptera,http://creativecommons.org/licenses/by-nc/4.0/,zebra1193,https://www.inaturalist.org/observations/94750414,https://static.inaturalist.org/sounds/305185.m4a?1631565671,,Oecanthus_pellucens,Train,,0.128811,data\raw\pilot\Train\Oecanthus_pellucens_IN94750414_305185.mp3
Gryllus_campestris_IN162878491_706448.mp3,Gryllus_campestris,Orthoptera,http://creativecommons.org/licenses/by/4.0/,E. A.,https://www.inaturalist.org/observations/162878491,https://static.inaturalist.org/sounds/706448.m4a?1684676063,,Gryllus_campestris,Train,,0.199852,data\raw\pilot\Train\Gryllus_campestris_IN162878491_706448.mp3
Oecanthus_pellucens_IN175438062_780172.mp3,Oecanthus_pellucens,Orthoptera,http://creativecommons.org/licenses/by-nc/4.0/,idabird,https://www.inaturalist.org/observations/175438062,https://static.inaturalist.org/sounds/780172.m4a?1690580156,,Oecanthus_pellucens,Train,,0.143613,data\raw\pilot\Train\Oecanthus_pellucens_IN175438062_780172.mp3
Galanga_labeculata_IN67420445_156370.wav,Galanga_labeculata,Cicadidae,http://creativecommons.org/licenses/by-nc/4.0/,Joel Poyitt,https://www.inaturalist.org/observations/67420445,https://static.inaturalist.org/sounds/156370.wav?1609537459,,Galanga_labeculata,Train,,0.643905,data\raw\pilot\Train\Galanga_labeculata_IN67420445_156370.wav
Tettigonia_viridissima_IN52190042_117689.mp3,Tettigonia_viridissima,Orthoptera,http://creativecommons.org/licenses/by-nc/4.0/,Helder Cardoso,https://www.inaturalist.org/observations/52190042,https://static.inaturalist.org/sounds/117689.m4a?1594068019,,Tettigonia_viridissima,Train,,0.433418,data\raw\pilot\Train\Tettigonia_viridissima_IN52190042_117689.mp3
Neotibicen_pruinosus_IN354148_274.mp3,Neotibicen_pruinosus,Cicadidae,http://creativecommons.org/licenses/by-nc-sa/4.0/,Lee Elliott,https://www.inaturalist.org/observations/354148,https://static.inaturalist.org/sounds/274.mp3?1502824193,,Neotibicen_pruinosus,Train,,0.942005,data\raw\pilot\Train\Neotibicen_pruinosus_IN354148_274.mp3
Neotibicen_pruinosus_IN130885272_520766.mp3,Neotibicen_pruinosus,Cicadidae,http://creativecommons.org/licenses/by/4.0/,florawhite,https://www.inaturalist.org/observations/130885272,https://static.inaturalist.org/sounds/520766.m4a?1660530913,,Neotibicen_pruinosus,Train,,0.36975,data\raw\pilot\Train\Neotibicen_pruinosus_IN130885272_520766.mp3
Aleeta_curvicosta_IN142880920_567671.wav,Aleeta_curvicosta,Cicadidae,http://creativecommons.org/licenses/by-nc/4.0/,Christie,https://www.inaturalist.org/observations/142880920,https://static.inaturalist.org/sounds/567671.wav?1669540506,,Aleeta_curvicosta,Train,,0.605841,data\raw\pilot\Train\Aleeta_curvicosta_IN142880920_567671.wav
Gryllus_campestris_IN208500297_977102.mp3,Gryllus_campestris,Orthoptera,http://creativecommons.org/licenses/by/4.0/,E. A.,https://www.inaturalist.org/observations/208500297,https://static.inaturalist.org/sounds/977102.m4a?1713713452,,Gryllus_campestris,Train,,0.140826,data\raw\pilot\Train\Gryllus_campestris_IN208500297_977102.mp3
Tettigonia_viridissima_IN57737361_132983.mp3,Tettigonia_viridissima,Orthoptera,http://creativecommons.org/licenses/by-nc/4.0/,mobbini,https://www.inaturalist.org/observations/57737361,https://static.inaturalist.org/sounds/132983.mp3?1598539834,,Tettigonia_viridissima,Train,,0.173722,data\raw\pilot\Train\Tettigonia_viridissima_IN57737361_132983.mp3
Tettigonia_viridissima_IN175995232_782619.wav,Tettigonia_viridissima,Orthoptera,http://creativecommons.org/licenses/by-nc/4.0/,Benjamin Schmid,https://www.inaturalist.org/observations/175995232,https://static.inaturalist.org/sounds/782619.wav?1690835470,,Tettigonia_viridissima,Train,,0.658942,data\raw\pilot\Train\Tettigonia_viridissima_IN175995232_782619.wav
Neotibicen_pruinosus_IN87793400_278547.wav,Neotibicen_pruinosus,Cicadidae,http://creativecommons.org/licenses/by-nc/4.0/,Joshua Campos,https://www.inaturalist.org/observations/87793400,https://static.inaturalist.org/sounds/278547.wav?1626741248,,Neotibicen_pruinosus,Train,,1.343262,data\raw\pilot\Train\Neotibicen_pruinosus_IN87793400_278547.wav
Aleeta_curvicosta_IN148426399_595368.mp3,Aleeta_curvicosta,Cicadidae,http://creativecommons.org/licenses/by-nc/4.0/,jhannan,https://www.inaturalist.org/observations/148426399,https://static.inaturalist.org/sounds/595368.m4a?1676000190,,Aleeta_curvicosta,Train,,0.169949,data\raw\pilot\Train\Aleeta_curvicosta_IN148426399_595368.mp3
Aleeta_curvicosta_IN145866528_581268.mp3,Aleeta_curvicosta,Cicadidae,http://creativecommons.org/licenses/by/4.0/,Thomas Mesaglio,https://www.inaturalist.org/observations/145866528,https://static.inaturalist.org/sounds/581268.m4a?1672882779,,Aleeta_curvicosta,Train,,0.656947,data\raw\pilot\Train\Aleeta_curvicosta_IN145866528_581268.mp3
Roeseliana_roeselii_IN195856352_871367.mp3,Roeseliana_roeselii,Orthoptera,http://creativecommons.org/licenses/by-nc/4.0/,mobbini,https://www.inaturalist.org/observations/195856352,https://static.inaturalist.org/sounds/871367.mp3?1704480176,,Roeseliana_roeselii,Train,,0.048293,data\raw\pilot\Train\Roeseliana_roeselii_IN195856352_871367.mp3
Roeseliana_roeselii_IN84956209_264494.mp3,Roeseliana_roeselii,Orthoptera,http://creativecommons.org/licenses/by-nc/4.0/,Дмитрий,https://www.inaturalist.org/observations/84956209,https://static.inaturalist.org/sounds/264494.mp3?1624962670,,Roeseliana_roeselii,Train,,0.469152,data\raw\pilot\Train\Roeseliana_roeselii_IN84956209_264494.mp3
Neotibicen_pruinosus_IN56281230_129693.mp3,Neotibicen_pruinosus,Cicadidae,http://creativecommons.org/publicdomain/zero/1.0/,Adam Kranz,https://www.inaturalist.org/observations/56281230,https://static.inaturalist.org/sounds/129693.mp3?1597281722,,Neotibicen_pruinosus,Train,,0.081774,data\raw\pilot\Train\Neotibicen_pruinosus_IN56281230_129693.mp3
Neotibicen_pruinosus_IN86513650_272706.mp3,Neotibicen_pruinosus,Cicadidae,http://creativecommons.org/licenses/by-nc/4.0/,Chris Harrison,https://www.inaturalist.org/observations/86513650,https://static.inaturalist.org/sounds/272706.mp3?1626024463,,Neotibicen_pruinosus,Train,,0.468368,data\raw\pilot\Train\Neotibicen_pruinosus_IN86513650_272706.mp3
Roeseliana_roeselii_IN87549316_276962.mp3,Roeseliana_roeselii,Orthoptera,http://creativecommons.org/licenses/by-nc/4.0/,naturalistyak23,https://www.inaturalist.org/observations/87549316,https://static.inaturalist.org/sounds/276962.m4a?1626617234,,Roeseliana_roeselii,Train,,0.288028,data\raw\pilot\Train\Roeseliana_roeselii_IN87549316_276962.mp3
Galanga_labeculata_IN18726125_27745.mp3,Galanga_labeculata,Cicadidae,http://creativecommons.org/licenses/by-nc/4.0/,Joel Poyitt,https://www.inaturalist.org/observations/18726125,https://static.inaturalist.org/sounds/27745.m4a?1648746969,,Galanga_labeculata,Train,,0.322027,data\raw\pilot\Train\Galanga_labeculata_IN18726125_27745.mp3
Galanga_labeculata_IN35873786_50716.wav,Galanga_labeculata,Cicadidae,http://creativecommons.org/licenses/by-nc/4.0/,bpscicada,https://www.inaturalist.org/observations/35873786,https://static.inaturalist.org/sounds/50716.wav?1574222690,,Galanga_labeculata,Train,,0.544754,data\raw\pilot\Train\Galanga_labeculata_IN35873786_50716.wav
Neotibicen_pruinosus_IN85042299_264848.mp3,Neotibicen_pruinosus,Cicadidae,http://creativecommons.org/licenses/by-nc/4.0/,senorshark,https://www.inaturalist.org/observations/85042299,https://static.inaturalist.org/sounds/264848.m4a?1625015735,,Neotibicen_pruinosus,Train,,0.738482,data\raw\pilot\Train\Neotibicen_pruinosus_IN85042299_264848.mp3
Galanga_labeculata_IN36267409_51571.wav,Galanga_labeculata,Cicadidae,http://creativecommons.org/licenses/by-nc/4.0/,bpscicada,https://www.inaturalist.org/observations/36267409,https://static.inaturalist.org/sounds/51571.wav?1575235053,,Galanga_labeculata,Train,,1.018451,data\raw\pilot\Train\Galanga_labeculata_IN36267409_51571.wav
Neotibicen_pruinosus_IN135984866_539386.mp3,Neotibicen_pruinosus,Cicadidae,http://creativecommons.org/licenses/by-nc/4.0/,Caleb Helsel,https://www.inaturalist.org/observations/135984866,https://static.inaturalist.org/sounds/539386.m4a?1663807041,,Neotibicen_pruinosus,Train,,0.253471,data\raw\pilot\Train\Neotibicen_pruinosus_IN135984866_539386.mp3
Neotibicen_pruinosus_IN225009318_1108156.mp3,Neotibicen_pruinosus,Cicadidae,http://creativecommons.org/licenses/by-nc/4.0/,Emma,https://www.inaturalist.org/observations/225009318,https://static.inaturalist.org/sounds/1108156.m4a?1719278326,,Neotibicen_pruinosus,Train,,0.181096,data\raw\pilot\Train\Neotibicen_pruinosus_IN225009318_1108156.mp3
Neotibicen_pruinosus_IN105363148_348552.mp3,Neotibicen_pruinosus,Cicadidae,http://creativecommons.org/licenses/by-nc/4.0/,Iowa Naturalist,https://www.inaturalist.org/observations/105363148,https://static.inaturalist.org/sounds/348552.m4a?1642862077,,Neotibicen_pruinosus,Train,,1.406584,data\raw\pilot\Train\Neotibicen_pruinosus_IN105363148_348552.mp3
Roeseliana_roeselii_IN142130802_563933.mp3,Roeseliana_roeselii,Orthoptera,http://creativecommons.org/licenses/by-nc/4.0/,mobbini,https://www.inaturalist.org/observations/142130802,https://static.inaturalist.org/sounds/563933.mp3?1668589667,,Roeseliana_roeselii,Train,,0.078407,data\raw\pilot\Train\Roeseliana_roeselii_IN142130802_563933.mp3
Roeseliana_roeselii_IN183246381_812381.mp3,Roeseliana_roeselii,Orthoptera,http://creativecommons.org/licenses/by-nc/4.0/,Marco Barandun,https://www.inaturalist.org/observations/183246381,https://static.inaturalist.org/sounds/812381.m4a?1694714915,,Roeseliana_roeselii,Train,,0.199078,data\raw\pilot\Train\Roeseliana_roeselii_IN183246381_812381.mp3
Roeseliana_roeselii_IN229233886_1131846.mp3,Roeseliana_roeselii,Orthoptera,http://creativecommons.org/licenses/by-nc/4.0/,Karol Łanocha,https://www.inaturalist.org/observations/229233886,https://static.inaturalist.org/sounds/1131846.m4a?1720956197,,Roeseliana_roeselii,Train,,0.159051,data\raw\pilot\Train\Roeseliana_roeselii_IN229233886_1131846.mp3
Neotibicen_pruinosus_IN57790798_133035.mp3,Neotibicen_pruinosus,Cicadidae,http://creativecommons.org/publicdomain/zero/1.0/,Victor Engel,https://www.inaturalist.org/observations/57790798,https://static.inaturalist.org/sounds/133035.m4a?1598576110,,Neotibicen_pruinosus,Train,,0.49927,data\raw\pilot\Train\Neotibicen_pruinosus_IN57790798_133035.mp3
Chorthippus_biguttulus_IN87702819_277911.mp3,Chorthippus_biguttulus,Orthoptera,http://creativecommons.org/licenses/by/4.0/,snaily_naily173,https://www.inaturalist.org/observations/87702819,https://static.inaturalist.org/sounds/277911.mp3?1626698608,,Chorthippus_biguttulus,Train,,0.131973,data\raw\pilot\Train\Chorthippus_biguttulus_IN87702819_277911.mp3
Roeseliana_roeselii_IN181939652_807172.mp3,Roeseliana_roeselii,Orthoptera,http://creativecommons.org/licenses/by-nc/4.0/,Africa Gomez,https://www.inaturalist.org/observations/181939652,https://static.inaturalist.org/sounds/807172.m4a?1693937060,,Roeseliana_roeselii,Train,,0.127526,data\raw\pilot\Train\Roeseliana_roeselii_IN181939652_807172.mp3
Roeseliana_roeselii_IN87717642_277962.mp3,Roeseliana_roeselii,Orthoptera,http://creativecommons.org/licenses/by-nc/4.0/,Sebastian Wenzel,https://www.inaturalist.org/observations/87717642,https://static.inaturalist.org/sounds/277962.m4a?1626706609,,Roeseliana_roeselii,Train,,0.497788,data\raw\pilot\Train\Roeseliana_roeselii_IN87717642_277962.mp3
Neotibicen_pruinosus_IN124202303_487375.mp3,Neotibicen_pruinosus,Cicadidae,http://creativecommons.org/licenses/by-nc/4.0/,FurYu_naturalist,https://www.inaturalist.org/observations/124202303,https://static.inaturalist.org/sounds/487375.mp3?1656647087,,Neotibicen_pruinosus,Train,,0.100322,data\raw\pilot\Train\Neotibicen_pruinosus_IN124202303_487375.mp3
Chorthippus_biguttulus_IN182038546_807543.wav,Chorthippus_biguttulus,Orthoptera,http://creativecommons.org/licenses/by-nc/4.0/,Monika E.,https://www.inaturalist.org/observations/182038546,https://static.inaturalist.org/sounds/807543.wav?1694002736,,Chorthippus_biguttulus,Train,,1.226111,data\raw\pilot\Train\Chorthippus_biguttulus_IN182038546_807543.wav
Roeseliana_roeselii_IN87974840_279673.wav,Roeseliana_roeselii,Orthoptera,http://creativecommons.org/licenses/by-nc/4.0/,kissitbeta,https://www.inaturalist.org/observations/87974840,https://static.inaturalist.org/sounds/279673.wav?1626866439,,Roeseliana_roeselii,Train,,0.983732,data\raw\pilot\Train\Roeseliana_roeselii_IN87974840_279673.wav
Neotibicen_pruinosus_IN174789322_777516.mp3,Neotibicen_pruinosus,Cicadidae,http://creativecommons.org/licenses/by-nc/4.0/,bigsnakes,https://www.inaturalist.org/observations/174789322,https://static.inaturalist.org/sounds/777516.m4a?1690248321,,Neotibicen_pruinosus,Train,,0.274694,data\raw\pilot\Train\Neotibicen_pruinosus_IN174789322_777516.mp3
Chorthippus_biguttulus_IN153834953_635038.mp3,Chorthippus_biguttulus,Orthoptera,http://creativecommons.org/licenses/by-nc/4.0/,mobbini,https://www.inaturalist.org/observations/153834953,https://static.inaturalist.org/sounds/635038.mp3?1680890409,,Chorthippus_biguttulus,Train,,0.090308,data\raw\pilot\Train\Chorthippus_biguttulus_IN153834953_635038.mp3
Chorthippus_biguttulus_IN186551731_826524.mp3,Chorthippus_biguttulus,Orthoptera,http://creativecommons.org/licenses/by/4.0/,E. A.,https://www.inaturalist.org/observations/186551731,https://static.inaturalist.org/sounds/826524.m4a?1696693448,,Chorthippus_biguttulus,Train,,0.404816,data\raw\pilot\Train\Chorthippus_biguttulus_IN186551731_826524.mp3
Neotibicen_pruinosus_IN96959613_312185.mp3,Neotibicen_pruinosus,Cicadidae,http://creativecommons.org/licenses/by-nc/4.0/,Caleb Helsel,https://www.inaturalist.org/observations/96959613,https://static.inaturalist.org/sounds/312185.m4a?1633218380,,Neotibicen_pruinosus,Train,,0.564833,data\raw\pilot\Train\Neotibicen_pruinosus_IN96959613_312185.mp3
Neotibicen_pruinosus_IN135062314_535911.mp3,Neotibicen_pruinosus,Cicadidae,http://creativecommons.org/licenses/by-nc/4.0/,wbird21,https://www.inaturalist.org/observations/135062314,https://static.inaturalist.org/sounds/535911.m4a?1663202339,,Neotibicen_pruinosus,Train,,0.101939,data\raw\pilot\Train\Neotibicen_pruinosus_IN135062314_535911.mp3
Roeseliana_roeselii_IN170208330_755622.wav,Roeseliana_roeselii,Orthoptera,http://creativecommons.org/licenses/by-nc/4.0/,maximion,https://www.inaturalist.org/observations/170208330,https://static.inaturalist.org/sounds/755622.wav?1688088164,,Roeseliana_roeselii,Train,,0.331585,data\raw\pilot\Train\Roeseliana_roeselii_IN170208330_755622.wav
Chorthippus_biguttulus_IN132441713_527084.mp3,Chorthippus_biguttulus,Orthoptera,http://creativecommons.org/licenses/by/4.0/,E. A.,https://www.inaturalist.org/observations/132441713,https://static.inaturalist.org/sounds/527084.mp3?1661537059,,Chorthippus_biguttulus,Train,,0.104006,data\raw\pilot\Train\Chorthippus_biguttulus_IN132441713_527084.mp3
Roeseliana_roeselii_IN223346828_1098116.mp3,Roeseliana_roeselii,Orthoptera,http://creativecommons.org/licenses/by-nc/4.0/,Miriam Öttl,https://www.inaturalist.org/observations/223346828,https://static.inaturalist.org/sounds/1098116.m4a?1718636671,,Roeseliana_roeselii,Train,,0.423409,data\raw\pilot\Train\Roeseliana_roeselii_IN223346828_1098116.mp3
Roeseliana_roeselii_IN787542_1596.mp3,Roeseliana_roeselii,Orthoptera,http://creativecommons.org/publicdomain/zero/1.0/,Kent McFarland,https://www.inaturalist.org/observations/787542,https://static.inaturalist.org/sounds/1596.mp3?1502825441,,Roeseliana_roeselii,Train,,0.318013,data\raw\pilot\Train\Roeseliana_roeselii_IN787542_1596.mp3
Chorthippus_biguttulus_IN229871283_1134772.mp3,Chorthippus_biguttulus,Orthoptera,http://creativecommons.org/licenses/by-nc/4.0/,admss,https://www.inaturalist.org/observations/229871283,https://static.inaturalist.org/sounds/1134772.mp3?1721212729,,Chorthippus_biguttulus,Train,,0.110021,data\raw\pilot\Train\Chorthippus_biguttulus_IN229871283_1134772.mp3
Chorthippus_biguttulus_IN180093735_799545.mp3,Chorthippus_biguttulus,Orthoptera,http://creativecommons.org/licenses/by/4.0/,E. A.,https://www.inaturalist.org/observations/180093735,https://static.inaturalist.org/sounds/799545.m4a?1692956330,,Chorthippus_biguttulus,Train,,0.410288,data\raw\pilot\Train\Chorthippus_biguttulus_IN180093735_799545.mp3
Roeseliana_roeselii_IN181930870_807120.mp3,Roeseliana_roeselii,Orthoptera,http://creativecommons.org/licenses/by-nc/4.0/,Africa Gomez,https://www.inaturalist.org/observations/181930870,https://static.inaturalist.org/sounds/807120.m4a?1693933603,,Roeseliana_roeselii,Train,,0.170966,data\raw\pilot\Train\Roeseliana_roeselii_IN181930870_807120.mp3
Chorthippus_biguttulus_IN139416181_552098.mp3,Chorthippus_biguttulus,Orthoptera,http://creativecommons.org/licenses/by/4.0/,E. A.,https://www.inaturalist.org/observations/139416181,https://static.inaturalist.org/sounds/552098.mp3?1666264819,,Chorthippus_biguttulus,Train,,0.027426,data\raw\pilot\Train\Chorthippus_biguttulus_IN139416181_552098.mp3
Chorthippus_biguttulus_IN128117476_508247.mp3,Chorthippus_biguttulus,Orthoptera,http://creativecommons.org/licenses/by-nc/4.0/,markussehnal,https://www.inaturalist.org/observations/128117476,https://static.inaturalist.org/sounds/508247.m4a?1658914035,,Chorthippus_biguttulus,Train,,0.105597,data\raw\pilot\Train\Chorthippus_biguttulus_IN128117476_508247.mp3
Roeseliana_roeselii_IN176486516_784917.mp3,Roeseliana_roeselii,Orthoptera,http://creativecommons.org/licenses/by/4.0/,Sean Hartnett,https://www.inaturalist.org/observations/176486516,https://static.inaturalist.org/sounds/784917.m4a?1691091935,,Roeseliana_roeselii,Train,,0.105392,data\raw\pilot\Train\Roeseliana_roeselii_IN176486516_784917.mp3
Chorthippus_biguttulus_IN182303889_808561.mp3,Chorthippus_biguttulus,Orthoptera,http://creativecommons.org/licenses/by-nc/4.0/,Karol Łanocha,https://www.inaturalist.org/observations/182303889,https://static.inaturalist.org/sounds/808561.m4a?1694171626,,Chorthippus_biguttulus,Train,,0.472789,data\raw\pilot\Train\Chorthippus_biguttulus_IN182303889_808561.mp3
Roeseliana_roeselii_IN198598341_891073.mp3,Roeseliana_roeselii,Orthoptera,http://creativecommons.org/licenses/by-nc/4.0/,mobbini,https://www.inaturalist.org/observations/198598341,https://static.inaturalist.org/sounds/891073.mp3?1707254096,,Roeseliana_roeselii,Train,,0.227746,data\raw\pilot\Train\Roeseliana_roeselii_IN198598341_891073.mp3
Roeseliana_roeselii_IN182166261_808052.mp3,Roeseliana_roeselii,Orthoptera,http://creativecommons.org/licenses/by-nc/4.0/,Karol Łanocha,https://www.inaturalist.org/observations/182166261,https://static.inaturalist.org/sounds/808052.m4a?1694083379,,Roeseliana_roeselii,Train,,0.637762,data\raw\pilot\Train\Roeseliana_roeselii_IN182166261_808052.mp3
Chorthippus_biguttulus_IN159474723_679255.mp3,Chorthippus_biguttulus,Orthoptera,http://creativecommons.org/licenses/by-nc/4.0/,mobbini,https://www.inaturalist.org/observations/159474723,https://static.inaturalist.org/sounds/679255.mp3?1683133873,,Chorthippus_biguttulus,Train,,0.097884,data\raw\pilot\Train\Chorthippus_biguttulus_IN159474723_679255.mp3
Chorthippus_biguttulus_XC865737.wav,Chorthippus_biguttulus,Orthoptera,//creativecommons.org/licenses/by-sa/4.0/,S. Ingrisch,https://xeno-canto.org/865737,https://xeno-canto.org/865737/download,,Chorthippus_biguttulus,Train,27.0,2.857203,data\raw\pilot\Train\Chorthippus_biguttulus_XC865737.wav
Chorthippus_biguttulus_IN181724367_806288.mp3,Chorthippus_biguttulus,Orthoptera,http://creativecommons.org/licenses/by-nc/4.0/,Karol Łanocha,https://www.inaturalist.org/observations/181724367,https://static.inaturalist.org/sounds/806288.m4a?1693829352,,Chorthippus_biguttulus,Train,,0.359273,data\raw\pilot\Train\Chorthippus_biguttulus_IN181724367_806288.mp3
Chorthippus_biguttulus_XC915242.wav,Chorthippus_biguttulus,Orthoptera,//creativecommons.org/licenses/by-nc-sa/4.0/,Cedric Mroczko,https://xeno-canto.org/915242,https://xeno-canto.org/915242/download,,Chorthippus_biguttulus,Train,,0.818051,data\raw\pilot\Train\Chorthippus_biguttulus_XC915242.wav
Chorthippus_biguttulus_IN93933458_302385.mp3,Chorthippus_biguttulus,Orthoptera,http://creativecommons.org/licenses/by-nc/4.0/,gernotkunz,https://www.inaturalist.org/observations/93933458,https://static.inaturalist.org/sounds/302385.m4a?1630971050,,Chorthippus_biguttulus,Train,,0.177596,data\raw\pilot\Train\Chorthippus_biguttulus_IN93933458_302385.mp3
Chorthippus_biguttulus_IN182789036_810355.mp3,Chorthippus_biguttulus,Orthoptera,http://creativecommons.org/licenses/by-nc/4.0/,Karol Łanocha,https://www.inaturalist.org/observations/182789036,https://static.inaturalist.org/sounds/810355.m4a?1694429567,,Chorthippus_biguttulus,Train,,0.303413,data\raw\pilot\Train\Chorthippus_biguttulus_IN182789036_810355.mp3
Chorthippus_biguttulus_IN134549559_533990.mp3,Chorthippus_biguttulus,Orthoptera,http://creativecommons.org/licenses/by-nc/4.0/,mobbini,https://www.inaturalist.org/observations/134549559,https://static.inaturalist.org/sounds/533990.mp3?1662886117,,Chorthippus_biguttulus,Train,,0.090185,data\raw\pilot\Train\Chorthippus_biguttulus_IN134549559_533990.mp3
Tettigonia_viridissima_IN173818889_773231.mp3,Tettigonia_viridissima,Orthoptera,http://creativecommons.org/licenses/by-nc/4.0/,heimat24,https://www.inaturalist.org/observations/173818889,https://static.inaturalist.org/sounds/773231.m4a?1689795229,,Tettigonia_viridissima,Validation,,0.439919,data\raw\pilot\Validation\Tettigonia_viridissima_IN173818889_773231.mp3
Yoyetta_celis_IN36244081_51498.wav,Yoyetta_celis,Cicadidae,http://creativecommons.org/licenses/by-nc/4.0/,bpscicada,https://www.inaturalist.org/observations/36244081,https://static.inaturalist.org/sounds/51498.wav?1575177359,,Yoyetta_celis,Validation,,0.931838,data\raw\pilot\Validation\Yoyetta_celis_IN36244081_51498.wav
Tettigonia_viridissima_IN177367388_788376.wav,Tettigonia_viridissima,Orthoptera,http://creativecommons.org/licenses/by/4.0/,Daniel Linzbauer,https://www.inaturalist.org/observations/177367388,https://static.inaturalist.org/sounds/788376.wav?1691513634,,Tettigonia_viridissima,Validation,,1.053754,data\raw\pilot\Validation\Tettigonia_viridissima_IN177367388_788376.wav
Chorthippus_biguttulus_IN178516438_793107.mp3,Chorthippus_biguttulus,Orthoptera,http://creativecommons.org/licenses/by-nc/4.0/,Karol Łanocha,https://www.inaturalist.org/observations/178516438,https://static.inaturalist.org/sounds/793107.m4a?1692102192,,Chorthippus_biguttulus,Validation,,0.599359,data\raw\pilot\Validation\Chorthippus_biguttulus_IN178516438_793107.mp3
Pterophylla_camellifolia_IN126686277_501475.mp3,Pterophylla_camellifolia,Orthoptera,http://creativecommons.org/licenses/by-nc/4.0/,Caleb Wardlaw,https://www.inaturalist.org/observations/126686277,https://static.inaturalist.org/sounds/501475.mp3?1658082876,,Pterophylla_camellifolia,Validation,,0.150071,data\raw\pilot\Validation\Pterophylla_camellifolia_IN126686277_501475.mp3
Chorthippus_biguttulus_IN146414348_584058.mp3,Chorthippus_biguttulus,Orthoptera,http://creativecommons.org/licenses/by-nc/4.0/,mobbini,https://www.inaturalist.org/observations/146414348,https://static.inaturalist.org/sounds/584058.mp3?1673547478,,Chorthippus_biguttulus,Validation,,0.069311,data\raw\pilot\Validation\Chorthippus_biguttulus_IN146414348_584058.mp3
Gryllus_campestris_IN211438912_1001318.mp3,Gryllus_campestris,Orthoptera,http://creativecommons.org/licenses/by-nc/4.0/,Manuel Raab,https://www.inaturalist.org/observations/211438912,https://static.inaturalist.org/sounds/1001318.m4a?1714381054,,Gryllus_campestris,Validation,,0.248625,data\raw\pilot\Validation\Gryllus_campestris_IN211438912_1001318.mp3
Cicada_orni_IN56340299_129786.mp3,Cicada_orni,Cicadidae,http://creativecommons.org/licenses/by-nc/4.0/,pilar_gsz,https://www.inaturalist.org/observations/56340299,https://static.inaturalist.org/sounds/129786.mp3?1597341462,,Cicada_orni,Validation,,0.058573,data\raw\pilot\Validation\Cicada_orni_IN56340299_129786.mp3
Cicada_orni_IN90430830_289146.mp3,Cicada_orni,Cicadidae,http://creativecommons.org/licenses/by-nc/4.0/,danzidro,https://www.inaturalist.org/observations/90430830,https://static.inaturalist.org/sounds/289146.mp3?1628447915,,Cicada_orni,Validation,,0.081752,data\raw\pilot\Validation\Cicada_orni_IN90430830_289146.mp3
Neotibicen_pruinosus_IN93223528_299945.mp3,Neotibicen_pruinosus,Cicadidae,http://creativecommons.org/licenses/by-nc/4.0/,Gary Morrissey,https://www.inaturalist.org/observations/93223528,https://static.inaturalist.org/sounds/299945.mp3?1630466461,,Neotibicen_pruinosus,Validation,,0.325127,data\raw\pilot\Validation\Neotibicen_pruinosus_IN93223528_299945.mp3
Yoyetta_celis_IN35182067_49657.mp3,Yoyetta_celis,Cicadidae,http://creativecommons.org/licenses/by-nc/4.0/,Joel Poyitt,https://www.inaturalist.org/observations/35182067,https://static.inaturalist.org/sounds/49657.m4a?1572653859,,Yoyetta_celis,Validation,,0.055297,data\raw\pilot\Validation\Yoyetta_celis_IN35182067_49657.mp3
Roeseliana_roeselii_IN179527682_797145.mp3,Roeseliana_roeselii,Orthoptera,http://creativecommons.org/licenses/by-nc/4.0/,Africa Gomez,https://www.inaturalist.org/observations/179527682,https://static.inaturalist.org/sounds/797145.m4a?1692628876,,Roeseliana_roeselii,Validation,,0.202671,data\raw\pilot\Validation\Roeseliana_roeselii_IN179527682_797145.mp3
Gryllus_campestris_IN47978891_99704.wav,Gryllus_campestris,Orthoptera,http://creativecommons.org/licenses/by/4.0/,Tim Leilich,https://www.inaturalist.org/observations/47978891,https://static.inaturalist.org/sounds/99704.wav?1590933818,,Gryllus_campestris,Validation,,1.257893,data\raw\pilot\Validation\Gryllus_campestris_IN47978891_99704.wav
Oecanthus_pellucens_IN180029250_799290.wav,Oecanthus_pellucens,Orthoptera,http://creativecommons.org/publicdomain/zero/1.0/,Thomas,https://www.inaturalist.org/observations/180029250,https://static.inaturalist.org/sounds/799290.mpga?1692910747,,Oecanthus_pellucens,Validation,,0.459849,data\raw\pilot\Validation\Oecanthus_pellucens_IN180029250_799290.wav
Roeseliana_roeselii_XC815806.wav,Roeseliana_roeselii,Orthoptera,//creativecommons.org/licenses/by-nc-sa/4.0/,Stuart Fisher,https://xeno-canto.org/815806,https://xeno-canto.org/815806/download,,Roeseliana_roeselii,Validation,20.0,1.343015,data\raw\pilot\Validation\Roeseliana_roeselii_XC815806.wav
Pterophylla_camellifolia_IN135505004_537619.mp3,Pterophylla_camellifolia,Orthoptera,http://creativecommons.org/licenses/by-nc/4.0/,Simon Wyatt,https://www.inaturalist.org/observations/135505004,https://static.inaturalist.org/sounds/537619.m4a?1663503713,,Pterophylla_camellifolia,Validation,,0.140995,data\raw\pilot\Validation\Pterophylla_camellifolia_IN135505004_537619.mp3
Pterophylla_camellifolia_IN137358183_544368.mp3,Pterophylla_camellifolia,Orthoptera,http://creativecommons.org/licenses/by-nc/4.0/,danielboed,https://www.inaturalist.org/observations/137358183,https://static.inaturalist.org/sounds/544368.m4a?1664757405,,Pterophylla_camellifolia,Validation,,0.154264,data\raw\pilot\Validation\Pterophylla_camellifolia_IN137358183_544368.mp3
Cicada_orni_IN85908952_269456.mp3,Cicada_orni,Cicadidae,http://creativecommons.org/licenses/by-nc/4.0/,Sofia Cerqueira,https://www.inaturalist.org/observations/85908952,https://static.inaturalist.org/sounds/269456.mp3?1625579193,,Cicada_orni,Validation,,0.095381,data\raw\pilot\Validation\Cicada_orni_IN85908952_269456.mp3
Psaltoda_plaga_IN196319905_874087.mp3,Psaltoda_plaga,Cicadidae,http://creativecommons.org/licenses/by-nc/4.0/,kw841432,https://www.inaturalist.org/observations/196319905,https://static.inaturalist.org/sounds/874087.m4a?1704938503,,Psaltoda_plaga,Validation,,0.36876,data\raw\pilot\Validation\Psaltoda_plaga_IN196319905_874087.mp3
Yoyetta_celis_IN138457007_548365.wav,Yoyetta_celis,Cicadidae,http://creativecommons.org/licenses/by-nc/4.0/,Christie,https://www.inaturalist.org/observations/138457007,https://static.inaturalist.org/sounds/548365.wav?1665539794,,Yoyetta_celis,Validation,,0.324045,data\raw\pilot\Validation\Yoyetta_celis_IN138457007_548365.wav
Psaltoda_plaga_IN146652122_585202.mp3,Psaltoda_plaga,Cicadidae,http://creativecommons.org/licenses/by-nc/4.0/,bpscicada,https://www.inaturalist.org/observations/146652122,https://static.inaturalist.org/sounds/585202.m4a?1673828314,,Psaltoda_plaga,Validation,,0.152566,data\raw\pilot\Validation\Psaltoda_plaga_IN146652122_585202.mp3
Tettigonia_viridissima_IN183016177_811344.mp3,Tettigonia_viridissima,Orthoptera,http://creativecommons.org/licenses/by-nc/4.0/,Alexander K.,https://www.inaturalist.org/observations/183016177,https://static.inaturalist.org/sounds/811344.mp3?1694562338,,Tettigonia_viridissima,Validation,,0.145239,data\raw\pilot\Validation\Tettigonia_viridissima_IN183016177_811344.mp3
Chorthippus_biguttulus_IN193382048_857480.wav,Chorthippus_biguttulus,Orthoptera,http://creativecommons.org/licenses/by-nc/4.0/,Gerrit Öhm,https://www.inaturalist.org/observations/193382048,https://static.inaturalist.org/sounds/857480.wav?1702043099,,Chorthippus_biguttulus,Validation,,0.152017,data\raw\pilot\Validation\Chorthippus_biguttulus_IN193382048_857480.wav
Aleeta_curvicosta_IN146648152_588937.wav,Aleeta_curvicosta,Cicadidae,http://creativecommons.org/licenses/by-nc/4.0/,Christie,https://www.inaturalist.org/observations/146648152,https://static.inaturalist.org/sounds/588937.wav?1674683880,,Aleeta_curvicosta,Validation,,0.536313,data\raw\pilot\Validation\Aleeta_curvicosta_IN146648152_588937.wav
Tettigonia_viridissima_XC870293.wav,Tettigonia_viridissima,Orthoptera,//creativecommons.org/licenses/by-sa/4.0/,K.-G. Heller,https://xeno-canto.org/870293,https://xeno-canto.org/870293/download,,Tettigonia_viridissima,Validation,25.0,1.917884,data\raw\pilot\Validation\Tettigonia_viridissima_XC870293.wav
Galanga_labeculata_IN38306986_56878.wav,Galanga_labeculata,Cicadidae,http://creativecommons.org/licenses/by-nc/4.0/,Christie,https://www.inaturalist.org/observations/38306986,https://static.inaturalist.org/sounds/56878.wav?1580864736,,Galanga_labeculata,Validation,,0.235783,data\raw\pilot\Validation\Galanga_labeculata_IN38306986_56878.wav
Gryllus_campestris_IN118352666_448316.mp3,Gryllus_campestris,Orthoptera,http://creativecommons.org/licenses/by-nc/4.0/,gernotkunz,https://www.inaturalist.org/observations/118352666,https://static.inaturalist.org/sounds/448316.m4a?1653306858,,Gryllus_campestris,Validation,,0.127188,data\raw\pilot\Validation\Gryllus_campestris_IN118352666_448316.mp3
Chorthippus_biguttulus_IN88460349_281494.mp3,Chorthippus_biguttulus,Orthoptera,http://creativecommons.org/licenses/by-nc/4.0/,Fred,https://www.inaturalist.org/observations/88460349,https://static.inaturalist.org/sounds/281494.mp3?1627166271,,Chorthippus_biguttulus,Validation,,0.031236,data\raw\pilot\Validation\Chorthippus_biguttulus_IN88460349_281494.mp3
Cicada_orni_IN223983816_1102015.wav,Cicada_orni,Cicadidae,http://creativecommons.org/licenses/by-nc/4.0/,Lucía,https://www.inaturalist.org/observations/223983816,https://static.inaturalist.org/sounds/1102015.wav?1718894920,,Cicada_orni,Validation,,0.806902,data\raw\pilot\Validation\Cicada_orni_IN223983816_1102015.wav
Pterophylla_camellifolia_IN97843317_314981.mp3,Pterophylla_camellifolia,Orthoptera,http://creativecommons.org/licenses/by-nc/4.0/,danmecklenburg,https://www.inaturalist.org/observations/97843317,https://static.inaturalist.org/sounds/314981.m4a?1633911726,,Pterophylla_camellifolia,Validation,,0.305687,data\raw\pilot\Validation\Pterophylla_camellifolia_IN97843317_314981.mp3
Pterophylla_camellifolia_IN840823_1729.wav,Pterophylla_camellifolia,Orthoptera,http://creativecommons.org/licenses/by-nc/4.0/,Mark Rosenstein,https://www.inaturalist.org/observations/840823,https://static.inaturalist.org/sounds/1729.wav?1502825588,,Pterophylla_camellifolia,Validation,,0.438696,data\raw\pilot\Validation\Pterophylla_camellifolia_IN840823_1729.wav
Tettigonia_viridissima_IN195075470_866751.mp3,Tettigonia_viridissima,Orthoptera,http://creativecommons.org/licenses/by-nc/4.0/,mobbini,https://www.inaturalist.org/observations/195075470,https://static.inaturalist.org/sounds/866751.mp3?1703775882,,Tettigonia_viridissima,Validation,,0.078826,data\raw\pilot\Validation\Tettigonia_viridissima_IN195075470_866751.mp3
Pterophylla_camellifolia_IN100032246_324137.wav,Pterophylla_camellifolia,Orthoptera,http://creativecommons.org/licenses/by-nc/4.0/,David Jeffrey Ringer,https://www.inaturalist.org/observations/100032246,https://static.inaturalist.org/sounds/324137.wav?1635817463,,Pterophylla_camellifolia,Validation,,1.262738,data\raw\pilot\Validation\Pterophylla_camellifolia_IN100032246_324137.wav
Roeseliana_roeselii_IN127683041_506320.wav,Roeseliana_roeselii,Orthoptera,http://creativecommons.org/licenses/by-nc/4.0/,danamihaimileazachi,https://www.inaturalist.org/observations/127683041,https://static.inaturalist.org/sounds/506320.wav?1658674925,,Roeseliana_roeselii,Validation,,2.433741,data\raw\pilot\Validation\Roeseliana_roeselii_IN127683041_506320.wav
Tettigonia_viridissima_XC819346.mp3,Tettigonia_viridissima,Orthoptera,//creativecommons.org/licenses/by-nc-sa/4.0/,Francesco Barberini,https://xeno-canto.org/819346,https://xeno-canto.org/819346/download,Oecanthus pellucens,Tettigonia_viridissima,Validation,20.0,0.745334,data\raw\pilot\Validation\Tettigonia_viridissima_XC819346.mp3
Gryllus_campestris_IN122813973_478360.mp3,Gryllus_campestris,Orthoptera,http://creativecommons.org/licenses/by/4.0/,E. A.,https://www.inaturalist.org/observations/122813973,https://static.inaturalist.org/sounds/478360.mp3?1655823684,,Gryllus_campestris,Validation,,0.062612,data\raw\pilot\Validation\Gryllus_campestris_IN122813973_478360.mp3
Gryllus_campestris_XC902420.wav,Gryllus_campestris,Orthoptera,//creativecommons.org/licenses/by/4.0/,Marius Faiß,https://xeno-canto.org/902420,https://xeno-canto.org/902420/download,,Gryllus_campestris,Validation,,1.053046,data\raw\pilot\Validation\Gryllus_campestris_XC902420.wav
Galanga_labeculata_IN143541186_569416.wav,Galanga_labeculata,Cicadidae,http://creativecommons.org/licenses/by-nc/4.0/,Christie,https://www.inaturalist.org/observations/143541186,https://static.inaturalist.org/sounds/569416.wav?1670040560,,Galanga_labeculata,Validation,,0.355583,data\raw\pilot\Validation\Galanga_labeculata_IN143541186_569416.wav
Gryllus_campestris_IN161853519_698776.mp3,Gryllus_campestris,Orthoptera,http://creativecommons.org/licenses/by-nc/4.0/,Mathieu Derume,https://www.inaturalist.org/observations/161853519,https://static.inaturalist.org/sounds/698776.mp3?1684177981,,Gryllus_campestris,Validation,,0.16333,data\raw\pilot\Validation\Gryllus_campestris_IN161853519_698776.mp3
Gryllus_campestris_IN119777953_458468.mp3,Gryllus_campestris,Orthoptera,http://creativecommons.org/licenses/by-nc/4.0/,jansson,https://www.inaturalist.org/observations/119777953,https://static.inaturalist.org/sounds/458468.mp3?1654112716,,Gryllus_campestris,Validation,,0.125093,data\raw\pilot\Validation\Gryllus_campestris_IN119777953_458468.mp3
Tettigonia_viridissima_IN129707872_515700.mp3,Tettigonia_viridissima,Orthoptera,http://creativecommons.org/licenses/by-nc/4.0/,mtfoliveira,https://www.inaturalist.org/observations/129707872,https://static.inaturalist.org/sounds/515700.m4a?1659809107,,Tettigonia_viridissima,Validation,,0.82223,data\raw\pilot\Validation\Tettigonia_viridissima_IN129707872_515700.mp3
Pterophylla_camellifolia_IN29502695_44466.mp3,Pterophylla_camellifolia,Orthoptera,http://creativecommons.org/licenses/by-nc-sa/4.0/,Lee Elliott,https://www.inaturalist.org/observations/29502695,https://static.inaturalist.org/sounds/44466.mp3?1564055328,,Pterophylla_camellifolia,Validation,,0.379791,data\raw\pilot\Validation\Pterophylla_camellifolia_IN29502695_44466.mp3
Yoyetta_celis_IN191648461_848495.mp3,Yoyetta_celis,Cicadidae,http://creativecommons.org/licenses/by-nc/4.0/,captainonionhead,https://www.inaturalist.org/observations/191648461,https://static.inaturalist.org/sounds/848495.m4a?1700545451,,Yoyetta_celis,Validation,,0.23388,data\raw\pilot\Validation\Yoyetta_celis_IN191648461_848495.mp3
Yoyetta_celis_IN106777935_357511.mp3,Yoyetta_celis,Cicadidae,http://creativecommons.org/licenses/by-nc/4.0/,Joel Poyitt,https://www.inaturalist.org/observations/106777935,https://static.inaturalist.org/sounds/357511.m4a?1644894051,,Yoyetta_celis,Validation,,0.079752,data\raw\pilot\Validation\Yoyetta_celis_IN106777935_357511.mp3
Aleeta_curvicosta_IN193254428_856919.mp3,Aleeta_curvicosta,Cicadidae,http://creativecommons.org/licenses/by-nc/4.0/,Joel Poyitt,https://www.inaturalist.org/observations/193254428,https://static.inaturalist.org/sounds/856919.m4a?1701907091,,Aleeta_curvicosta,Validation,,0.305511,data\raw\pilot\Validation\Aleeta_curvicosta_IN193254428_856919.mp3
Gryllus_campestris_IN206141010_959062.wav,Gryllus_campestris,Orthoptera,http://creativecommons.org/licenses/by-nc/4.0/,Benjamin Schmid,https://www.inaturalist.org/observations/206141010,https://static.inaturalist.org/sounds/959062.wav?1712610744,,Gryllus_campestris,Validation,,0.483874,data\raw\pilot\Validation\Gryllus_campestris_IN206141010_959062.wav
Pterophylla_camellifolia_IN130716759_520131.mp3,Pterophylla_camellifolia,Orthoptera,http://creativecommons.org/licenses/by-nc/4.0/,D.J. McNeil,https://www.inaturalist.org/observations/130716759,https://static.inaturalist.org/sounds/520131.m4a?1660440300,,Pterophylla_camellifolia,Validation,,0.07755,data\raw\pilot\Validation\Pterophylla_camellifolia_IN130716759_520131.mp3
Psaltoda_plaga_IN144178251_572068.mp3,Psaltoda_plaga,Cicadidae,http://creativecommons.org/licenses/by-nc/4.0/,Joel Poyitt,https://www.inaturalist.org/observations/144178251,https://static.inaturalist.org/sounds/572068.m4a?1670792781,,Psaltoda_plaga,Validation,,0.086283,data\raw\pilot\Validation\Psaltoda_plaga_IN144178251_572068.mp3
Yoyetta_celis_IN190727311_844559.wav,Yoyetta_celis,Cicadidae,http://creativecommons.org/licenses/by-nc/4.0/,Christie,https://www.inaturalist.org/observations/190727311,https://static.inaturalist.org/sounds/844559.wav?1699759260,,Yoyetta_celis,Validation,,0.104261,data\raw\pilot\Validation\Yoyetta_celis_IN190727311_844559.wav
Roeseliana_roeselii_IN225483810_1111128.mp3,Roeseliana_roeselii,Orthoptera,http://creativecommons.org/licenses/by-nc/4.0/,Karol Łanocha,https://www.inaturalist.org/observations/225483810,https://static.inaturalist.org/sounds/1111128.m4a?1719486138,,Roeseliana_roeselii,Validation,,0.236452,data\raw\pilot\Validation\Roeseliana_roeselii_IN225483810_1111128.mp3
Gryllus_campestris_IN213523207_1017818.wav,Gryllus_campestris,Orthoptera,http://creativecommons.org/licenses/by/4.0/,David Sandler,https://www.inaturalist.org/observations/213523207,https://static.inaturalist.org/sounds/1017818.wav?1714857791,,Gryllus_campestris,Validation,,0.434236,data\raw\pilot\Validation\Gryllus_campestris_IN213523207_1017818.wav
Cicada_orni_IN228432915_1127463.mp3,Cicada_orni,Cicadidae,http://creativecommons.org/licenses/by-nc/4.0/,georgiabig,https://www.inaturalist.org/observations/228432915,https://static.inaturalist.org/sounds/1127463.m4a?1720617896,,Cicada_orni,Validation,,0.308364,data\raw\pilot\Validation\Cicada_orni_IN228432915_1127463.mp3
Pterophylla_camellifolia_IN178292611_792237.mp3,Pterophylla_camellifolia,Orthoptera,http://creativecommons.org/licenses/by-nc/4.0/,mbertholomey,https://www.inaturalist.org/observations/178292611,https://static.inaturalist.org/sounds/792237.m4a?1691975426,,Pterophylla_camellifolia,Validation,,0.103431,data\raw\pilot\Validation\Pterophylla_camellifolia_IN178292611_792237.mp3
Pterophylla_camellifolia_IN132222276_526283.mp3,Pterophylla_camellifolia,Orthoptera,http://creativecommons.org/licenses/by-nc/4.0/,Kyle Aldinger,https://www.inaturalist.org/observations/132222276,https://static.inaturalist.org/sounds/526283.m4a?1661392230,,Pterophylla_camellifolia,Validation,,0.322393,data\raw\pilot\Validation\Pterophylla_camellifolia_IN132222276_526283.mp3
Roeseliana_roeselii_IN50480847_110488.wav,Roeseliana_roeselii,Orthoptera,http://creativecommons.org/licenses/by-nc/4.0/,gernotkunz,https://www.inaturalist.org/observations/50480847,https://static.inaturalist.org/sounds/110488.wav?1592778042,,Roeseliana_roeselii,Validation,,1.566912,data\raw\pilot\Validation\Roeseliana_roeselii_IN50480847_110488.wav
Cicada_orni_IN86179148_270705.mp3,Cicada_orni,Cicadidae,http://creativecommons.org/licenses/by-nc-sa/4.0/,M Ferreira,https://www.inaturalist.org/observations/86179148,https://static.inaturalist.org/sounds/270705.m4a?1625763501,,Cicada_orni,Validation,,0.168348,data\raw\pilot\Validation\Cicada_orni_IN86179148_270705.mp3
Yoyetta_celis_IN39916368_61378.mp3,Yoyetta_celis,Cicadidae,http://creativecommons.org/licenses/by-nc/4.0/,Joel Poyitt,https://www.inaturalist.org/observations/39916368,https://static.inaturalist.org/sounds/61378.m4a?1584082369,,Yoyetta_celis,Validation,,0.470089,data\raw\pilot\Validation\Yoyetta_celis_IN39916368_61378.mp3
Galanga_labeculata_IN195449713_868854.mp3,Galanga_labeculata,Cicadidae,http://creativecommons.org/licenses/by-nc/4.0/,Joel Poyitt,https://www.inaturalist.org/observations/195449713,https://static.inaturalist.org/sounds/868854.m4a?1704099229,,Galanga_labeculata,Validation,,0.36045,data\raw\pilot\Validation\Galanga_labeculata_IN195449713_868854.mp3
Yoyetta_celis_IN97411051_314635.wav,Yoyetta_celis,Cicadidae,http://creativecommons.org/licenses/by-nc/4.0/,Christie,https://www.inaturalist.org/observations/97411051,https://static.inaturalist.org/sounds/314635.wav?1633824057,,Yoyetta_celis,Validation,,0.164772,data\raw\pilot\Validation\Yoyetta_celis_IN97411051_314635.wav
Tettigonia_viridissima_IN33151681_47439.mp3,Tettigonia_viridissima,Orthoptera,http://creativecommons.org/licenses/by/4.0/,Svend Hansen,https://www.inaturalist.org/observations/33151681,https://static.inaturalist.org/sounds/47439.mp3?1569263985,,Tettigonia_viridissima,Validation,,0.135756,data\raw\pilot\Validation\Tettigonia_viridissima_IN33151681_47439.mp3
Cicada_orni_IN31406255_46000.mp3,Cicada_orni,Cicadidae,http://creativecommons.org/licenses/by-nc/4.0/,Daniel Raposo,https://www.inaturalist.org/observations/31406255,https://static.inaturalist.org/sounds/46000.mp3?1566660983,,Cicada_orni,Validation,,0.16058,data\raw\pilot\Validation\Cicada_orni_IN31406255_46000.mp3
Oecanthus_pellucens_IN133233998_529650.wav,Oecanthus_pellucens,Orthoptera,http://creativecommons.org/licenses/by/4.0/,Daniel Linzbauer,https://www.inaturalist.org/observations/133233998,https://static.inaturalist.org/sounds/529650.wav?1662054721,,Oecanthus_pellucens,Validation,,0.246317,data\raw\pilot\Validation\Oecanthus_pellucens_IN133233998_529650.wav
Neotibicen_pruinosus_IN181129222_803920.wav,Neotibicen_pruinosus,Cicadidae,http://creativecommons.org/licenses/by-nc/4.0/,eovran,https://www.inaturalist.org/observations/181129222,https://static.inaturalist.org/sounds/803920.wav?1693525242,,Neotibicen_pruinosus,Validation,,1.344294,data\raw\pilot\Validation\Neotibicen_pruinosus_IN181129222_803920.wav
Tettigonia_viridissima_IN182109083_807795.mp3,Tettigonia_viridissima,Orthoptera,http://creativecommons.org/licenses/by-nc/4.0/,Laine Romain,https://www.inaturalist.org/observations/182109083,https://static.inaturalist.org/sounds/807795.m4a?1694037892,,Tettigonia_viridissima,Validation,,0.251579,data\raw\pilot\Validation\Tettigonia_viridissima_IN182109083_807795.mp3
Neotibicen_pruinosus_IN88325128_281025.mp3,Neotibicen_pruinosus,Cicadidae,http://creativecommons.org/licenses/by-nc/4.0/,Kevin Young,https://www.inaturalist.org/observations/88325128,https://static.inaturalist.org/sounds/281025.m4a?1627084514,,Neotibicen_pruinosus,Validation,,0.139569,data\raw\pilot\Validation\Neotibicen_pruinosus_IN88325128_281025.mp3
Cicada_orni_IN51888049_116066.mp3,Cicada_orni,Cicadidae,http://creativecommons.org/licenses/by-nc/4.0/,Eduardo Ramirez Esteban,https://www.inaturalist.org/observations/51888049,https://static.inaturalist.org/sounds/116066.mp3?1593859363,,Cicada_orni,Validation,,0.717144,data\raw\pilot\Validation\Cicada_orni_IN51888049_116066.mp3
Oecanthus_pellucens_IN175819177_781812.mp3,Oecanthus_pellucens,Orthoptera,http://creativecommons.org/licenses/by-nc/4.0/,Rita Brito,https://www.inaturalist.org/observations/175819177,https://static.inaturalist.org/sounds/781812.m4a?1690752979,,Oecanthus_pellucens,Validation,,0.164553,data\raw\pilot\Validation\Oecanthus_pellucens_IN175819177_781812.mp3
Gryllus_campestris_IN205357808_952971.mp3,Gryllus_campestris,Orthoptera,http://creativecommons.org/licenses/by-nc/4.0/,Jonah Mechelhoff,https://www.inaturalist.org/observations/205357808,https://static.inaturalist.org/sounds/952971.m4a?1712228307,,Gryllus_campestris,Validation,,1.614284,data\raw\pilot\Validation\Gryllus_campestris_IN205357808_952971.mp3
Psaltoda_plaga_IN148557213_596247.wav,Psaltoda_plaga,Cicadidae,http://creativecommons.org/licenses/by-nc/4.0/,Christie,https://www.inaturalist.org/observations/148557213,https://static.inaturalist.org/sounds/596247.wav?1676155948,,Psaltoda_plaga,Validation,,0.438699,data\raw\pilot\Validation\Psaltoda_plaga_IN148557213_596247.wav
Cicada_orni_IN229232989_1131842.mp3,Cicada_orni,Cicadidae,http://creativecommons.org/licenses/by-nc/4.0/,Dominik Rabl,https://www.inaturalist.org/observations/229232989,https://static.inaturalist.org/sounds/1131842.m4a?1720955817,,Cicada_orni,Validation,,0.175779,data\raw\pilot\Validation\Cicada_orni_IN229232989_1131842.mp3
Tettigonia_viridissima_XC853898.wav,Tettigonia_viridissima,Orthoptera,//creativecommons.org/licenses/by-sa/4.0/,Baudewijn Odé,https://xeno-canto.org/853898,https://xeno-canto.org/853898/download,,Tettigonia_viridissima,Validation,,1.253106,data\raw\pilot\Validation\Tettigonia_viridissima_XC853898.wav
Galanga_labeculata_IN64168715_146851.wav,Galanga_labeculata,Cicadidae,http://creativecommons.org/licenses/by-nc/4.0/,Joel Poyitt,https://www.inaturalist.org/observations/64168715,https://static.inaturalist.org/sounds/146851.mpga?1604489479,,Galanga_labeculata,Validation,,1.092294,data\raw\pilot\Validation\Galanga_labeculata_IN64168715_146851.wav
Neotibicen_pruinosus_IN169298204_750508.mp3,Neotibicen_pruinosus,Cicadidae,http://creativecommons.org/licenses/by-nc/4.0/,fkdjdjfj3eiu5u392,https://www.inaturalist.org/observations/169298204,https://static.inaturalist.org/sounds/750508.mp3?1687656860,,Neotibicen_pruinosus,Validation,,0.177487,data\raw\pilot\Validation\Neotibicen_pruinosus_IN169298204_750508.mp3
Neotibicen_pruinosus_IN230892880_1139850.mp3,Neotibicen_pruinosus,Cicadidae,http://creativecommons.org/licenses/by/4.0/,L.J. Lamera,https://www.inaturalist.org/observations/230892880,https://static.inaturalist.org/sounds/1139850.m4a?1721610571,,Neotibicen_pruinosus,Validation,,0.313774,data\raw\pilot\Validation\Neotibicen_pruinosus_IN230892880_1139850.mp3
Roeseliana_roeselii_IN201714564_922248.mp3,Roeseliana_roeselii,Orthoptera,http://creativecommons.org/licenses/by-nc/4.0/,mobbini,https://www.inaturalist.org/observations/201714564,https://static.inaturalist.org/sounds/922248.mp3?1709930822,,Roeseliana_roeselii,Validation,,0.052474,data\raw\pilot\Validation\Roeseliana_roeselii_IN201714564_922248.mp3
Cicada_orni_IN124243825_487587.mp3,Cicada_orni,Cicadidae,http://creativecommons.org/licenses/by-nc/4.0/,maribego,https://www.inaturalist.org/observations/124243825,https://static.inaturalist.org/sounds/487587.m4a?1656683675,,Cicada_orni,Validation,,0.214735,data\raw\pilot\Validation\Cicada_orni_IN124243825_487587.mp3
Psaltoda_plaga_IN39374551_59402.wav,Psaltoda_plaga,Cicadidae,http://creativecommons.org/licenses/by-nc/4.0/,Christie,https://www.inaturalist.org/observations/39374551,https://static.inaturalist.org/sounds/59402.wav?1583017153,,Psaltoda_plaga,Validation,,0.295986,data\raw\pilot\Validation\Psaltoda_plaga_IN39374551_59402.wav
Yoyetta_celis_IN142573521_565734.mp3,Yoyetta_celis,Cicadidae,http://creativecommons.org/licenses/by-nc/4.0/,Christie,https://www.inaturalist.org/observations/142573521,https://static.inaturalist.org/sounds/565734.m4a?1669083237,,Yoyetta_celis,Validation,,0.043066,data\raw\pilot\Validation\Yoyetta_celis_IN142573521_565734.mp3
Roeseliana_roeselii_XC849214.wav,Roeseliana_roeselii,Orthoptera,//creativecommons.org/licenses/by-sa/4.0/,Baudewijn Odé,https://xeno-canto.org/849214,https://xeno-canto.org/849214/download,,Roeseliana_roeselii,Validation,,1.22035,data\raw\pilot\Validation\Roeseliana_roeselii_XC849214.wav
Yoyetta_celis_IN17344813_26359.mp3,Yoyetta_celis,Cicadidae,http://creativecommons.org/licenses/by-nc/4.0/,Joel Poyitt,https://www.inaturalist.org/observations/17344813,https://static.inaturalist.org/sounds/26359.m4a?1648690397,,Yoyetta_celis,Validation,,0.162076,data\raw\pilot\Validation\Yoyetta_celis_IN17344813_26359.mp3
Oecanthus_pellucens_IN177726843_789832.mp3,Oecanthus_pellucens,Orthoptera,http://creativecommons.org/licenses/by-nc/4.0/,Cristina Corti,https://www.inaturalist.org/observations/177726843,https://static.inaturalist.org/sounds/789832.m4a?1691700385,,Oecanthus_pellucens,Validation,,0.035558,data\raw\pilot\Validation\Oecanthus_pellucens_IN177726843_789832.mp3
Chorthippus_biguttulus_IN130095374_517284.mp3,Chorthippus_biguttulus,Orthoptera,http://creativecommons.org/licenses/by/4.0/,snaily_naily173,https://www.inaturalist.org/observations/130095374,https://static.inaturalist.org/sounds/517284.mp3?1660046168,,Chorthippus_biguttulus,Validation,,0.145223,data\raw\pilot\Validation\Chorthippus_biguttulus_IN130095374_517284.mp3
Neotibicen_pruinosus_IN230893069_1139852.mp3,Neotibicen_pruinosus,Cicadidae,http://creativecommons.org/licenses/by/4.0/,L.J. Lamera,https://www.inaturalist.org/observations/230893069,https://static.inaturalist.org/sounds/1139852.m4a?1721610660,,Neotibicen_pruinosus,Validation,,0.150202,data\raw\pilot\Validation\Neotibicen_pruinosus_IN230893069_1139852.mp3
Neotibicen_pruinosus_IN133405362_530101.mp3,Neotibicen_pruinosus,Cicadidae,http://creativecommons.org/licenses/by-nc/4.0/,aelfwyck,https://www.inaturalist.org/observations/133405362,https://static.inaturalist.org/sounds/530101.m4a?1662165040,,Neotibicen_pruinosus,Validation,,0.200967,data\raw\pilot\Validation\Neotibicen_pruinosus_IN133405362_530101.mp3
Chorthippus_biguttulus_IN138815444_549771.mp3,Chorthippus_biguttulus,Orthoptera,http://creativecommons.org/licenses/by/4.0/,E. A.,https://www.inaturalist.org/observations/138815444,https://static.inaturalist.org/sounds/549771.mp3?1665827601,,Chorthippus_biguttulus,Validation,,0.051167,data\raw\pilot\Validation\Chorthippus_biguttulus_IN138815444_549771.mp3
Oecanthus_pellucens_IN126952898_502824.wav,Oecanthus_pellucens,Orthoptera,http://creativecommons.org/licenses/by-nc/4.0/,Benjamin Schmid,https://www.inaturalist.org/observations/126952898,https://static.inaturalist.org/sounds/502824.wav?1658237907,,Oecanthus_pellucens,Validation,,0.587169,data\raw\pilot\Validation\Oecanthus_pellucens_IN126952898_502824.wav
Roeseliana_roeselii_IN181390035_804995.mp3,Roeseliana_roeselii,Orthoptera,http://creativecommons.org/licenses/by-nc/4.0/,Africa Gomez,https://www.inaturalist.org/observations/181390035,https://static.inaturalist.org/sounds/804995.m4a?1693668028,,Roeseliana_roeselii,Validation,,0.196567,data\raw\pilot\Validation\Roeseliana_roeselii_IN181390035_804995.mp3
Galanga_labeculata_IN192508794_853212.wav,Galanga_labeculata,Cicadidae,http://creativecommons.org/licenses/by-nc/4.0/,Christie,https://www.inaturalist.org/observations/192508794,https://static.inaturalist.org/sounds/853212.wav?1701223085,,Galanga_labeculata,Validation,,0.284931,data\raw\pilot\Validation\Galanga_labeculata_IN192508794_853212.wav
Chorthippus_biguttulus_IN188372669_834481.wav,Chorthippus_biguttulus,Orthoptera,http://creativecommons.org/licenses/by-nc/4.0/,Ludwig Treuter,https://www.inaturalist.org/observations/188372669,https://static.inaturalist.org/sounds/834481.wav?1697892543,,Chorthippus_biguttulus,Validation,,0.740393,data\raw\pilot\Validation\Chorthippus_biguttulus_IN188372669_834481.wav
Oecanthus_pellucens_IN182148706_807989.mp3,Oecanthus_pellucens,Orthoptera,http://creativecommons.org/licenses/by-nc/4.0/,Stephan Pflume,https://www.inaturalist.org/observations/182148706,https://static.inaturalist.org/sounds/807989.m4a?1694066397,,Oecanthus_pellucens,Validation,,0.444502,data\raw\pilot\Validation\Oecanthus_pellucens_IN182148706_807989.mp3
Chorthippus_biguttulus_IN132652138_527726.mp3,Chorthippus_biguttulus,Orthoptera,http://creativecommons.org/licenses/by/4.0/,E. A.,https://www.inaturalist.org/observations/132652138,https://static.inaturalist.org/sounds/527726.mp3?1661709720,,Chorthippus_biguttulus,Validation,,0.157497,data\raw\pilot\Validation\Chorthippus_biguttulus_IN132652138_527726.mp3
Oecanthus_pellucens_IN135164067_536257.mp3,Oecanthus_pellucens,Orthoptera,http://creativecommons.org/licenses/by-nc/4.0/,Stephan Pflume,https://www.inaturalist.org/observations/135164067,https://static.inaturalist.org/sounds/536257.m4a?1663272862,,Oecanthus_pellucens,Validation,,0.226848,data\raw\pilot\Validation\Oecanthus_pellucens_IN135164067_536257.mp3
Oecanthus_pellucens_IN90693488_290075.mp3,Oecanthus_pellucens,Orthoptera,http://creativecommons.org/licenses/by/4.0/,Vasyliuk Oleksij,https://www.inaturalist.org/observations/90693488,https://static.inaturalist.org/sounds/290075.mp3?1628623741,,Oecanthus_pellucens,Validation,,0.14563,data\raw\pilot\Validation\Oecanthus_pellucens_IN90693488_290075.mp3
Roeseliana_roeselii_IN184239120_816498.mp3,Roeseliana_roeselii,Orthoptera,http://creativecommons.org/licenses/by-nc/4.0/,aleia0107,https://www.inaturalist.org/observations/184239120,https://static.inaturalist.org/sounds/816498.m4a?1695293250,,Roeseliana_roeselii,Validation,,0.199504,data\raw\pilot\Validation\Roeseliana_roeselii_IN184239120_816498.mp3
Galanga_labeculata_IN143223045_568310.mp3,Galanga_labeculata,Cicadidae,http://creativecommons.org/licenses/by-nc/4.0/,Joel Poyitt,https://www.inaturalist.org/observations/143223045,https://static.inaturalist.org/sounds/568310.m4a?1669680392,,Galanga_labeculata,Validation,,0.118751,data\raw\pilot\Validation\Galanga_labeculata_IN143223045_568310.mp3
Aleeta_curvicosta_IN69543305_164110.wav,Aleeta_curvicosta,Cicadidae,http://creativecommons.org/licenses/by-nc/4.0/,Christie,https://www.inaturalist.org/observations/69543305,https://static.inaturalist.org/sounds/164110.wav?1613278222,,Aleeta_curvicosta,Validation,,0.679811,data\raw\pilot\Validation\Aleeta_curvicosta_IN69543305_164110.wav
Galanga_labeculata_IN36151452_51420.wav,Galanga_labeculata,Cicadidae,http://creativecommons.org/licenses/by-nc/4.0/,Christie,https://www.inaturalist.org/observations/36151452,https://static.inaturalist.org/sounds/51420.wav?1575086934,,Galanga_labeculata,Validation,,0.938298,data\raw\pilot\Validation\Galanga_labeculata_IN36151452_51420.wav
Oecanthus_pellucens_IN96374041_310151.wav,Oecanthus_pellucens,Orthoptera,http://creativecommons.org/licenses/by-nc/4.0/,Luis Santos,https://www.inaturalist.org/observations/96374041,https://static.inaturalist.org/sounds/310151.wav?1632757056,,Oecanthus_pellucens,Validation,,0.738979,data\raw\pilot\Validation\Oecanthus_pellucens_IN96374041_310151.wav
Galanga_labeculata_IN68437051_159863.wav,Galanga_labeculata,Cicadidae,http://creativecommons.org/licenses/by-nc/4.0/,Christie,https://www.inaturalist.org/observations/68437051,https://static.inaturalist.org/sounds/159863.wav?1611299103,,Galanga_labeculata,Validation,,0.238045,data\raw\pilot\Validation\Galanga_labeculata_IN68437051_159863.wav
Chorthippus_biguttulus_IN187108724_828804.mp3,Chorthippus_biguttulus,Orthoptera,http://creativecommons.org/licenses/by/4.0/,E. A.,https://www.inaturalist.org/observations/187108724,https://static.inaturalist.org/sounds/828804.m4a?1697025875,,Chorthippus_biguttulus,Validation,,0.146477,data\raw\pilot\Validation\Chorthippus_biguttulus_IN187108724_828804.mp3
Psaltoda_plaga_IN105065134_347911.wav,Psaltoda_plaga,Cicadidae,http://creativecommons.org/licenses/by-nc/4.0/,Christie,https://www.inaturalist.org/observations/105065134,https://static.inaturalist.org/sounds/347911.wav?1642670810,,Psaltoda_plaga,Validation,,0.586507,data\raw\pilot\Validation\Psaltoda_plaga_IN105065134_347911.wav
Oecanthus_pellucens_IN186083378_824529.mp3,Oecanthus_pellucens,Orthoptera,http://creativecommons.org/licenses/by-nc/4.0/,Stephan Pflume,https://www.inaturalist.org/observations/186083378,https://static.inaturalist.org/sounds/824529.m4a?1696365591,,Oecanthus_pellucens,Validation,,0.347875,data\raw\pilot\Validation\Oecanthus_pellucens_IN186083378_824529.mp3
Neotibicen_pruinosus_IN175823190_781824.mp3,Neotibicen_pruinosus,Cicadidae,http://creativecommons.org/licenses/by-nc-sa/4.0/,Lee Elliott,https://www.inaturalist.org/observations/175823190,https://static.inaturalist.org/sounds/781824.mp3?1690754482,,Neotibicen_pruinosus,Validation,,0.638677,data\raw\pilot\Validation\Neotibicen_pruinosus_IN175823190_781824.mp3
Psaltoda_plaga_IN62879265_143500.wav,Psaltoda_plaga,Cicadidae,http://creativecommons.org/licenses/by-nc/4.0/,Joel Poyitt,https://www.inaturalist.org/observations/62879265,https://static.inaturalist.org/sounds/143500.mpga?1603015535,,Psaltoda_plaga,Validation,,0.675205,data\raw\pilot\Validation\Psaltoda_plaga_IN62879265_143500.wav
Neotibicen_pruinosus_IN55036417_126621.mp3,Neotibicen_pruinosus,Cicadidae,http://creativecommons.org/licenses/by-nc-sa/4.0/,Lee Elliott,https://www.inaturalist.org/observations/55036417,https://static.inaturalist.org/sounds/126621.mp3?1596292577,,Neotibicen_pruinosus,Validation,,0.240318,data\raw\pilot\Validation\Neotibicen_pruinosus_IN55036417_126621.mp3
Psaltoda_plaga_IN150783604_612512.mp3,Psaltoda_plaga,Cicadidae,http://creativecommons.org/licenses/by-nc/4.0/,Joel Poyitt,https://www.inaturalist.org/observations/150783604,https://static.inaturalist.org/sounds/612512.m4a?1678500934,,Psaltoda_plaga,Validation,,0.16068,data\raw\pilot\Validation\Psaltoda_plaga_IN150783604_612512.mp3
Psaltoda_plaga_IN65314058_149899.mp3,Psaltoda_plaga,Cicadidae,http://creativecommons.org/licenses/by-nc/4.0/,kalimata,https://www.inaturalist.org/observations/65314058,https://static.inaturalist.org/sounds/149899.mp3?1605932081,,Psaltoda_plaga,Validation,,0.481755,data\raw\pilot\Validation\Psaltoda_plaga_IN65314058_149899.mp3
Roeseliana_roeselii_IN129686898_515609.mp3,Roeseliana_roeselii,Orthoptera,http://creativecommons.org/licenses/by/4.0/,snaily_naily173,https://www.inaturalist.org/observations/129686898,https://static.inaturalist.org/sounds/515609.mp3?1659801704,,Roeseliana_roeselii,Validation,,0.217781,data\raw\pilot\Validation\Roeseliana_roeselii_IN129686898_515609.mp3
Galanga_labeculata_IN36394650_51983.wav,Galanga_labeculata,Cicadidae,http://creativecommons.org/licenses/by-nc/4.0/,Christie,https://www.inaturalist.org/observations/36394650,https://static.inaturalist.org/sounds/51983.wav?1575668537,,Galanga_labeculata,Validation,,0.188804,data\raw\pilot\Validation\Galanga_labeculata_IN36394650_51983.wav
Neotibicen_pruinosus_IN93084014_299415.wav,Neotibicen_pruinosus,Cicadidae,http://creativecommons.org/licenses/by-nc/4.0/,Andrew Moore,https://www.inaturalist.org/observations/93084014,https://static.inaturalist.org/sounds/299415.wav?1630358860,,Neotibicen_pruinosus,Validation,,0.704698,data\raw\pilot\Validation\Neotibicen_pruinosus_IN93084014_299415.wav
Galanga_labeculata_IN34982627_49381.wav,Galanga_labeculata,Cicadidae,http://creativecommons.org/licenses/by-nc/4.0/,Christie,https://www.inaturalist.org/observations/34982627,https://static.inaturalist.org/sounds/49381.wav?1572213826,,Galanga_labeculata,Validation,,0.538965,data\raw\pilot\Validation\Galanga_labeculata_IN34982627_49381.wav
Chorthippus_biguttulus_IN97936922_315393.mp3,Chorthippus_biguttulus,Orthoptera,http://creativecommons.org/licenses/by-nc/4.0/,thehowlingwindbeckons,https://www.inaturalist.org/observations/97936922,https://static.inaturalist.org/sounds/315393.mp3?1633983827,,Chorthippus_biguttulus,Validation,,0.02968,data\raw\pilot\Validation\Chorthippus_biguttulus_IN97936922_315393.mp3
Psaltoda_plaga_IN66057259_152125.wav,Psaltoda_plaga,Cicadidae,http://creativecommons.org/licenses/by-nc/4.0/,Christie,https://www.inaturalist.org/observations/66057259,https://static.inaturalist.org/sounds/152125.wav?1607027385,,Psaltoda_plaga,Validation,,0.512462,data\raw\pilot\Validation\Psaltoda_plaga_IN66057259_152125.wav
Aleeta_curvicosta_IN9457274_17142.mp3,Aleeta_curvicosta,Cicadidae,http://creativecommons.org/licenses/by-nc/4.0/,Nicole Matthews,https://www.inaturalist.org/observations/9457274,https://static.inaturalist.org/sounds/17142.m4a?1648660002,,Aleeta_curvicosta,Validation,,1.366582,data\raw\pilot\Validation\Aleeta_curvicosta_IN9457274_17142.mp3
Aleeta_curvicosta_IN67696616_157721.wav,Aleeta_curvicosta,Cicadidae,http://creativecommons.org/licenses/by-nc/4.0/,Christie,https://www.inaturalist.org/observations/67696616,https://static.inaturalist.org/sounds/157721.wav?1610173304,,Aleeta_curvicosta,Validation,,0.518711,data\raw\pilot\Validation\Aleeta_curvicosta_IN67696616_157721.wav
Aleeta_curvicosta_IN146652313_585203.mp3,Aleeta_curvicosta,Cicadidae,http://creativecommons.org/licenses/by-nc/4.0/,bpscicada,https://www.inaturalist.org/observations/146652313,https://static.inaturalist.org/sounds/585203.m4a?1673828458,,Aleeta_curvicosta,Validation,,0.279846,data\raw\pilot\Validation\Aleeta_curvicosta_IN146652313_585203.mp3
Aleeta_curvicosta_IN67551476_156906.wav,Aleeta_curvicosta,Cicadidae,http://creativecommons.org/licenses/by-nc/4.0/,Christie,https://www.inaturalist.org/observations/67551476,https://static.inaturalist.org/sounds/156906.wav?1609727676,,Aleeta_curvicosta,Validation,,0.471115,data\raw\pilot\Validation\Aleeta_curvicosta_IN67551476_156906.wav
Aleeta_curvicosta_IN67818325_157812.wav,Aleeta_curvicosta,Cicadidae,http://creativecommons.org/licenses/by-nc/4.0/,Christie,https://www.inaturalist.org/observations/67818325,https://static.inaturalist.org/sounds/157812.wav?1610231532,,Aleeta_curvicosta,Validation,,0.702397,data\raw\pilot\Validation\Aleeta_curvicosta_IN67818325_157812.wav
Aleeta_curvicosta_IN19789742_30375.mp3,Aleeta_curvicosta,Cicadidae,http://creativecommons.org/licenses/by-nc/4.0/,Joel Poyitt,https://www.inaturalist.org/observations/19789742,https://static.inaturalist.org/sounds/30375.m4a?1648748961,,Aleeta_curvicosta,Validation,,0.921883,data\raw\pilot\Validation\Aleeta_curvicosta_IN19789742_30375.mp3
Aleeta_curvicosta_IN198077832_887535.mp3,Aleeta_curvicosta,Cicadidae,http://creativecommons.org/licenses/by-nc/4.0/,Colin Trainor,https://www.inaturalist.org/observations/198077832,https://static.inaturalist.org/sounds/887535.m4a?1706731801,,Aleeta_curvicosta,Validation,,0.450864,data\raw\pilot\Validation\Aleeta_curvicosta_IN198077832_887535.mp3
Oecanthus_pellucens_XC865901.wav,Oecanthus_pellucens,Orthoptera,//creativecommons.org/licenses/by-sa/4.0/,S. Ingrisch,https://xeno-canto.org/865901,https://xeno-canto.org/865901/download,,Oecanthus_pellucens,Test,27.0,1.467231,data\raw\pilot\Test\Oecanthus_pellucens_XC865901.wav
Galanga_labeculata_IN70635313_169259.wav,Galanga_labeculata,Cicadidae,http://creativecommons.org/licenses/by-nc/4.0/,Joel Poyitt,https://www.inaturalist.org/observations/70635313,https://static.inaturalist.org/sounds/169259.wav?1614989347,,Galanga_labeculata,Test,,0.711523,data\raw\pilot\Test\Galanga_labeculata_IN70635313_169259.wav
Pterophylla_camellifolia_IN183030675_811411.mp3,Pterophylla_camellifolia,Orthoptera,http://creativecommons.org/licenses/by-nc/4.0/,Kyle Aldinger,https://www.inaturalist.org/observations/183030675,https://static.inaturalist.org/sounds/811411.m4a?1694570462,,Pterophylla_camellifolia,Test,,0.241431,data\raw\pilot\Test\Pterophylla_camellifolia_IN183030675_811411.mp3
Oecanthus_pellucens_IN99528665_321898.mp3,Oecanthus_pellucens,Orthoptera,http://creativecommons.org/licenses/by-nc/4.0/,Stefan,https://www.inaturalist.org/observations/99528665,https://static.inaturalist.org/sounds/321898.mp3?1635327056,,Oecanthus_pellucens,Test,,0.045881,data\raw\pilot\Test\Oecanthus_pellucens_IN99528665_321898.mp3
Gryllus_campestris_IN212162011_1006844.mp3,Gryllus_campestris,Orthoptera,http://creativecommons.org/licenses/by-nc/4.0/,alexmaringer,https://www.inaturalist.org/observations/212162011,https://static.inaturalist.org/sounds/1006844.m4a?1714458637,,Gryllus_campestris,Test,,0.084649,data\raw\pilot\Test\Gryllus_campestris_IN212162011_1006844.mp3
Yoyetta_celis_IN17483872_26523.wav,Yoyetta_celis,Cicadidae,http://creativecommons.org/licenses/by-nc/4.0/,Christie,https://www.inaturalist.org/observations/17483872,https://static.inaturalist.org/sounds/26523.wav?1539482511,,Yoyetta_celis,Test,,1.20909,data\raw\pilot\Test\Yoyetta_celis_IN17483872_26523.wav
Gryllus_campestris_IN49709917_107767.mp3,Gryllus_campestris,Orthoptera,http://creativecommons.org/licenses/by-nc/4.0/,Werner Lauckner,https://www.inaturalist.org/observations/49709917,https://static.inaturalist.org/sounds/107767.mp3?1592224489,,Gryllus_campestris,Test,,0.081254,data\raw\pilot\Test\Gryllus_campestris_IN49709917_107767.mp3
Psaltoda_plaga_IN38105855_56127.wav,Psaltoda_plaga,Cicadidae,http://creativecommons.org/licenses/by-nc/4.0/,bpscicada,https://www.inaturalist.org/observations/38105855,https://static.inaturalist.org/sounds/56127.wav?1580345505,,Psaltoda_plaga,Test,,1.201886,data\raw\pilot\Test\Psaltoda_plaga_IN38105855_56127.wav
Tettigonia_viridissima_IN126547640_500778.mp3,Tettigonia_viridissima,Orthoptera,http://creativecommons.org/licenses/by-nc/4.0/,markussehnal,https://www.inaturalist.org/observations/126547640,https://static.inaturalist.org/sounds/500778.m4a?1658007448,,Tettigonia_viridissima,Test,,0.151143,data\raw\pilot\Test\Tettigonia_viridissima_IN126547640_500778.mp3
Cicada_orni_IN85197849_265642.mp3,Cicada_orni,Cicadidae,http://creativecommons.org/licenses/by-nc/4.0/,roby,https://www.inaturalist.org/observations/85197849,https://static.inaturalist.org/sounds/265642.m4a?1625141833,,Cicada_orni,Test,,0.123643,data\raw\pilot\Test\Cicada_orni_IN85197849_265642.mp3
Neotibicen_pruinosus_IN93396384_300615.wav,Neotibicen_pruinosus,Cicadidae,http://creativecommons.org/licenses/by/4.0/,Dan Johnson,https://www.inaturalist.org/observations/93396384,https://static.inaturalist.org/sounds/300615.wav?1630610867,,Neotibicen_pruinosus,Test,,0.451641,data\raw\pilot\Test\Neotibicen_pruinosus_IN93396384_300615.wav
Gryllus_campestris_IN218951696_1066001.mp3,Gryllus_campestris,Orthoptera,http://creativecommons.org/licenses/by-nc/4.0/,Quirin,https://www.inaturalist.org/observations/218951696,https://static.inaturalist.org/sounds/1066001.m4a?1716922023,,Gryllus_campestris,Test,,0.315181,data\raw\pilot\Test\Gryllus_campestris_IN218951696_1066001.mp3
Gryllus_campestris_IN218505518_1062210.mp3,Gryllus_campestris,Orthoptera,http://creativecommons.org/licenses/by-nc/4.0/,Piotr Bednarek,https://www.inaturalist.org/observations/218505518,https://static.inaturalist.org/sounds/1062210.m4a?1716763367,,Gryllus_campestris,Test,,0.135618,data\raw\pilot\Test\Gryllus_campestris_IN218505518_1062210.mp3
Cicada_orni_IN86381979_271748.mp3,Cicada_orni,Cicadidae,http://creativecommons.org/licenses/by-nc/4.0/,adtll,https://www.inaturalist.org/observations/86381979,https://static.inaturalist.org/sounds/271748.m4a?1625909838,,Cicada_orni,Test,,0.148372,data\raw\pilot\Test\Cicada_orni_IN86381979_271748.mp3
Oecanthus_pellucens_IN177714754_789749.mp3,Oecanthus_pellucens,Orthoptera,http://creativecommons.org/licenses/by-nc/4.0/,p_stipticus,https://www.inaturalist.org/observations/177714754,https://static.inaturalist.org/sounds/789749.mp3?1691695988,,Oecanthus_pellucens,Test,,0.080349,data\raw\pilot\Test\Oecanthus_pellucens_IN177714754_789749.mp3
Chorthippus_biguttulus_IN184382415_817144.mp3,Chorthippus_biguttulus,Orthoptera,http://creativecommons.org/licenses/by-nc/4.0/,mobbini,https://www.inaturalist.org/observations/184382415,https://static.inaturalist.org/sounds/817144.mp3?1695392936,,Chorthippus_biguttulus,Test,,0.139218,data\raw\pilot\Test\Chorthippus_biguttulus_IN184382415_817144.mp3
Cicada_orni_IN227728308_1123780.mp3,Cicada_orni,Cicadidae,http://creativecommons.org/licenses/by-nc/4.0/,Vera L. Nunes,https://www.inaturalist.org/observations/227728308,https://static.inaturalist.org/sounds/1123780.m4a?1720346865,,Cicada_orni,Test,,0.397992,data\raw\pilot\Test\Cicada_orni_IN227728308_1123780.mp3
Psaltoda_plaga_IN108270585_368322.wav,Psaltoda_plaga,Cicadidae,http://creativecommons.org/licenses/by-nc/4.0/,Kent Warner,https://www.inaturalist.org/observations/108270585,https://static.inaturalist.org/sounds/368322.wav?1646870521,,Psaltoda_plaga,Test,,0.777993,data\raw\pilot\Test\Psaltoda_plaga_IN108270585_368322.wav
Cicada_orni_IN87159730_275189.mp3,Cicada_orni,Cicadidae,http://creativecommons.org/licenses/by-nc/4.0/,almteresa,https://www.inaturalist.org/observations/87159730,https://static.inaturalist.org/sounds/275189.m4a?1626367978,,Cicada_orni,Test,,0.167981,data\raw\pilot\Test\Cicada_orni_IN87159730_275189.mp3
Oecanthus_pellucens_IN94229944_303507.mp3,Oecanthus_pellucens,Orthoptera,http://creativecommons.org/licenses/by-nc/4.0/,zighost,https://www.inaturalist.org/observations/94229944,https://static.inaturalist.org/sounds/303507.mp3?1631204685,,Oecanthus_pellucens,Test,,0.460289,data\raw\pilot\Test\Oecanthus_pellucens_IN94229944_303507.mp3
Tettigonia_viridissima_IN132116068_525866.mp3,Tettigonia_viridissima,Orthoptera,http://creativecommons.org/licenses/by-nc/4.0/,ceffx,https://www.inaturalist.org/observations/132116068,https://static.inaturalist.org/sounds/525866.m4a?1661331968,,Tettigonia_viridissima,Test,,0.172517,data\raw\pilot\Test\Tettigonia_viridissima_IN132116068_525866.mp3
Cicada_orni_IN180590912_801634.mp3,Cicada_orni,Cicadidae,http://creativecommons.org/licenses/by-nc/4.0/,Vera L. Nunes,https://www.inaturalist.org/observations/180590912,https://static.inaturalist.org/sounds/801634.mp3?1693213338,,Cicada_orni,Test,,0.102891,data\raw\pilot\Test\Cicada_orni_IN180590912_801634.mp3
Galanga_labeculata_IN146424387_584112.wav,Galanga_labeculata,Cicadidae,http://creativecommons.org/licenses/by-nc/4.0/,Christie,https://www.inaturalist.org/observations/146424387,https://static.inaturalist.org/sounds/584112.wav?1673559045,,Galanga_labeculata,Test,,0.42885,data\raw\pilot\Test\Galanga_labeculata_IN146424387_584112.wav
Pterophylla_camellifolia_IN91064697_291311.wav,Pterophylla_camellifolia,Orthoptera,http://creativecommons.org/licenses/by-nc/4.0/,Ivan,https://www.inaturalist.org/observations/91064697,https://static.inaturalist.org/sounds/291311.wav?1628903825,,Pterophylla_camellifolia,Test,,0.25124,data\raw\pilot\Test\Pterophylla_camellifolia_IN91064697_291311.wav
Pterophylla_camellifolia_IN183165049_811963.mp3,Pterophylla_camellifolia,Orthoptera,http://creativecommons.org/licenses/by-nc/4.0/,Kyle Aldinger,https://www.inaturalist.org/observations/183165049,https://static.inaturalist.org/sounds/811963.m4a?1694657900,,Pterophylla_camellifolia,Test,,0.184945,data\raw\pilot\Test\Pterophylla_camellifolia_IN183165049_811963.mp3
Tettigonia_viridissima_IN172039162_764750.wav,Tettigonia_viridissima,Orthoptera,http://creativecommons.org/licenses/by-nc/4.0/,Benjamin Schmid,https://www.inaturalist.org/observations/172039162,https://static.inaturalist.org/sounds/764750.wav?1688937259,,Tettigonia_viridissima,Test,,1.145041,data\raw\pilot\Test\Tettigonia_viridissima_IN172039162_764750.wav
Psaltoda_plaga_IN146315708_583517.mp3,Psaltoda_plaga,Cicadidae,http://creativecommons.org/licenses/by-nc/4.0/,Joel Poyitt,https://www.inaturalist.org/observations/146315708,https://static.inaturalist.org/sounds/583517.m4a?1673410521,,Psaltoda_plaga,Test,,0.075433,data\raw\pilot\Test\Psaltoda_plaga_IN146315708_583517.mp3
Galanga_labeculata_IN194058008_860594.wav,Galanga_labeculata,Cicadidae,http://creativecommons.org/licenses/by-nc/4.0/,Christie,https://www.inaturalist.org/observations/194058008,https://static.inaturalist.org/sounds/860594.wav?1702713541,,Galanga_labeculata,Test,,0.101782,data\raw\pilot\Test\Galanga_labeculata_IN194058008_860594.wav
Chorthippus_biguttulus_IN139891469_554005.mp3,Chorthippus_biguttulus,Orthoptera,http://creativecommons.org/licenses/by/4.0/,E. A.,https://www.inaturalist.org/observations/139891469,https://static.inaturalist.org/sounds/554005.mp3?1666636924,,Chorthippus_biguttulus,Test,,0.181386,data\raw\pilot\Test\Chorthippus_biguttulus_IN139891469_554005.mp3
Yoyetta_celis_IN183432836_813146.wav,Yoyetta_celis,Cicadidae,http://creativecommons.org/licenses/by-nc/4.0/,Christie,https://www.inaturalist.org/observations/183432836,https://static.inaturalist.org/sounds/813146.wav?1694821877,,Yoyetta_celis,Test,,0.201998,data\raw\pilot\Test\Yoyetta_celis_IN183432836_813146.wav
Pterophylla_camellifolia_IN131830444_524601.mp3,Pterophylla_camellifolia,Orthoptera,http://creativecommons.org/licenses/by-nc/4.0/,Cody Porter,https://www.inaturalist.org/observations/131830444,https://static.inaturalist.org/sounds/524601.m4a?1661131767,,Pterophylla_camellifolia,Test,,0.103562,data\raw\pilot\Test\Pterophylla_camellifolia_IN131830444_524601.mp3
Psaltoda_plaga_IN67654076_157297.wav,Psaltoda_plaga,Cicadidae,http://creativecommons.org/licenses/by-nc/4.0/,Joel Poyitt,https://www.inaturalist.org/observations/67654076,https://static.inaturalist.org/sounds/157297.wav?1609913381,,Psaltoda_plaga,Test,,0.503826,data\raw\pilot\Test\Psaltoda_plaga_IN67654076_157297.wav
Aleeta_curvicosta_IN144764988_575521.wav,Aleeta_curvicosta,Cicadidae,http://creativecommons.org/licenses/by-nc/4.0/,Christie,https://www.inaturalist.org/observations/144764988,https://static.inaturalist.org/sounds/575521.wav?1671780290,,Aleeta_curvicosta,Test,,0.828895,data\raw\pilot\Test\Aleeta_curvicosta_IN144764988_575521.wav
Cicada_orni_IN129012442_512205.mp3,Cicada_orni,Cicadidae,http://creativecommons.org/licenses/by-nc/4.0/,cccrll,https://www.inaturalist.org/observations/129012442,https://static.inaturalist.org/sounds/512205.m4a?1659377084,,Cicada_orni,Test,,0.159045,data\raw\pilot\Test\Cicada_orni_IN129012442_512205.mp3
Pterophylla_camellifolia_IN94882065_305537.mp3,Pterophylla_camellifolia,Orthoptera,http://creativecommons.org/licenses/by-nc/4.0/,matthew_wills,https://www.inaturalist.org/observations/94882065,https://static.inaturalist.org/sounds/305537.m4a?1631664315,,Pterophylla_camellifolia,Test,,0.170612,data\raw\pilot\Test\Pterophylla_camellifolia_IN94882065_305537.mp3
Yoyetta_celis_IN183463076_813301.mp3,Yoyetta_celis,Cicadidae,http://creativecommons.org/licenses/by-nc/4.0/,Joel Poyitt,https://www.inaturalist.org/observations/183463076,https://static.inaturalist.org/sounds/813301.m4a?1694842817,,Yoyetta_celis,Test,,0.064699,data\raw\pilot\Test\Yoyetta_celis_IN183463076_813301.mp3
Gryllus_campestris_IN113118719_406937.mp3,Gryllus_campestris,Orthoptera,http://creativecommons.org/licenses/by-nc/4.0/,Karsten Mody,https://www.inaturalist.org/observations/113118719,https://static.inaturalist.org/sounds/406937.m4a?1651083241,,Gryllus_campestris,Test,,0.166237,data\raw\pilot\Test\Gryllus_campestris_IN113118719_406937.mp3
Oecanthus_pellucens_IN129875636_516363.mp3,Oecanthus_pellucens,Orthoptera,http://creativecommons.org/licenses/by/4.0/,voronokin1971,https://www.inaturalist.org/observations/129875636,https://static.inaturalist.org/sounds/516363.mp3?1659901472,,Oecanthus_pellucens,Test,,0.093945,data\raw\pilot\Test\Oecanthus_pellucens_IN129875636_516363.mp3
Roeseliana_roeselii_IN134618182_534215.mp3,Roeseliana_roeselii,Orthoptera,http://creativecommons.org/licenses/by/4.0/,snaily_naily173,https://www.inaturalist.org/observations/134618182,https://static.inaturalist.org/sounds/534215.mp3?1662921687,,Roeseliana_roeselii,Test,,0.158654,data\raw\pilot\Test\Roeseliana_roeselii_IN134618182_534215.mp3
Cicada_orni_IN129839723_516253.mp3,Cicada_orni,Cicadidae,http://creativecommons.org/licenses/by-nc/4.0/,adtll,https://www.inaturalist.org/observations/129839723,https://static.inaturalist.org/sounds/516253.m4a?1659887812,,Cicada_orni,Test,,0.187814,data\raw\pilot\Test\Cicada_orni_IN129839723_516253.mp3
Aleeta_curvicosta_IN20067491_30975.wav,Aleeta_curvicosta,Cicadidae,http://creativecommons.org/licenses/by-nc/4.0/,Christie,https://www.inaturalist.org/observations/20067491,https://static.inaturalist.org/sounds/30975.wav?1549520656,,Aleeta_curvicosta,Test,,0.90114,data\raw\pilot\Test\Aleeta_curvicosta_IN20067491_30975.wav
Pterophylla_camellifolia_IN181152630_804026.mp3,Pterophylla_camellifolia,Orthoptera,http://creativecommons.org/licenses/by-nc/4.0/,Kyle Aldinger,https://www.inaturalist.org/observations/181152630,https://static.inaturalist.org/sounds/804026.m4a?1693539922,,Pterophylla_camellifolia,Test,,0.274488,data\raw\pilot\Test\Pterophylla_camellifolia_IN181152630_804026.mp3
Yoyetta_celis_IN18138816_27221.wav,Yoyetta_celis,Cicadidae,http://creativecommons.org/licenses/by-nc/4.0/,Nathan Emery,https://www.inaturalist.org/observations/18138816,https://static.inaturalist.org/sounds/27221.wav?1541455080,,Yoyetta_celis,Test,,0.379775,data\raw\pilot\Test\Yoyetta_celis_IN18138816_27221.wav
Pterophylla_camellifolia_IN85442681_266959.wav,Pterophylla_camellifolia,Orthoptera,http://creativecommons.org/licenses/by-nc/4.0/,embrenhar,https://www.inaturalist.org/observations/85442681,https://static.inaturalist.org/sounds/266959.wav?1625302800,,Pterophylla_camellifolia,Test,,1.431521,data\raw\pilot\Test\Pterophylla_camellifolia_IN85442681_266959.wav
Cicada_orni_IN50974309_111983.mp3,Cicada_orni,Cicadidae,http://creativecommons.org/licenses/by-nc/4.0/,migr,https://www.inaturalist.org/observations/50974309,https://static.inaturalist.org/sounds/111983.mp3?1593169961,,Cicada_orni,Test,,0.361899,data\raw\pilot\Test\Cicada_orni_IN50974309_111983.mp3
Roeseliana_roeselii_IN140484888_556574.mp3,Roeseliana_roeselii,Orthoptera,http://creativecommons.org/licenses/by-nc/4.0/,markussehnal,https://www.inaturalist.org/observations/140484888,https://static.inaturalist.org/sounds/556574.m4a?1667118422,,Roeseliana_roeselii,Test,,0.136311,data\raw\pilot\Test\Roeseliana_roeselii_IN140484888_556574.mp3
Pterophylla_camellifolia_IN95718353_308228.mp3,Pterophylla_camellifolia,Orthoptera,http://creativecommons.org/licenses/by-nc/4.0/,kgroenwoldt,https://www.inaturalist.org/observations/95718353,https://static.inaturalist.org/sounds/308228.m4a?1632274133,,Pterophylla_camellifolia,Test,,0.189061,data\raw\pilot\Test\Pterophylla_camellifolia_IN95718353_308228.mp3
Oecanthus_pellucens_IN228517951_1127890.mp3,Oecanthus_pellucens,Orthoptera,http://creativecommons.org/licenses/by-nc/4.0/,Andre Eden,https://www.inaturalist.org/observations/228517951,https://static.inaturalist.org/sounds/1127890.m4a?1720645635,,Oecanthus_pellucens,Test,,0.187608,data\raw\pilot\Test\Oecanthus_pellucens_IN228517951_1127890.mp3
Gryllus_campestris_IN220292550_1076056.mp3,Gryllus_campestris,Orthoptera,http://creativecommons.org/licenses/by-nc/4.0/,Philip Schaffer,https://www.inaturalist.org/observations/220292550,https://static.inaturalist.org/sounds/1076056.mp3?1717436458,,Gryllus_campestris,Test,,0.061146,data\raw\pilot\Test\Gryllus_campestris_IN220292550_1076056.mp3
Oecanthus_pellucens_IN177721220_789792.mp3,Oecanthus_pellucens,Orthoptera,http://creativecommons.org/licenses/by-nc/4.0/,jannekco,https://www.inaturalist.org/observations/177721220,https://static.inaturalist.org/sounds/789792.m4a?1691698557,,Oecanthus_pellucens,Test,,0.141018,data\raw\pilot\Test\Oecanthus_pellucens_IN177721220_789792.mp3
Cicada_orni_IN125423944_494870.mp3,Cicada_orni,Cicadidae,http://creativecommons.org/licenses/by-nc/4.0/,Vera L. Nunes,https://www.inaturalist.org/observations/125423944,https://static.inaturalist.org/sounds/494870.m4a?1657362690,,Cicada_orni,Test,,0.498638,data\raw\pilot\Test\Cicada_orni_IN125423944_494870.mp3
Galanga_labeculata_IN9766619_17650.mp3,Galanga_labeculata,Cicadidae,http://creativecommons.org/licenses/by-nc/4.0/,Joel Poyitt,https://www.inaturalist.org/observations/9766619,https://static.inaturalist.org/sounds/17650.m4a?1518047141,,Galanga_labeculata,Test,,0.51471,data\raw\pilot\Test\Galanga_labeculata_IN9766619_17650.mp3
Pterophylla_camellifolia_IN137700087_545522.wav,Pterophylla_camellifolia,Orthoptera,http://creativecommons.org/publicdomain/zero/1.0/,flika10,https://www.inaturalist.org/observations/137700087,https://static.inaturalist.org/sounds/545522.wav?1665017497,,Pterophylla_camellifolia,Test,,0.470539,data\raw\pilot\Test\Pterophylla_camellifolia_IN137700087_545522.wav
Tettigonia_viridissima_IN185444165_821455.mp3,Tettigonia_viridissima,Orthoptera,http://creativecommons.org/licenses/by-nc/4.0/,Karol Łanocha,https://www.inaturalist.org/observations/185444165,https://static.inaturalist.org/sounds/821455.m4a?1696005208,,Tettigonia_viridissima,Test,,0.209617,data\raw\pilot\Test\Tettigonia_viridissima_IN185444165_821455.mp3
Yoyetta_celis_IN17661854_26700.wav,Yoyetta_celis,Cicadidae,http://creativecommons.org/licenses/by-nc/4.0/,Nathan Emery,https://www.inaturalist.org/observations/17661854,https://static.inaturalist.org/sounds/26700.wav?1540073689,,Yoyetta_celis,Test,,0.248164,data\raw\pilot\Test\Yoyetta_celis_IN17661854_26700.wav
Gryllus_campestris_IN121638307_470500.mp3,Gryllus_campestris,Orthoptera,http://creativecommons.org/licenses/by-nc/4.0/,mobbini,https://www.inaturalist.org/observations/121638307,https://static.inaturalist.org/sounds/470500.mp3?1655151698,,Gryllus_campestris,Test,,0.026349,data\raw\pilot\Test\Gryllus_campestris_IN121638307_470500.mp3
Galanga_labeculata_IN37109989_53896.wav,Galanga_labeculata,Cicadidae,http://creativecommons.org/licenses/by-nc/4.0/,Christie,https://www.inaturalist.org/observations/37109989,https://static.inaturalist.org/sounds/53896.wav?1577955987,,Galanga_labeculata,Test,,0.568806,data\raw\pilot\Test\Galanga_labeculata_IN37109989_53896.wav
Oecanthus_pellucens_XC927264.mp3,Oecanthus_pellucens,Orthoptera,//creativecommons.org/licenses/by-nc-sa/4.0/,Piqué Simon,https://xeno-canto.org/927264,https://xeno-canto.org/927264/download,Tettigonia viridissima,Oecanthus_pellucens,Test,20.0,0.260742,data\raw\pilot\Test\Oecanthus_pellucens_XC927264.mp3
Yoyetta_celis_IN36394485_51982.wav,Yoyetta_celis,Cicadidae,http://creativecommons.org/licenses/by-nc/4.0/,Christie,https://www.inaturalist.org/observations/36394485,https://static.inaturalist.org/sounds/51982.wav?1575668468,,Yoyetta_celis,Test,,0.23444,data\raw\pilot\Test\Yoyetta_celis_IN36394485_51982.wav
Oecanthus_pellucens_IN94748491_305181.mp3,Oecanthus_pellucens,Orthoptera,http://creativecommons.org/licenses/by-nc/4.0/,Vladimir Hemala,https://www.inaturalist.org/observations/94748491,https://static.inaturalist.org/sounds/305181.m4a?1631564709,,Oecanthus_pellucens,Test,,0.489678,data\raw\pilot\Test\Oecanthus_pellucens_IN94748491_305181.mp3
Tettigonia_viridissima_IN130549923_519261.mp3,Tettigonia_viridissima,Orthoptera,http://creativecommons.org/licenses/by-nc/4.0/,Марина Горбунова-Ëлкина,https://www.inaturalist.org/observations/130549923,https://static.inaturalist.org/sounds/519261.mp3?1660339073,,Tettigonia_viridissima,Test,,0.060689,data\raw\pilot\Test\Tettigonia_viridissima_IN130549923_519261.mp3
Pterophylla_camellifolia_IN188211924_833661.mp3,Pterophylla_camellifolia,Orthoptera,http://creativecommons.org/licenses/by-nc/4.0/,Cody Porter,https://www.inaturalist.org/observations/188211924,https://static.inaturalist.org/sounds/833661.m4a?1697765048,,Pterophylla_camellifolia,Test,,0.08226,data\raw\pilot\Test\Pterophylla_camellifolia_IN188211924_833661.mp3
Tettigonia_viridissima_IN181787720_806610.mp3,Tettigonia_viridissima,Orthoptera,http://creativecommons.org/licenses/by-nc/4.0/,Günter Schwendinger,https://www.inaturalist.org/observations/181787720,https://static.inaturalist.org/sounds/806610.m4a?1693855158,,Tettigonia_viridissima,Test,,0.465579,data\raw\pilot\Test\Tettigonia_viridissima_IN181787720_806610.mp3
Chorthippus_biguttulus_IN186050036_824347.mp3,Chorthippus_biguttulus,Orthoptera,http://creativecommons.org/licenses/by/4.0/,E. A.,https://www.inaturalist.org/observations/186050036,https://static.inaturalist.org/sounds/824347.m4a?1696348393,,Chorthippus_biguttulus,Test,,0.672858,data\raw\pilot\Test\Chorthippus_biguttulus_IN186050036_824347.mp3
Galanga_labeculata_IN36737199_52975.wav,Galanga_labeculata,Cicadidae,http://creativecommons.org/licenses/by-nc/4.0/,Christie,https://www.inaturalist.org/observations/36737199,https://static.inaturalist.org/sounds/52975.wav?1576620546,,Galanga_labeculata,Test,,0.618484,data\raw\pilot\Test\Galanga_labeculata_IN36737199_52975.wav
Gryllus_campestris_IN216529318_1044680.mp3,Gryllus_campestris,Orthoptera,http://creativecommons.org/licenses/by/4.0/,E. A.,https://www.inaturalist.org/observations/216529318,https://static.inaturalist.org/sounds/1044680.m4a?1716042270,,Gryllus_campestris,Test,,0.199886,data\raw\pilot\Test\Gryllus_campestris_IN216529318_1044680.mp3
Tettigonia_viridissima_IN71934019_176154.mp3,Tettigonia_viridissima,Orthoptera,http://creativecommons.org/licenses/by-nc/4.0/,Ivlev-Konstantin-Sergeevith,https://www.inaturalist.org/observations/71934019,https://static.inaturalist.org/sounds/176154.mp3?1616566438,,Tettigonia_viridissima,Test,,0.095439,data\raw\pilot\Test\Tettigonia_viridissima_IN71934019_176154.mp3
Aleeta_curvicosta_IN198097973_887659.mp3,Aleeta_curvicosta,Cicadidae,http://creativecommons.org/licenses/by-nc/4.0/,Joel Poyitt,https://www.inaturalist.org/observations/198097973,https://static.inaturalist.org/sounds/887659.m4a?1706748773,,Aleeta_curvicosta,Test,,0.166457,data\raw\pilot\Test\Aleeta_curvicosta_IN198097973_887659.mp3
Oecanthus_pellucens_IN57961700_133369.mp3,Oecanthus_pellucens,Orthoptera,http://creativecommons.org/licenses/by-nc/4.0/,Nelson Conceição,https://www.inaturalist.org/observations/57961700,https://static.inaturalist.org/sounds/133369.mp3?1598733963,,Oecanthus_pellucens,Test,,1.217316,data\raw\pilot\Test\Oecanthus_pellucens_IN57961700_133369.mp3
Gryllus_campestris_IN115416574_425180.mp3,Gryllus_campestris,Orthoptera,http://creativecommons.org/licenses/by/4.0/,E. A.,https://www.inaturalist.org/observations/115416574,https://static.inaturalist.org/sounds/425180.mp3?1651688776,,Gryllus_campestris,Test,,0.092985,data\raw\pilot\Test\Gryllus_campestris_IN115416574_425180.mp3
Tettigonia_viridissima_XC853916.wav,Tettigonia_viridissima,Orthoptera,//creativecommons.org/licenses/by-sa/4.0/,Baudewijn Odé,https://xeno-canto.org/853916,https://xeno-canto.org/853916/download,,Tettigonia_viridissima,Test,,0.880059,data\raw\pilot\Test\Tettigonia_viridissima_XC853916.wav
Gryllus_campestris_IN213938789_1021639.mp3,Gryllus_campestris,Orthoptera,http://creativecommons.org/licenses/by/4.0/,Michael Bierbaumer,https://www.inaturalist.org/observations/213938789,https://static.inaturalist.org/sounds/1021639.m4a?1714986242,,Gryllus_campestris,Test,,0.126877,data\raw\pilot\Test\Gryllus_campestris_IN213938789_1021639.mp3
Tettigonia_viridissima_IN183754612_814516.mp3,Tettigonia_viridissima,Orthoptera,http://creativecommons.org/licenses/by-nc/4.0/,Martina,https://www.inaturalist.org/observations/183754612,https://static.inaturalist.org/sounds/814516.m4a?1694991122,,Tettigonia_viridissima,Test,,0.716278,data\raw\pilot\Test\Tettigonia_viridissima_IN183754612_814516.mp3
Cicada_orni_IN54149842_124039.mp3,Cicada_orni,Cicadidae,http://creativecommons.org/licenses/by-nc/4.0/,Miguel,https://www.inaturalist.org/observations/54149842,https://static.inaturalist.org/sounds/124039.m4a?1595594134,,Cicada_orni,Test,,0.213699,data\raw\pilot\Test\Cicada_orni_IN54149842_124039.mp3
Roeseliana_roeselii_XC867520.wav,Roeseliana_roeselii,Orthoptera,//creativecommons.org/licenses/by-sa/4.0/,K.-G. Heller,https://xeno-canto.org/867520,https://xeno-canto.org/867520/download,,Roeseliana_roeselii,Test,24.0,1.715055,data\raw\pilot\Test\Roeseliana_roeselii_XC867520.wav
Tettigonia_viridissima_IN181241280_804347.mp3,Tettigonia_viridissima,Orthoptera,http://creativecommons.org/licenses/by-nc/4.0/,Karol Łanocha,https://www.inaturalist.org/observations/181241280,https://static.inaturalist.org/sounds/804347.m4a?1693594815,,Tettigonia_viridissima,Test,,0.249439,data\raw\pilot\Test\Tettigonia_viridissima_IN181241280_804347.mp3
Aleeta_curvicosta_IN199157715_895922.wav,Aleeta_curvicosta,Cicadidae,http://creativecommons.org/licenses/by-nc/4.0/,Christie,https://www.inaturalist.org/observations/199157715,https://static.inaturalist.org/sounds/895922.wav?1707805826,,Aleeta_curvicosta,Test,,0.989737,data\raw\pilot\Test\Aleeta_curvicosta_IN199157715_895922.wav
Yoyetta_celis_IN35033623_49470.wav,Yoyetta_celis,Cicadidae,http://creativecommons.org/licenses/by-nc/4.0/,Christie,https://www.inaturalist.org/observations/35033623,https://static.inaturalist.org/sounds/49470.wav?1572314509,,Yoyetta_celis,Test,,0.541089,data\raw\pilot\Test\Yoyetta_celis_IN35033623_49470.wav
Aleeta_curvicosta_IN19793835_30396.wav,Aleeta_curvicosta,Cicadidae,http://creativecommons.org/licenses/by-nc/4.0/,Christie,https://www.inaturalist.org/observations/19793835,https://static.inaturalist.org/sounds/30396.wav?1548129072,,Aleeta_curvicosta,Test,,1.210637,data\raw\pilot\Test\Aleeta_curvicosta_IN19793835_30396.wav
Psaltoda_plaga_IN11244091_19696.mp3,Psaltoda_plaga,Cicadidae,http://creativecommons.org/licenses/by-nc/4.0/,Joel Poyitt,https://www.inaturalist.org/observations/11244091,https://static.inaturalist.org/sounds/19696.m4a?1524274179,,Psaltoda_plaga,Test,,0.244671,data\raw\pilot\Test\Psaltoda_plaga_IN11244091_19696.mp3
Roeseliana_roeselii_IN32599800_46931.mp3,Roeseliana_roeselii,Orthoptera,http://creativecommons.org/licenses/by-nc/4.0/,Jonathan Fréchette,https://www.inaturalist.org/observations/32599800,https://static.inaturalist.org/sounds/46931.m4a?1648759334,,Roeseliana_roeselii,Test,,0.754638,data\raw\pilot\Test\Roeseliana_roeselii_IN32599800_46931.mp3
Galanga_labeculata_IN36143196_51281.wav,Galanga_labeculata,Cicadidae,http://creativecommons.org/licenses/by-nc/4.0/,Christie,https://www.inaturalist.org/observations/36143196,https://static.inaturalist.org/sounds/51281.wav?1574892274,,Galanga_labeculata,Test,,0.176071,data\raw\pilot\Test\Galanga_labeculata_IN36143196_51281.wav
Aleeta_curvicosta_IN147854239_591622.mp3,Aleeta_curvicosta,Cicadidae,http://creativecommons.org/licenses/by-nc/4.0/,Joel Poyitt,https://www.inaturalist.org/observations/147854239,https://static.inaturalist.org/sounds/591622.m4a?1675291170,,Aleeta_curvicosta,Test,,0.323558,data\raw\pilot\Test\Aleeta_curvicosta_IN147854239_591622.mp3
Neotibicen_pruinosus_IN222555528_1092497.mp3,Neotibicen_pruinosus,Cicadidae,http://creativecommons.org/licenses/by/4.0/,Mila Turov,https://www.inaturalist.org/observations/222555528,https://static.inaturalist.org/sounds/1092497.m4a?1718327073,,Neotibicen_pruinosus,Test,,0.278891,data\raw\pilot\Test\Neotibicen_pruinosus_IN222555528_1092497.mp3
Psaltoda_plaga_IN65314439_149904.mp3,Psaltoda_plaga,Cicadidae,http://creativecommons.org/licenses/by-nc/4.0/,kalimata,https://www.inaturalist.org/observations/65314439,https://static.inaturalist.org/sounds/149904.mp3?1605932839,,Psaltoda_plaga,Test,,0.3187,data\raw\pilot\Test\Psaltoda_plaga_IN65314439_149904.mp3
Roeseliana_roeselii_IN178509436_793065.mp3,Roeseliana_roeselii,Orthoptera,http://creativecommons.org/licenses/by-nc/4.0/,Karol Łanocha,https://www.inaturalist.org/observations/178509436,https://static.inaturalist.org/sounds/793065.m4a?1692097974,,Roeseliana_roeselii,Test,,0.797447,data\raw\pilot\Test\Roeseliana_roeselii_IN178509436_793065.mp3
Psaltoda_plaga_IN67843662_157898.wav,Psaltoda_plaga,Cicadidae,http://creativecommons.org/licenses/by-nc/4.0/,Joel Poyitt,https://www.inaturalist.org/observations/67843662,https://static.inaturalist.org/sounds/157898.wav?1610268297,,Psaltoda_plaga,Test,,0.891552,data\raw\pilot\Test\Psaltoda_plaga_IN67843662_157898.wav
Yoyetta_celis_IN18664835_27759.wav,Yoyetta_celis,Cicadidae,http://creativecommons.org/licenses/by-nc/4.0/,Christie,https://www.inaturalist.org/observations/18664835,https://static.inaturalist.org/sounds/27759.wav?1543571463,,Yoyetta_celis,Test,,0.195785,data\raw\pilot\Test\Yoyetta_celis_IN18664835_27759.wav
Galanga_labeculata_IN65264300_149726.mp3,Galanga_labeculata,Cicadidae,http://creativecommons.org/licenses/by-nc/4.0/,Kent Warner,https://www.inaturalist.org/observations/65264300,https://static.inaturalist.org/sounds/149726.m4a?1605854863,,Galanga_labeculata,Test,,0.228376,data\raw\pilot\Test\Galanga_labeculata_IN65264300_149726.mp3
Chorthippus_biguttulus_XC874685.wav,Chorthippus_biguttulus,Orthoptera,//creativecommons.org/licenses/by-sa/4.0/,K.-G. Heller,https://xeno-canto.org/874685,https://xeno-canto.org/874685/download,,Chorthippus_biguttulus,Test,18.0,1.263531,data\raw\pilot\Test\Chorthippus_biguttulus_XC874685.wav
Yoyetta_celis_IN59846726_136675.wav,Yoyetta_celis,Cicadidae,http://creativecommons.org/licenses/by-nc/4.0/,Nathan Emery,https://www.inaturalist.org/observations/59846726,https://static.inaturalist.org/sounds/136675.wav?1600312891,,Yoyetta_celis,Test,,0.724497,data\raw\pilot\Test\Yoyetta_celis_IN59846726_136675.wav
Aleeta_curvicosta_IN67781358_157720.wav,Aleeta_curvicosta,Cicadidae,http://creativecommons.org/licenses/by-nc/4.0/,Christie,https://www.inaturalist.org/observations/67781358,https://static.inaturalist.org/sounds/157720.wav?1610173254,,Aleeta_curvicosta,Test,,0.857856,data\raw\pilot\Test\Aleeta_curvicosta_IN67781358_157720.wav
Yoyetta_celis_IN36833767_53229.mp3,Yoyetta_celis,Cicadidae,http://creativecommons.org/licenses/by-nc/4.0/,Joel Poyitt,https://www.inaturalist.org/observations/36833767,https://static.inaturalist.org/sounds/53229.m4a?1577061106,,Yoyetta_celis,Test,,0.275327,data\raw\pilot\Test\Yoyetta_celis_IN36833767_53229.mp3
Neotibicen_pruinosus_IN226073087_1114553.mp3,Neotibicen_pruinosus,Cicadidae,http://creativecommons.org/licenses/by/4.0/,L.J. Lamera,https://www.inaturalist.org/observations/226073087,https://static.inaturalist.org/sounds/1114553.m4a?1719708833,,Neotibicen_pruinosus,Test,,0.075717,data\raw\pilot\Test\Neotibicen_pruinosus_IN226073087_1114553.mp3
Aleeta_curvicosta_IN66080378_152243.wav,Aleeta_curvicosta,Cicadidae,http://creativecommons.org/licenses/by-nc/4.0/,bpscicada,https://www.inaturalist.org/observations/66080378,https://static.inaturalist.org/sounds/152243.wav?1607063118,,Aleeta_curvicosta,Test,,0.801728,data\raw\pilot\Test\Aleeta_curvicosta_IN66080378_152243.wav
Galanga_labeculata_IN36334677_51700.wav,Galanga_labeculata,Cicadidae,http://creativecommons.org/licenses/by-nc/4.0/,Christie,https://www.inaturalist.org/observations/36334677,https://static.inaturalist.org/sounds/51700.wav?1575423186,,Galanga_labeculata,Test,,0.661333,data\raw\pilot\Test\Galanga_labeculata_IN36334677_51700.wav
Aleeta_curvicosta_IN19855372_30516.wav,Aleeta_curvicosta,Cicadidae,http://creativecommons.org/licenses/by-nc/4.0/,Christie,https://www.inaturalist.org/observations/19855372,https://static.inaturalist.org/sounds/30516.wav?1548388777,,Aleeta_curvicosta,Test,,0.685565,data\raw\pilot\Test\Aleeta_curvicosta_IN19855372_30516.wav
Galanga_labeculata_IN145082266_576449.mp3,Galanga_labeculata,Cicadidae,http://creativecommons.org/licenses/by-nc/4.0/,Joel Poyitt,https://www.inaturalist.org/observations/145082266,https://static.inaturalist.org/sounds/576449.m4a?1672022189,,Galanga_labeculata,Test,,0.270091,data\raw\pilot\Test\Galanga_labeculata_IN145082266_576449.mp3
Neotibicen_pruinosus_IN174398419_776038.wav,Neotibicen_pruinosus,Cicadidae,http://creativecommons.org/licenses/by-nc/4.0/,wingroove,https://www.inaturalist.org/observations/174398419,https://static.inaturalist.org/sounds/776038.wav?1690078002,,Neotibicen_pruinosus,Test,,0.501118,data\raw\pilot\Test\Neotibicen_pruinosus_IN174398419_776038.wav
Neotibicen_pruinosus_IN174790281_780210.wav,Neotibicen_pruinosus,Cicadidae,http://creativecommons.org/licenses/by/4.0/,Mathew Zappa,https://www.inaturalist.org/observations/174790281,https://static.inaturalist.org/sounds/780210.wav?1690583750,,Neotibicen_pruinosus,Test,,0.857836,data\raw\pilot\Test\Neotibicen_pruinosus_IN174790281_780210.wav
Neotibicen_pruinosus_IN168594242_746114.mp3,Neotibicen_pruinosus,Cicadidae,http://creativecommons.org/licenses/by-nc/4.0/,FurYu_naturalist,https://www.inaturalist.org/observations/168594242,https://static.inaturalist.org/sounds/746114.mp3?1687314023,,Neotibicen_pruinosus,Test,,0.070067,data\raw\pilot\Test\Neotibicen_pruinosus_IN168594242_746114.mp3
Neotibicen_pruinosus_IN172446495_766618.mp3,Neotibicen_pruinosus,Cicadidae,http://creativecommons.org/licenses/by-nc/4.0/,J Smith,https://www.inaturalist.org/observations/172446495,https://static.inaturalist.org/sounds/766618.mp3?1689129331,,Neotibicen_pruinosus,Test,,0.265688,data\raw\pilot\Test\Neotibicen_pruinosus_IN172446495_766618.mp3
Psaltoda_plaga_IN107072326_359220.wav,Psaltoda_plaga,Cicadidae,http://creativecommons.org/licenses/by-nc/4.0/,Christie,https://www.inaturalist.org/observations/107072326,https://static.inaturalist.org/sounds/359220.wav?1645315092,,Psaltoda_plaga,Test,,0.561391,data\raw\pilot\Test\Psaltoda_plaga_IN107072326_359220.wav
Neotibicen_pruinosus_IN132214983_526249.mp3,Neotibicen_pruinosus,Cicadidae,http://creativecommons.org/licenses/by/4.0/,Bonnie Semmling,https://www.inaturalist.org/observations/132214983,https://static.inaturalist.org/sounds/526249.m4a?1661388150,,Neotibicen_pruinosus,Test,,0.338476,data\raw\pilot\Test\Neotibicen_pruinosus_IN132214983_526249.mp3
Aleeta_curvicosta_IN148645639_596827.mp3,Aleeta_curvicosta,Cicadidae,http://creativecommons.org/licenses/by-nc/4.0/,Colin Trainor,https://www.inaturalist.org/observations/148645639,https://static.inaturalist.org/sounds/596827.m4a?1676242591,,Aleeta_curvicosta,Test,,0.767648,data\raw\pilot\Test\Aleeta_curvicosta_IN148645639_596827.mp3
Psaltoda_plaga_IN10764481_19368.mp3,Psaltoda_plaga,Cicadidae,http://creativecommons.org/licenses/by-nc/4.0/,Joel Poyitt,https://www.inaturalist.org/observations/10764481,https://static.inaturalist.org/sounds/19368.m4a?1523407532,,Psaltoda_plaga,Test,,0.433928,data\raw\pilot\Test\Psaltoda_plaga_IN10764481_19368.mp3
Roeseliana_roeselii_IN225285047_1109825.mp3,Roeseliana_roeselii,Orthoptera,http://creativecommons.org/licenses/by-nc/4.0/,Karol Łanocha,https://www.inaturalist.org/observations/225285047,https://static.inaturalist.org/sounds/1109825.m4a?1719402426,,Roeseliana_roeselii,Test,,0.377402,data\raw\pilot\Test\Roeseliana_roeselii_IN225285047_1109825.mp3
Psaltoda_plaga_IN43273311_74779.mp3,Psaltoda_plaga,Cicadidae,http://creativecommons.org/licenses/by/4.0/,Thomas Mesaglio,https://www.inaturalist.org/observations/43273311,https://static.inaturalist.org/sounds/74779.m4a?1587800578,,Psaltoda_plaga,Test,,0.087413,data\raw\pilot\Test\Psaltoda_plaga_IN43273311_74779.mp3
Roeseliana_roeselii_IN183066347_811573.mp3,Roeseliana_roeselii,Orthoptera,http://creativecommons.org/licenses/by-nc/4.0/,Karol Łanocha,https://www.inaturalist.org/observations/183066347,https://static.inaturalist.org/sounds/811573.m4a?1694605633,,Roeseliana_roeselii,Test,,0.188015,data\raw\pilot\Test\Roeseliana_roeselii_IN183066347_811573.mp3
Roeseliana_roeselii_IN184891205_819071.mp3,Roeseliana_roeselii,Orthoptera,http://creativecommons.org/licenses/by-nc/4.0/,Africa Gomez,https://www.inaturalist.org/observations/184891205,https://static.inaturalist.org/sounds/819071.m4a?1695662854,,Roeseliana_roeselii,Test,,0.158375,data\raw\pilot\Test\Roeseliana_roeselii_IN184891205_819071.mp3
Chorthippus_biguttulus_IN183062747_811560.mp3,Chorthippus_biguttulus,Orthoptera,http://creativecommons.org/licenses/by-nc/4.0/,Karol Łanocha,https://www.inaturalist.org/observations/183062747,https://static.inaturalist.org/sounds/811560.m4a?1694602439,,Chorthippus_biguttulus,Test,,0.212859,data\raw\pilot\Test\Chorthippus_biguttulus_IN183062747_811560.mp3
Roeseliana_roeselii_IN182930568_810989.mp3,Roeseliana_roeselii,Orthoptera,http://creativecommons.org/licenses/by-nc/4.0/,Karol Łanocha,https://www.inaturalist.org/observations/182930568,https://static.inaturalist.org/sounds/810989.m4a?1694518766,,Roeseliana_roeselii,Test,,0.293095,data\raw\pilot\Test\Roeseliana_roeselii_IN182930568_810989.mp3
Neotibicen_pruinosus_IN131761730_524371.mp3,Neotibicen_pruinosus,Cicadidae,http://creativecommons.org/licenses/by-nc/4.0/,ariherron,https://www.inaturalist.org/observations/131761730,https://static.inaturalist.org/sounds/524371.m4a?1661102968,,Neotibicen_pruinosus,Test,,0.093394,data\raw\pilot\Test\Neotibicen_pruinosus_IN131761730_524371.mp3
Neotibicen_pruinosus_IN90941634_290952.mp3,Neotibicen_pruinosus,Cicadidae,http://creativecommons.org/licenses/by-nc/4.0/,Matthew Thompson,https://www.inaturalist.org/observations/90941634,https://static.inaturalist.org/sounds/290952.m4a?1628809274,,Neotibicen_pruinosus,Test,,0.171726,data\raw\pilot\Test\Neotibicen_pruinosus_IN90941634_290952.mp3
Chorthippus_biguttulus_IN191774394_849159.mp3,Chorthippus_biguttulus,Orthoptera,http://creativecommons.org/licenses/by/4.0/,E. A.,https://www.inaturalist.org/observations/191774394,https://static.inaturalist.org/sounds/849159.m4a?1700675706,,Chorthippus_biguttulus,Test,,0.425356,data\raw\pilot\Test\Chorthippus_biguttulus_IN191774394_849159.mp3
Chorthippus_biguttulus_IN61664569_140541.mp3,Chorthippus_biguttulus,Orthoptera,http://creativecommons.org/licenses/by/4.0/,carnifex,https://www.inaturalist.org/observations/61664569,https://static.inaturalist.org/sounds/140541.mp3?1601817328,,Chorthippus_biguttulus,Test,,0.041556,data\raw\pilot\Test\Chorthippus_biguttulus_IN61664569_140541.mp3
Chorthippus_biguttulus_IN98289863_316692.mp3,Chorthippus_biguttulus,Orthoptera,http://creativecommons.org/licenses/by/4.0/,E. A.,https://www.inaturalist.org/observations/98289863,https://static.inaturalist.org/sounds/316692.m4a?1634316616,,Chorthippus_biguttulus,Test,,0.061004,data\raw\pilot\Test\Chorthippus_biguttulus_IN98289863_316692.mp3
Chorthippus_biguttulus_XC752340.wav,Chorthippus_biguttulus,Orthoptera,//creativecommons.org/licenses/by-sa/4.0/,Baudewijn Odé,https://xeno-canto.org/752340,https://xeno-canto.org/752340/download,,Chorthippus_biguttulus,Test,,0.813604,data\raw\pilot\Test\Chorthippus_biguttulus_XC752340.wav
Roeseliana_roeselii_IN231265107_1141666.mp3,Roeseliana_roeselii,Orthoptera,http://creativecommons.org/licenses/by-nc/4.0/,Sotirios Liakas,https://www.inaturalist.org/observations/231265107,https://static.inaturalist.org/sounds/1141666.mp3?1721763123,,Roeseliana_roeselii,Test,,0.023738,data\raw\pilot\Test\Roeseliana_roeselii_IN231265107_1141666.mp3
Chorthippus_biguttulus_XC882122.mp3,Chorthippus_biguttulus,Orthoptera,//creativecommons.org/licenses/by-nc-sa/4.0/,Noud van den Berg,https://xeno-canto.org/882122,https://xeno-canto.org/882122/download,,Chorthippus_biguttulus,Test,,0.106863,data\raw\pilot\Test\Chorthippus_biguttulus_XC882122.mp3
