file_name,species_name,group,license,contributor,observation,file,background,original_name,subset,temperature,compress_mb,path
Gryllus_pennsylvanicus_IN183426668_813114.mp3,Gryllus_pennsylvanicus,Orthoptera,http://creativecommons.org/licenses/by-nc/4.0/,helenr13,https://www.inaturalist.org/observations/183426668,https://static.inaturalist.org/sounds/813114.m4a?1694818757,,Gryllus_pennsylvanicus,Train,,0.175888,data\raw\species40\Train\Gryllus_pennsylvanicus_IN183426668_813114.mp3
Cyclochila_australasiae_IN66899704_154666.wav,Cyclochila_australasiae,Cicadidae,http://creativecommons.org/licenses/by-nc/4.0/,Christie,https://www.inaturalist.org/observations/66899704,https://static.inaturalist.org/sounds/154666.wav?1608599046,,Cyclochila_australasiae,Train,,0.510848,data\raw\species40\Train\Cyclochila_australasiae_IN66899704_154666.wav
Yoyetta_repetens_IN17340470_26397.wav,Yoyetta_repetens,Cicadidae,http://creativecommons.org/licenses/by-nc/4.0/,Christie,https://www.inaturalist.org/observations/17340470,https://static.inaturalist.org/sounds/26397.wav?1539161552,,Yoyetta_repetens,Train,,1.552028,data\raw\species40\Train\Yoyetta_repetens_IN17340470_26397.wav
Cicada_orni_IN52778923_119923.mp3,Cicada_orni,Cicadidae,http://creativecommons.org/licenses/by-nc/4.0/,David Claro,https://www.inaturalist.org/observations/52778923,https://static.inaturalist.org/sounds/119923.mp3?1594546104,,Cicada_orni,Train,,0.051135,data\raw\species40\Train\Cicada_orni_IN52778923_119923.mp3
Tettigonia_cantans_IN97146329_312810.mp3,Tettigonia_cantans,Orthoptera,http://creativecommons.org/licenses/by/4.0/,E. A.,https://www.inaturalist.org/observations/97146329,https://static.inaturalist.org/sounds/312810.m4a?1633359031,,Tettigonia_cantans,Train,,0.067006,data\raw\species40\Train\Tettigonia_cantans_IN97146329_312810.mp3
Platycleis_albopunctata_XC868138.wav,Platycleis_albopunctata,Orthoptera,//creativecommons.org/licenses/by-sa/4.0/,K.-G. Heller,https://xeno-canto.org/868138,https://xeno-canto.org/868138/download,,Platycleis_albopunctata,Train,23.0,2.751427,data\raw\species40\Train\Platycleis_albopunctata_XC868138.wav
Henicopsaltria_eydouxii_IN195043915_866513.mp3,Henicopsaltria_eydouxii,Cicadidae,http://creativecommons.org/licenses/by/4.0/,Thomas Mesaglio,https://www.inaturalist.org/observations/195043915,https://static.inaturalist.org/sounds/866513.m4a?1703738891,,Henicopsaltria_eydouxii,Train,,0.72109,data\raw\species40\Train\Henicopsaltria_eydouxii_IN195043915_866513.mp3
Oecanthus_pellucens_IN130147775_517441.mp3,Oecanthus_pellucens,Orthoptera,http://creativecommons.org/licenses/by-nc/4.0/,vetrnica,https://www.inaturalist.org/observations/130147775,https://static.inaturalist.org/sounds/517441.m4a?1660072364,,Oecanthus_pellucens,Train,,0.038583,data\raw\species40\Train\Oecanthus_pellucens_IN130147775_517441.mp3
Yoyetta_celis_IN62013250_141276.mp3,Yoyetta_celis,Cicadidae,http://creativecommons.org/licenses/by/4.0/,Thomas Mesaglio,https://www.inaturalist.org/observations/62013250,https://static.inaturalist.org/sounds/141276.m4a?1602141807,,Yoyetta_celis,Train,,0.681604,data\raw\species40\Train\Yoyetta_celis_IN62013250_141276.mp3
Yoyetta_celis_IN189530621_839404.wav,Yoyetta_celis,Cicadidae,http://creativecommons.org/licenses/by-nc/4.0/,Christie,https://www.inaturalist.org/observations/189530621,https://static.inaturalist.org/sounds/839404.wav?1698718632,,Yoyetta_celis,Train,,0.189509,data\raw\species40\Train\Yoyetta_celis_IN189530621_839404.wav
Cicada_barbara_IN177826937_790265.mp3,Cicada_barbara,Cicadidae,http://creativecommons.org/licenses/by-nc/4.0/,pedro_fonseca_alverca,https://www.inaturalist.org/observations/177826937,https://static.inaturalist.org/sounds/790265.mp3?1691763486,,Cicada_barbara,Train,,0.084241,data\raw\species40\Train\Cicada_barbara_IN177826937_790265.mp3
Cicada_barbara_IN183636525_815897.mp3,Cicada_barbara,Cicadidae,http://creativecommons.org/licenses/by-nc/4.0/,vrebizant,https://www.inaturalist.org/observations/183636525,https://static.inaturalist.org/sounds/815897.mp3?1695208421,,Cicada_barbara,Train,,0.050899,data\raw\species40\Train\Cicada_barbara_IN183636525_815897.mp3
Aleeta_curvicosta_IN69845668_165291.wav,Aleeta_curvicosta,Cicadidae,http://creativecommons.org/licenses/by-nc/4.0/,Christie,https://www.inaturalist.org/observations/69845668,https://static.inaturalist.org/sounds/165291.wav?1613797619,,Aleeta_curvicosta,Train,,0.67378,data\raw\species40\Train\Aleeta_curvicosta_IN69845668_165291.wav
Yoyetta_celis_IN190630332_843962.mp3,Yoyetta_celis,Cicadidae,http://creativecommons.org/licenses/by-nc/4.0/,Joel Poyitt,https://www.inaturalist.org/observations/190630332,https://static.inaturalist.org/sounds/843962.m4a?1699664285,,Yoyetta_celis,Train,,0.073685,data\raw\species40\Train\Yoyetta_celis_IN190630332_843962.mp3
Popplepsalta_notialis_IN19222733_28589.wav,Popplepsalta_notialis,Cicadidae,http://creativecommons.org/licenses/by-nc/4.0/,Christie,https://www.inaturalist.org/observations/19222733,https://static.inaturalist.org/sounds/28589.wav?1545788883,,Popplepsalta_notialis,Train,,0.619822,data\raw\species40\Train\Popplepsalta_notialis_IN19222733_28589.wav
Pterophylla_camellifolia_IN138778319_549560.wav,Pterophylla_camellifolia,Orthoptera,http://creativecommons.org/licenses/by-nc/4.0/,moni,https://www.inaturalist.org/observations/138778319,https://static.inaturalist.org/sounds/549560.wav?1665791431,,Pterophylla_camellifolia,Train,,1.312267,data\raw\species40\Train\Pterophylla_camellifolia_IN138778319_549560.wav
Chorthippus_biguttulus_XC874681.wav,Chorthippus_biguttulus,Orthoptera,//creativecommons.org/licenses/by-sa/4.0/,K.-G. Heller,https://xeno-canto.org/874681,https://xeno-canto.org/874681/download,,Chorthippus_biguttulus,Train,23.0,0.538198,data\raw\species40\Train\Chorthippus_biguttulus_XC874681.wav
Galanga_labeculata_IN65259147_149703.wav,Galanga_labeculata,Cicadidae,http://creativecommons.org/licenses/by-nc/4.0/,Christie,https://www.inaturalist.org/observations/65259147,https://static.inaturalist.org/sounds/149703.wav?1605845742,,Galanga_labeculata,Train,,0.504714,data\raw\species40\Train\Galanga_labeculata_IN65259147_149703.wav
Magicicada_septendecim_IN79773066_229477.mp3,Magicicada_septendecim,Cicadidae,http://creativecommons.org/licenses/by-nc-sa/4.0/,Adele Philippides,https://www.inaturalist.org/observations/79773066,https://static.inaturalist.org/sounds/229477.m4a?1621690562,,Magicicada_septendecim,Train,,0.080755,data\raw\species40\Train\Magicicada_septendecim_IN79773066_229477.mp3
Oecanthus_pellucens_IN200951520_912949.mp3,Oecanthus_pellucens,Orthoptera,http://creativecommons.org/licenses/by-nc/4.0/,mathieu_pelissie,https://www.inaturalist.org/observations/200951520,https://static.inaturalist.org/sounds/912949.mp3?1709334294,,Oecanthus_pellucens,Train,,0.124204,data\raw\species40\Train\Oecanthus_pellucens_IN200951520_912949.mp3
Magicicada_septendecim_IN81039081_240501.mp3,Magicicada_septendecim,Cicadidae,http://creativecommons.org/publicdomain/zero/1.0/,Martin Kalfatovic,https://www.inaturalist.org/observations/81039081,https://static.inaturalist.org/sounds/240501.m4a?1622474686,,Magicicada_septendecim,Train,,0.178227,data\raw\species40\Train\Magicicada_septendecim_IN81039081_240501.mp3
Cystosoma_saundersii_IN18052894_27006.mp3,Cystosoma_saundersii,Cicadidae,http://creativecommons.org/licenses/by-nc/4.0/,Joel Poyitt,https://www.inaturalist.org/observations/18052894,https://static.inaturalist.org/sounds/27006.m4a?1648745968,,Cystosoma_saundersii,Train,,0.244498,data\raw\species40\Train\Cystosoma_saundersii_IN18052894_27006.mp3
Pterophylla_camellifolia_IN87502572_276729.mp3,Pterophylla_camellifolia,Orthoptera,http://creativecommons.org/licenses/by-nc/4.0/,Jaime Baxter-Slye,https://www.inaturalist.org/observations/87502572,https://static.inaturalist.org/sounds/276729.m4a?1626580027,,Pterophylla_camellifolia,Train,,0.16254,data\raw\species40\Train\Pterophylla_camellifolia_IN87502572_276729.mp3
Yoyetta_celis_IN185260687_820616.mp3,Yoyetta_celis,Cicadidae,http://creativecommons.org/licenses/by/4.0/,Thomas Mesaglio,https://www.inaturalist.org/observations/185260687,https://static.inaturalist.org/sounds/820616.m4a?1695898815,,Yoyetta_celis,Train,,0.306476,data\raw\species40\Train\Yoyetta_celis_IN185260687_820616.mp3
Oecanthus_pellucens_IN188304388_834141.mp3,Oecanthus_pellucens,Orthoptera,http://creativecommons.org/licenses/by-nc/4.0/,Emanuele Santarelli,https://www.inaturalist.org/observations/188304388,https://static.inaturalist.org/sounds/834141.mp3?1697837055,,Oecanthus_pellucens,Train,,0.089342,data\raw\species40\Train\Oecanthus_pellucens_IN188304388_834141.mp3
Neotibicen_canicularis_IN92127999_295255.mp3,Neotibicen_canicularis,Cicadidae,http://creativecommons.org/licenses/by-nc/4.0/,Espace pour la vie,https://www.inaturalist.org/observations/92127999,https://static.inaturalist.org/sounds/295255.m4a?1629652608,,Neotibicen_canicularis,Train,,0.105113,data\raw\species40\Train\Neotibicen_canicularis_IN92127999_295255.mp3
Meimuna_opalifera_IN131972491_525179.mp3,Meimuna_opalifera,Cicadidae,http://creativecommons.org/licenses/by-nc/4.0/,grey_wagtail,https://www.inaturalist.org/observations/131972491,https://static.inaturalist.org/sounds/525179.m4a?1661227416,,Meimuna_opalifera,Train,,0.174341,data\raw\species40\Train\Meimuna_opalifera_IN131972491_525179.mp3
Magicicada_cassini_IN227615440_1123210.wav,Magicicada_cassini,Cicadidae,http://creativecommons.org/licenses/by-nc/4.0/,Erin Faulkner,https://www.inaturalist.org/observations/227615440,https://static.inaturalist.org/sounds/1123210.wav?1720299716,,Magicicada_cassini,Train,,1.049301,data\raw\species40\Train\Magicicada_cassini_IN227615440_1123210.wav
Galanga_labeculata_IN35076277_49539.mp3,Galanga_labeculata,Cicadidae,http://creativecommons.org/licenses/by-nc/4.0/,Joel Poyitt,https://www.inaturalist.org/observations/35076277,https://static.inaturalist.org/sounds/49539.m4a?1572410058,,Galanga_labeculata,Train,,0.234114,data\raw\species40\Train\Galanga_labeculata_IN35076277_49539.mp3
Cicada_orni_IN124387284_488439.wav,Cicada_orni,Cicadidae,http://creativecommons.org/licenses/by-nc/4.0/,lvdr,https://www.inaturalist.org/observations/124387284,https://static.inaturalist.org/sounds/488439.wav?1656771261,,Cicada_orni,Train,,2.491691,data\raw\species40\Train\Cicada_orni_IN124387284_488439.wav
Cicada_orni_IN87255825_275616.mp3,Cicada_orni,Cicadidae,http://creativecommons.org/licenses/by-nc/4.0/,Sotirios Liakas,https://www.inaturalist.org/observations/87255825,https://static.inaturalist.org/sounds/275616.m4a?1626435473,,Cicada_orni,Train,,0.87086,data\raw\species40\Train\Cicada_orni_IN87255825_275616.mp3
Pterophylla_camellifolia_IN139715833_553234.mp3,Pterophylla_camellifolia,Orthoptera,http://creativecommons.org/licenses/by-nc/4.0/,bertfoquet,https://www.inaturalist.org/observations/139715833,https://static.inaturalist.org/sounds/553234.m4a?1666504296,,Pterophylla_camellifolia,Train,,0.181054,data\raw\species40\Train\Pterophylla_camellifolia_IN139715833_553234.mp3
Galanga_labeculata_IN18051050_26991.mp3,Galanga_labeculata,Cicadidae,http://creativecommons.org/licenses/by-nc/4.0/,Joel Poyitt,https://www.inaturalist.org/observations/18051050,https://static.inaturalist.org/sounds/26991.m4a?1648745928,,Galanga_labeculata,Train,,0.11798,data\raw\species40\Train\Galanga_labeculata_IN18051050_26991.mp3
Galanga_labeculata_IN36371936_51978.wav,Galanga_labeculata,Cicadidae,http://creativecommons.org/licenses/by-nc/4.0/,Christie,https://www.inaturalist.org/observations/36371936,https://static.inaturalist.org/sounds/51978.wav?1575668023,,Galanga_labeculata,Train,,0.158082,data\raw\species40\Train\Galanga_labeculata_IN36371936_51978.wav
Pterophylla_camellifolia_IN182134562_807947.mp3,Pterophylla_camellifolia,Orthoptera,http://creativecommons.org/licenses/by-nc/4.0/,fuzzyspider,https://www.inaturalist.org/observations/182134562,https://static.inaturalist.org/sounds/807947.mp3?1694053782,,Pterophylla_camellifolia,Train,,0.108391,data\raw\species40\Train\Pterophylla_camellifolia_IN182134562_807947.mp3
Popplepsalta_notialis_IN187434107_830213.wav,Popplepsalta_notialis,Cicadidae,http://creativecommons.org/licenses/by-nc/4.0/,Christie,https://www.inaturalist.org/observations/187434107,https://static.inaturalist.org/sounds/830213.wav?1697263257,,Popplepsalta_notialis,Train,,0.607812,data\raw\species40\Train\Popplepsalta_notialis_IN187434107_830213.wav
Cicada_barbara_IN96247238_309715.mp3,Cicada_barbara,Cicadidae,http://creativecommons.org/licenses/by-nc/4.0/,Lupoli Roland,https://www.inaturalist.org/observations/96247238,https://static.inaturalist.org/sounds/309715.mp3?1632674729,,Cicada_barbara,Train,,0.132907,data\raw\species40\Train\Cicada_barbara_IN96247238_309715.mp3
Magicicada_septendecim_IN82290138_249143.mp3,Magicicada_septendecim,Cicadidae,http://creativecommons.org/licenses/by-nc/4.0/,Evan Beall,https://www.inaturalist.org/observations/82290138,https://static.inaturalist.org/sounds/249143.m4a?1623247434,,Magicicada_septendecim,Train,,0.344397,data\raw\species40\Train\Magicicada_septendecim_IN82290138_249143.mp3
Yoyetta_celis_IN33464020_47631.wav,Yoyetta_celis,Cicadidae,http://creativecommons.org/licenses/by-nc/4.0/,Christie,https://www.inaturalist.org/observations/33464020,https://static.inaturalist.org/sounds/47631.wav?1569552512,,Yoyetta_celis,Train,,0.197671,data\raw\species40\Train\Yoyetta_celis_IN33464020_47631.wav
Cicada_orni_IN128618287_510437.mp3,Cicada_orni,Cicadidae,http://creativecommons.org/licenses/by-nc/4.0/,abcthuir,https://www.inaturalist.org/observations/128618287,https://static.inaturalist.org/sounds/510437.m4a?1659194319,,Cicada_orni,Train,,0.209955,data\raw\species40\Train\Cicada_orni_IN128618287_510437.mp3
Pterophylla_camellifolia_IN184202938_816324.mp3,Pterophylla_camellifolia,Orthoptera,http://creativecommons.org/licenses/by-nc/4.0/,Cody Porter,https://www.inaturalist.org/observations/184202938,https://static.inaturalist.org/sounds/816324.m4a?1695260580,,Pterophylla_camellifolia,Train,,0.100038,data\raw\species40\Train\Pterophylla_camellifolia_IN184202938_816324.mp3
Gryllus_campestris_IN91876698_294322.mp3,Gryllus_campestris,Orthoptera,http://creativecommons.org/licenses/by-nc/4.0/,michi100,https://www.inaturalist.org/observations/91876698,https://static.inaturalist.org/sounds/294322.m4a?1629483584,,Gryllus_campestris,Train,,0.162349,data\raw\species40\Train\Gryllus_campestris_IN91876698_294322.mp3
Yoyetta_repetens_IN8755956_16258.wav,Yoyetta_repetens,Cicadidae,http://creativecommons.org/licenses/by-nc/4.0/,Christie,https://www.inaturalist.org/observations/8755956,https://static.inaturalist.org/sounds/16258.wav?1510387610,,Yoyetta_repetens,Train,,0.411632,data\raw\species40\Train\Yoyetta_repetens_IN8755956_16258.wav
Atrapsalta_corticina_IN33683867_47792.wav,Atrapsalta_corticina,Cicadidae,http://creativecommons.org/licenses/by-nc/4.0/,Christie,https://www.inaturalist.org/observations/33683867,https://static.inaturalist.org/sounds/47792.wav?1569898396,,Atrapsalta_corticina,Train,,0.515182,data\raw\species40\Train\Atrapsalta_corticina_IN33683867_47792.wav
Gryllotalpa_gryllotalpa_XC446438.mp3,Gryllotalpa_gryllotalpa,Orthoptera,//creativecommons.org/licenses/by-nc-sa/4.0/,Dimitri,https://xeno-canto.org/446438,https://xeno-canto.org/446438/download,Sylvia atricapilla,Gryllotalpa_gryllotalpa,Train,,0.946468,data\raw\species40\Train\Gryllotalpa_gryllotalpa_XC446438.mp3
Cicada_orni_IN86543838_272509.mp3,Cicada_orni,Cicadidae,http://creativecommons.org/licenses/by-nc/4.0/,tiago_henriques,https://www.inaturalist.org/observations/86543838,https://static.inaturalist.org/sounds/272509.mp3?1626004966,,Cicada_orni,Train,,0.169047,data\raw\species40\Train\Cicada_orni_IN86543838_272509.mp3
Atrapsalta_corticina_IN150628361_611357.mp3,Atrapsalta_corticina,Cicadidae,http://creativecommons.org/licenses/by-nc/4.0/,Colin Trainor,https://www.inaturalist.org/observations/150628361,https://static.inaturalist.org/sounds/611357.m4a?1678333539,,Atrapsalta_corticina,Train,,0.389036,data\raw\species40\Train\Atrapsalta_corticina_IN150628361_611357.mp3
Magicicada_septendecim_IN82355656_249454.mp3,Magicicada_septendecim,Cicadidae,http://creativecommons.org/licenses/by-nc/4.0/,Antoni W.,https://www.inaturalist.org/observations/82355656,https://static.inaturalist.org/sounds/249454.m4a?1623279383,,Magicicada_septendecim,Train,,0.211383,data\raw\species40\Train\Magicicada_septendecim_IN82355656_249454.mp3
Neotibicen_pruinosus_IN131947885_525088.wav,Neotibicen_pruinosus,Cicadidae,http://creativecommons.org/licenses/by-nc/4.0/,woodcountyparks,https://www.inaturalist.org/observations/131947885,https://static.inaturalist.org/sounds/525088.wav?1661210077,,Neotibicen_pruinosus,Train,,0.907176,data\raw\species40\Train\Neotibicen_pruinosus_IN131947885_525088.wav
Microcentrum_rhombifolium_IN56349631_129809.wav,Microcentrum_rhombifolium,Orthoptera,http://creativecommons.org/licenses/by-nc/4.0/,Cin-Ty Lee,https://www.inaturalist.org/observations/56349631,https://static.inaturalist.org/sounds/129809.wav?1597347675,,Microcentrum_rhombifolium,Train,,0.940511,data\raw\species40\Train\Microcentrum_rhombifolium_IN56349631_129809.wav
Oecanthus_pellucens_IN192774023_854502.mp3,Oecanthus_pellucens,Orthoptera,http://creativecommons.org/licenses/by-nc/4.0/,Марина Горбунова-Ëлкина,https://www.inaturalist.org/observations/192774023,https://static.inaturalist.org/sounds/854502.mp3?1701481208,,Oecanthus_pellucens,Train,,0.278289,data\raw\species40\Train\Oecanthus_pellucens_IN192774023_854502.mp3
Tettigonia_viridissima_IN172906454_769034.mp3,Tettigonia_viridissima,Orthoptera,http://creativecommons.org/licenses/by-nc/4.0/,Sylvain Eichhorn,https://www.inaturalist.org/observations/172906454,https://static.inaturalist.org/sounds/769034.m4a?1689368302,,Tettigonia_viridissima,Train,,0.224357,data\raw\species40\Train\Tettigonia_viridissima_IN172906454_769034.mp3
Yoyetta_celis_IN18267775_27294.mp3,Yoyetta_celis,Cicadidae,http://creativecommons.org/licenses/by-nc/4.0/,Joel Poyitt,https://www.inaturalist.org/observations/18267775,https://static.inaturalist.org/sounds/27294.m4a?1648746180,,Yoyetta_celis,Train,,0.045485,data\raw\species40\Train\Yoyetta_celis_IN18267775_27294.mp3
Tettigonia_cantans_IN131350070_522580.mp3,Tettigonia_cantans,Orthoptera,http://creativecommons.org/licenses/by-nc/4.0/,Irina Lebedeva,https://www.inaturalist.org/observations/131350070,https://static.inaturalist.org/sounds/522580.m4a?1660841897,,Tettigonia_cantans,Train,,0.256483,data\raw\species40\Train\Tettigonia_cantans_IN131350070_522580.mp3
Magicicada_septendecim_IN80356537_234317.wav,Magicicada_septendecim,Cicadidae,http://creativecommons.org/publicdomain/zero/1.0/,Lottery Discountz,https://www.inaturalist.org/observations/80356537,https://static.inaturalist.org/sounds/234317.wav?1622038916,,Magicicada_septendecim,Train,,1.588523,data\raw\species40\Train\Magicicada_septendecim_IN80356537_234317.wav
Cicada_orni_IN199211917_896583.wav,Cicada_orni,Cicadidae,http://creativecommons.org/licenses/by-nc/4.0/,Cesare Brizio,https://www.inaturalist.org/observations/199211917,https://static.inaturalist.org/sounds/896583.wav?1707848075,,Cicada_orni,Train,,1.961509,data\raw\species40\Train\Cicada_orni_IN199211917_896583.wav
Psaltoda_plaga_IN103068319_337584.wav,Psaltoda_plaga,Cicadidae,http://creativecommons.org/licenses/by-nc/4.0/,Christie,https://www.inaturalist.org/observations/103068319,https://static.inaturalist.org/sounds/337584.wav?1639523127,,Psaltoda_plaga,Train,,0.413859,data\raw\species40\Train\Psaltoda_plaga_IN103068319_337584.wav
Cystosoma_saundersii_IN36117158_51224.mp3,Cystosoma_saundersii,Cicadidae,http://creativecommons.org/licenses/by-nc/4.0/,Joel Poyitt,https://www.inaturalist.org/observations/36117158,https://static.inaturalist.org/sounds/51224.m4a?1574819184,,Cystosoma_saundersii,Train,,0.08326,data\raw\species40\Train\Cystosoma_saundersii_IN36117158_51224.mp3
Cicada_orni_IN88369226_281170.mp3,Cicada_orni,Cicadidae,http://creativecommons.org/licenses/by-nc/4.0/,pegasiane,https://www.inaturalist.org/observations/88369226,https://static.inaturalist.org/sounds/281170.m4a?1627123809,,Cicada_orni,Train,,0.188248,data\raw\species40\Train\Cicada_orni_IN88369226_281170.mp3
Cicada_orni_IN174439661_776232.wav,Cicada_orni,Cicadidae,http://creativecommons.org/publicdomain/zero/1.0/,Florent,https://www.inaturalist.org/observations/174439661,https://static.inaturalist.org/sounds/776232.wav?1690105091,,Cicada_orni,Train,,0.644119,data\raw\species40\Train\Cicada_orni_IN174439661_776232.wav
Tettigonia_cantans_IN173176501_770287.mp3,Tettigonia_cantans,Orthoptera,http://creativecommons.org/licenses/by-nc/4.0/,Dmitriy Fetisov,https://www.inaturalist.org/observations/173176501,https://static.inaturalist.org/sounds/770287.mp3?1689500056,,Tettigonia_cantans,Train,,0.138266,data\raw\species40\Train\Tettigonia_cantans_IN173176501_770287.mp3
Gryllus_campestris_IN211117409_998846.mp3,Gryllus_campestris,Orthoptera,http://creativecommons.org/licenses/by-nc/4.0/,Sonja Bamberger,https://www.inaturalist.org/observations/211117409,https://static.inaturalist.org/sounds/998846.m4a?1714338720,,Gryllus_campestris,Train,,0.104575,data\raw\species40\Train\Gryllus_campestris_IN211117409_998846.mp3
Cicada_orni_IN219151734_1067572.mp3,Cicada_orni,Cicadidae,http://creativecommons.org/licenses/by-nc/4.0/,David LALOI,https://www.inaturalist.org/observations/219151734,https://static.inaturalist.org/sounds/1067572.mp3?1717003856,,Cicada_orni,Train,,0.216521,data\raw\species40\Train\Cicada_orni_IN219151734_1067572.mp3
Galanga_labeculata_IN18886208_28244.wav,Galanga_labeculata,Cicadidae,http://creativecommons.org/licenses/by-nc/4.0/,Nathan Emery,https://www.inaturalist.org/observations/18886208,https://static.inaturalist.org/sounds/28244.wav?1544649923,,Galanga_labeculata,Train,,0.78129,data\raw\species40\Train\Galanga_labeculata_IN18886208_28244.wav
Popplepsalta_notialis_IN63674236_145411.wav,Popplepsalta_notialis,Cicadidae,http://creativecommons.org/licenses/by-nc/4.0/,Joel Poyitt,https://www.inaturalist.org/observations/63674236,https://static.inaturalist.org/sounds/145411.mpga?1603848262,,Popplepsalta_notialis,Train,,0.929986,data\raw\species40\Train\Popplepsalta_notialis_IN63674236_145411.wav
Gryllus_campestris_IN112818659_404396.mp3,Gryllus_campestris,Orthoptera,http://creativecommons.org/licenses/by-nc/4.0/,adtll,https://www.inaturalist.org/observations/112818659,https://static.inaturalist.org/sounds/404396.m4a?1650883354,,Gryllus_campestris,Train,,0.180547,data\raw\species40\Train\Gryllus_campestris_IN112818659_404396.mp3
Atrapsalta_corticina_IN35033678_49471.wav,Atrapsalta_corticina,Cicadidae,http://creativecommons.org/licenses/by-nc/4.0/,Christie,https://www.inaturalist.org/observations/35033678,https://static.inaturalist.org/sounds/49471.wav?1572314652,,Atrapsalta_corticina,Train,,0.558641,data\raw\species40\Train\Atrapsalta_corticina_IN35033678_49471.wav
Eumodicogryllus_bordigalensis_XC817849.mp3,Eumodicogryllus_bordigalensis,Orthoptera,//creativecommons.org/licenses/by-nc-sa/4.0/,Olivier SWIFT,https://xeno-canto.org/817849,https://xeno-canto.org/817849/download,Otus scops,Eumodicogryllus_bordigalensis,Train,23.0,0.188793,data\raw\species40\Train\Eumodicogryllus_bordigalensis_XC817849.mp3
Oecanthus_pellucens_IN183863485_814865.mp3,Oecanthus_pellucens,Orthoptera,http://creativecommons.org/licenses/by/4.0/,mikami-kun,https://www.inaturalist.org/observations/183863485,https://static.inaturalist.org/sounds/814865.mp3?1695055414,,Oecanthus_pellucens,Train,,0.22579,data\raw\species40\Train\Oecanthus_pellucens_IN183863485_814865.mp3
Yoyetta_celis_IN8035042_15579.wav,Yoyetta_celis,Cicadidae,http://creativecommons.org/licenses/by-nc/4.0/,Nathan Emery,https://www.inaturalist.org/observations/8035042,https://static.inaturalist.org/sounds/15579.wav?1506168431,,Yoyetta_celis,Train,,0.699944,data\raw\species40\Train\Yoyetta_celis_IN8035042_15579.wav
Cicada_orni_IN146698381_585374.mp3,Cicada_orni,Cicadidae,http://creativecommons.org/licenses/by-nc/4.0/,Mirko Tomasi,https://www.inaturalist.org/observations/146698381,https://static.inaturalist.org/sounds/585374.mp3?1673888240,,Cicada_orni,Train,,0.086846,data\raw\species40\Train\Cicada_orni_IN146698381_585374.mp3
Gryllus_campestris_IN118016100_445909.mp3,Gryllus_campestris,Orthoptera,http://creativecommons.org/licenses/by-nc/4.0/,sipajz,https://www.inaturalist.org/observations/118016100,https://static.inaturalist.org/sounds/445909.m4a?1653145673,,Gryllus_campestris,Train,,0.221981,data\raw\species40\Train\Gryllus_campestris_IN118016100_445909.mp3
Gryllus_pennsylvanicus_IN89728937_286541.mp3,Gryllus_pennsylvanicus,Orthoptera,http://creativecommons.org/licenses/by-nc/4.0/,Tara F.,https://www.inaturalist.org/observations/89728937,https://static.inaturalist.org/sounds/286541.m4a?1627955999,,Gryllus_pennsylvanicus,Train,,0.060379,data\raw\species40\Train\Gryllus_pennsylvanicus_IN89728937_286541.mp3
Cicada_barbara_IN89625083_286054.mp3,Cicada_barbara,Cicadidae,http://creativecommons.org/licenses/by-nc/4.0/,ana_valente,https://www.inaturalist.org/observations/89625083,https://static.inaturalist.org/sounds/286054.mp3?1627906333,,Cicada_barbara,Train,,0.799054,data\raw\species40\Train\Cicada_barbara_IN89625083_286054.mp3
Aleeta_curvicosta_IN69533545_164034.wav,Aleeta_curvicosta,Cicadidae,http://creativecommons.org/licenses/by-nc/4.0/,Christie,https://www.inaturalist.org/observations/69533545,https://static.inaturalist.org/sounds/164034.wav?1613264045,,Aleeta_curvicosta,Train,,0.770456,data\raw\species40\Train\Aleeta_curvicosta_IN69533545_164034.wav
Tettigonia_viridissima_IN174745197_777380.wav,Tettigonia_viridissima,Orthoptera,http://creativecommons.org/licenses/by-nc/4.0/,Benjamin Schmid,https://www.inaturalist.org/observations/174745197,https://static.inaturalist.org/sounds/777380.wav?1690229294,,Tettigonia_viridissima,Train,,1.890831,data\raw\species40\Train\Tettigonia_viridissima_IN174745197_777380.wav
Cicada_barbara_IN125282607_494066.mp3,Cicada_barbara,Cicadidae,http://creativecommons.org/licenses/by-nc/4.0/,Sergio Chozas,https://www.inaturalist.org/observations/125282607,https://static.inaturalist.org/sounds/494066.m4a?1657275024,,Cicada_barbara,Train,,0.278301,data\raw\species40\Train\Cicada_barbara_IN125282607_494066.mp3
Tettigonia_viridissima_IN130695902_520008.mp3,Tettigonia_viridissima,Orthoptera,http://creativecommons.org/licenses/by-nc/4.0/,Sebastian Ćato,https://www.inaturalist.org/observations/130695902,https://static.inaturalist.org/sounds/520008.mp3?1660427714,,Tettigonia_viridissima,Train,,0.098322,data\raw\species40\Train\Tettigonia_viridissima_IN130695902_520008.mp3
Psaltoda_plaga_IN39382486_59429.wav,Psaltoda_plaga,Cicadidae,http://creativecommons.org/licenses/by-nc/4.0/,Christie,https://www.inaturalist.org/observations/39382486,https://static.inaturalist.org/sounds/59429.wav?1583027776,,Psaltoda_plaga,Train,,0.268573,data\raw\species40\Train\Psaltoda_plaga_IN39382486_59429.wav
Oecanthus_pellucens_IN126671099_501405.wav,Oecanthus_pellucens,Orthoptera,http://creativecommons.org/licenses/by-nc/4.0/,Benjamin Schmid,https://www.inaturalist.org/observations/126671099,https://static.inaturalist.org/sounds/501405.wav?1658077470,,Oecanthus_pellucens,Train,,0.722588,data\raw\species40\Train\Oecanthus_pellucens_IN126671099_501405.wav
Gryllus_campestris_IN162211905_701494.mp3,Gryllus_campestris,Orthoptera,http://creativecommons.org/licenses/by-nc/4.0/,Damiano,https://www.inaturalist.org/observations/162211905,https://static.inaturalist.org/sounds/701494.m4a?1684363574,,Gryllus_campestris,Train,,0.594509,data\raw\species40\Train\Gryllus_campestris_IN162211905_701494.mp3
Aleeta_curvicosta_IN67636443_157236.mp3,Aleeta_curvicosta,Cicadidae,http://creativecommons.org/licenses/by-nc/4.0/,akwok,https://www.inaturalist.org/observations/67636443,https://static.inaturalist.org/sounds/157236.m4a?1609883416,,Aleeta_curvicosta,Train,,0.040363,data\raw\species40\Train\Aleeta_curvicosta_IN67636443_157236.mp3
Magicicada_cassini_IN81518333_243934.mp3,Magicicada_cassini,Cicadidae,http://creativecommons.org/licenses/by-nc/4.0/,Chris Wirth,https://www.inaturalist.org/observations/81518333,https://static.inaturalist.org/sounds/243934.m4a?1622775750,,Magicicada_cassini,Train,,0.146674,data\raw\species40\Train\Magicicada_cassini_IN81518333_243934.mp3
Roeseliana_roeselii_IN174852889_777873.mp3,Roeseliana_roeselii,Orthoptera,http://creativecommons.org/licenses/by-nc/4.0/,victor_aleksanov,https://www.inaturalist.org/observations/174852889,https://static.inaturalist.org/sounds/777873.mp3?1690289361,,Roeseliana_roeselii,Train,,0.173598,data\raw\species40\Train\Roeseliana_roeselii_IN174852889_777873.mp3
Neotibicen_tibicen_IN134882537_535237.wav,Neotibicen_tibicen,Cicadidae,http://creativecommons.org/licenses/by-nc/4.0/,wanderingeden,https://www.inaturalist.org/observations/134882537,https://static.inaturalist.org/sounds/535237.wav?1663089628,,Neotibicen_tibicen,Train,,0.847721,data\raw\species40\Train\Neotibicen_tibicen_IN134882537_535237.wav
Neotibicen_pruinosus_IN188081153_833068.mp3,Neotibicen_pruinosus,Cicadidae,http://creativecommons.org/licenses/by-nc/4.0/,Caleb Helsel,https://www.inaturalist.org/observations/188081153,https://static.inaturalist.org/sounds/833068.m4a?1697670852,,Neotibicen_pruinosus,Train,,0.402077,data\raw\species40\Train\Neotibicen_pruinosus_IN188081153_833068.mp3
Henicopsaltria_eydouxii_IN9572316_17335.wav,Henicopsaltria_eydouxii,Cicadidae,http://creativecommons.org/licenses/by-nc/4.0/,Christie,https://www.inaturalist.org/observations/9572316,https://static.inaturalist.org/sounds/17335.wav?1516701628,,Henicopsaltria_eydouxii,Train,,0.1542,data\raw\species40\Train\Henicopsaltria_eydouxii_IN9572316_17335.wav
Tettigonia_viridissima_IN130790874_520411.mp3,Tettigonia_viridissima,Orthoptera,http://creativecommons.org/licenses/by-nc/4.0/,gernotkunz,https://www.inaturalist.org/observations/130790874,https://static.inaturalist.org/sounds/520411.m4a?1660490705,,Tettigonia_viridissima,Train,,0.311714,data\raw\species40\Train\Tettigonia_viridissima_IN130790874_520411.mp3
Yoyetta_celis_IN19871504_30540.mp3,Yoyetta_celis,Cicadidae,http://creativecommons.org/licenses/by-nc/4.0/,Joel Poyitt,https://www.inaturalist.org/observations/19871504,https://static.inaturalist.org/sounds/30540.m4a?1648749131,,Yoyetta_celis,Train,,0.053009,data\raw\species40\Train\Yoyetta_celis_IN19871504_30540.mp3
Platycleis_albopunctata_XC851714.wav,Platycleis_albopunctata,Orthoptera,//creativecommons.org/licenses/by-sa/4.0/,Baudewijn Odé,https://xeno-canto.org/851714,https://xeno-canto.org/851714/download,,Platycleis_albopunctata,Train,,1.346589,data\raw\species40\Train\Platycleis_albopunctata_XC851714.wav
Cicada_orni_IN87713434_277942.mp3,Cicada_orni,Cicadidae,http://creativecommons.org/licenses/by-nc/4.0/,libibi,https://www.inaturalist.org/observations/87713434,https://static.inaturalist.org/sounds/277942.m4a?1626704201,,Cicada_orni,Train,,0.157722,data\raw\species40\Train\Cicada_orni_IN87713434_277942.mp3
Cicada_orni_IN86178974_270693.mp3,Cicada_orni,Cicadidae,http://creativecommons.org/licenses/by-nc-sa/4.0/,M Ferreira,https://www.inaturalist.org/observations/86178974,https://static.inaturalist.org/sounds/270693.m4a?1625763402,,Cicada_orni,Train,,0.37914,data\raw\species40\Train\Cicada_orni_IN86178974_270693.mp3
Aleeta_curvicosta_IN38111681_56159.mp3,Aleeta_curvicosta,Cicadidae,http://creativecommons.org/licenses/by-nc/4.0/,Joel Poyitt,https://www.inaturalist.org/observations/38111681,https://static.inaturalist.org/sounds/56159.m4a?1580362485,,Aleeta_curvicosta,Train,,0.117918,data\raw\species40\Train\Aleeta_curvicosta_IN38111681_56159.mp3
Cyclochila_australasiae_IN66324812_153015.wav,Cyclochila_australasiae,Cicadidae,http://creativecommons.org/licenses/by-nc/4.0/,Christie,https://www.inaturalist.org/observations/66324812,https://static.inaturalist.org/sounds/153015.wav?1607506180,,Cyclochila_australasiae,Train,,0.584706,data\raw\species40\Train\Cyclochila_australasiae_IN66324812_153015.wav
Meimuna_opalifera_IN132535157_527398.wav,Meimuna_opalifera,Cicadidae,http://creativecommons.org/licenses/by-nc/4.0/,suzumenokatabira,https://www.inaturalist.org/observations/132535157,https://static.inaturalist.org/sounds/527398.wav?1661679377,,Meimuna_opalifera,Train,,0.478103,data\raw\species40\Train\Meimuna_opalifera_IN132535157_527398.wav
Yoyetta_celis_IN61905878_141061.wav,Yoyetta_celis,Cicadidae,http://creativecommons.org/licenses/by-nc/4.0/,Nathan Emery,https://www.inaturalist.org/observations/61905878,https://static.inaturalist.org/sounds/141061.wav?1602025294,,Yoyetta_celis,Train,,0.183979,data\raw\species40\Train\Yoyetta_celis_IN61905878_141061.wav
Yoyetta_repetens_IN63862525_146011.wav,Yoyetta_repetens,Cicadidae,http://creativecommons.org/licenses/by-nc/4.0/,Joel Poyitt,https://www.inaturalist.org/observations/63862525,https://static.inaturalist.org/sounds/146011.mpga?1604115828,,Yoyetta_repetens,Train,,0.707394,data\raw\species40\Train\Yoyetta_repetens_IN63862525_146011.wav
Yoyetta_celis_IN136760939_542151.mp3,Yoyetta_celis,Cicadidae,http://creativecommons.org/licenses/by-nc/4.0/,Joel Poyitt,https://www.inaturalist.org/observations/136760939,https://static.inaturalist.org/sounds/542151.m4a?1664328953,,Yoyetta_celis,Train,,0.062437,data\raw\species40\Train\Yoyetta_celis_IN136760939_542151.mp3
Neotibicen_canicularis_IN55118792_126894.mp3,Neotibicen_canicularis,Cicadidae,http://creativecommons.org/licenses/by/4.0/,Brady Brenot,https://www.inaturalist.org/observations/55118792,https://static.inaturalist.org/sounds/126894.m4a?1596342620,,Neotibicen_canicularis,Train,,0.090708,data\raw\species40\Train\Neotibicen_canicularis_IN55118792_126894.mp3
Oecanthus_pellucens_IN141094663_559128.mp3,Oecanthus_pellucens,Orthoptera,http://creativecommons.org/licenses/by-nc/4.0/,André Apel,https://www.inaturalist.org/observations/141094663,https://static.inaturalist.org/sounds/559128.m4a?1667591456,,Oecanthus_pellucens,Train,,0.156754,data\raw\species40\Train\Oecanthus_pellucens_IN141094663_559128.mp3
Chorthippus_brunneus_IN141364780_560311.mp3,Chorthippus_brunneus,Orthoptera,http://creativecommons.org/licenses/by-nc/4.0/,Isa Klee,https://www.inaturalist.org/observations/141364780,https://static.inaturalist.org/sounds/560311.m4a?1667824554,,Chorthippus_brunneus,Train,,0.376391,data\raw\species40\Train\Chorthippus_brunneus_IN141364780_560311.mp3
Cystosoma_saundersii_IN187220983_829257.mp3,Cystosoma_saundersii,Cicadidae,http://creativecommons.org/licenses/by-nc/4.0/,heathercoffs,https://www.inaturalist.org/observations/187220983,https://static.inaturalist.org/sounds/829257.m4a?1697099874,,Cystosoma_saundersii,Train,,0.09211,data\raw\species40\Train\Cystosoma_saundersii_IN187220983_829257.mp3
Cicada_barbara_IN53490728_122135.mp3,Cicada_barbara,Cicadidae,http://creativecommons.org/licenses/by-nc/4.0/,André Balças,https://www.inaturalist.org/observations/53490728,https://static.inaturalist.org/sounds/122135.m4a?1595089736,,Cicada_barbara,Train,,0.203931,data\raw\species40\Train\Cicada_barbara_IN53490728_122135.mp3
Yoyetta_celis_IN98160111_316189.mp3,Yoyetta_celis,Cicadidae,http://creativecommons.org/licenses/by-nc/4.0/,Joel Poyitt,https://www.inaturalist.org/observations/98160111,https://static.inaturalist.org/sounds/316189.m4a?1634175374,,Yoyetta_celis,Train,,0.151313,data\raw\species40\Train\Yoyetta_celis_IN98160111_316189.mp3
Pterophylla_camellifolia_IN122896815_478838.mp3,Pterophylla_camellifolia,Orthoptera,http://creativecommons.org/licenses/by-nc/4.0/,rjbe,https://www.inaturalist.org/observations/122896815,https://static.inaturalist.org/sounds/478838.m4a?1655864381,,Pterophylla_camellifolia,Train,,0.333775,data\raw\species40\Train\Pterophylla_camellifolia_IN122896815_478838.mp3
Gryllus_bimaculatus_IN184352545_816943.wav,Gryllus_bimaculatus,Orthoptera,http://creativecommons.org/licenses/by-nc/4.0/,serapias_13,https://www.inaturalist.org/observations/184352545,https://static.inaturalist.org/sounds/816943.wav?1695369934,,Gryllus_bimaculatus,Train,,0.399692,data\raw\species40\Train\Gryllus_bimaculatus_IN184352545_816943.wav
Tettigettalna_argentata_IN88933393_283392.mp3,Tettigettalna_argentata,Cicadidae,http://creativecommons.org/licenses/by-nc/4.0/,Nelson Conceição,https://www.inaturalist.org/observations/88933393,https://static.inaturalist.org/sounds/283392.mp3?1627478564,,Tettigettalna_argentata,Train,,0.763839,data\raw\species40\Train\Tettigettalna_argentata_IN88933393_283392.mp3
Chorthippus_brunneus_IN183539854_813604.mp3,Chorthippus_brunneus,Orthoptera,http://creativecommons.org/licenses/by/4.0/,E. A.,https://www.inaturalist.org/observations/183539854,https://static.inaturalist.org/sounds/813604.m4a?1694888302,,Chorthippus_brunneus,Train,,0.497441,data\raw\species40\Train\Chorthippus_brunneus_IN183539854_813604.mp3
Cicada_orni_IN172503013_766962.mp3,Cicada_orni,Cicadidae,http://creativecommons.org/licenses/by-nc/4.0/,hlaurent,https://www.inaturalist.org/observations/172503013,https://static.inaturalist.org/sounds/766962.m4a?1689169155,,Cicada_orni,Train,,0.364094,data\raw\species40\Train\Cicada_orni_IN172503013_766962.mp3
Cicada_barbara_IN175886853_782122.mp3,Cicada_barbara,Cicadidae,http://creativecommons.org/licenses/by/4.0/,Duarte Frade,https://www.inaturalist.org/observations/175886853,https://static.inaturalist.org/sounds/782122.mp3?1690781687,,Cicada_barbara,Train,,0.094618,data\raw\species40\Train\Cicada_barbara_IN175886853_782122.mp3
Gryllus_campestris_IN79974060_230811.mp3,Gryllus_campestris,Orthoptera,http://creativecommons.org/licenses/by-nc/4.0/,paola,https://www.inaturalist.org/observations/79974060,https://static.inaturalist.org/sounds/230811.mp3?1621790295,,Gryllus_campestris,Train,,0.069191,data\raw\species40\Train\Gryllus_campestris_IN79974060_230811.mp3
Decticus_albifrons_IN179245395_796051.mp3,Decticus_albifrons,Orthoptera,http://creativecommons.org/licenses/by-nc/4.0/,plopuccetti,https://www.inaturalist.org/observations/179245395,https://static.inaturalist.org/sounds/796051.m4a?1692487049,,Decticus_albifrons,Train,,0.271908,data\raw\species40\Train\Decticus_albifrons_IN179245395_796051.mp3
Pterophylla_camellifolia_IN139910980_554084.mp3,Pterophylla_camellifolia,Orthoptera,http://creativecommons.org/licenses/by-nc/4.0/,Jessee J. Smith,https://www.inaturalist.org/observations/139910980,https://static.inaturalist.org/sounds/554084.m4a?1666649094,,Pterophylla_camellifolia,Train,,0.507803,data\raw\species40\Train\Pterophylla_camellifolia_IN139910980_554084.mp3
Gryllus_campestris_IN164220664_716197.mp3,Gryllus_campestris,Orthoptera,http://creativecommons.org/licenses/by-nc/4.0/,Lilia Efimtseva,https://www.inaturalist.org/observations/164220664,https://static.inaturalist.org/sounds/716197.m4a?1685288091,,Gryllus_campestris,Train,,0.175227,data\raw\species40\Train\Gryllus_campestris_IN164220664_716197.mp3
Pterophylla_camellifolia_IN130729584_520184.wav,Pterophylla_camellifolia,Orthoptera,http://creativecommons.org/licenses/by/4.0/,Kai Joaquin,https://www.inaturalist.org/observations/130729584,https://static.inaturalist.org/sounds/520184.wav?1660447538,,Pterophylla_camellifolia,Train,,1.587862,data\raw\species40\Train\Pterophylla_camellifolia_IN130729584_520184.wav
Cicada_barbara_IN175061882_778714.mp3,Cicada_barbara,Cicadidae,http://creativecommons.org/licenses/by-nc/4.0/,Nelson Conceição,https://www.inaturalist.org/observations/175061882,https://static.inaturalist.org/sounds/778714.mp3?1690389680,,Cicada_barbara,Train,,0.845096,data\raw\species40\Train\Cicada_barbara_IN175061882_778714.mp3
Aleeta_curvicosta_IN146442654_584199.mp3,Aleeta_curvicosta,Cicadidae,http://creativecommons.org/licenses/by-nc/4.0/,Christie,https://www.inaturalist.org/observations/146442654,https://static.inaturalist.org/sounds/584199.m4a?1673578947,,Aleeta_curvicosta,Train,,0.07953,data\raw\species40\Train\Aleeta_curvicosta_IN146442654_584199.mp3
Gryllus_bimaculatus_IN150864196_613073.mp3,Gryllus_bimaculatus,Orthoptera,http://creativecommons.org/licenses/by-nc/4.0/,Thijs Valkenburg,https://www.inaturalist.org/observations/150864196,https://static.inaturalist.org/sounds/613073.m4a?1678574562,,Gryllus_bimaculatus,Train,,0.497542,data\raw\species40\Train\Gryllus_bimaculatus_IN150864196_613073.mp3
Cicada_orni_IN52173077_117482.mp3,Cicada_orni,Cicadidae,http://creativecommons.org/licenses/by-nc/4.0/,André Balças,https://www.inaturalist.org/observations/52173077,https://static.inaturalist.org/sounds/117482.m4a?1594058862,,Cicada_orni,Train,,0.519289,data\raw\species40\Train\Cicada_orni_IN52173077_117482.mp3
Gryllus_campestris_IN77760232_213573.mp3,Gryllus_campestris,Orthoptera,http://creativecommons.org/licenses/by-nc/4.0/,roby,https://www.inaturalist.org/observations/77760232,https://static.inaturalist.org/sounds/213573.m4a?1620402568,,Gryllus_campestris,Train,,0.09552,data\raw\species40\Train\Gryllus_campestris_IN77760232_213573.mp3
Cicada_orni_IN89608596_285964.mp3,Cicada_orni,Cicadidae,http://creativecommons.org/licenses/by/4.0/,Daniel Linzbauer,https://www.inaturalist.org/observations/89608596,https://static.inaturalist.org/sounds/285964.m4a?1627888397,,Cicada_orni,Train,,0.230226,data\raw\species40\Train\Cicada_orni_IN89608596_285964.mp3
Cicada_orni_IN126360744_499803.mp3,Cicada_orni,Cicadidae,http://creativecommons.org/licenses/by-nc/4.0/,Tiago Beirão Reis,https://www.inaturalist.org/observations/126360744,https://static.inaturalist.org/sounds/499803.m4a?1657903657,,Cicada_orni,Train,,0.263121,data\raw\species40\Train\Cicada_orni_IN126360744_499803.mp3
Pterophylla_camellifolia_IN88203999_280597.mp3,Pterophylla_camellifolia,Orthoptera,http://creativecommons.org/licenses/by-nc/4.0/,D.J. McNeil,https://www.inaturalist.org/observations/88203999,https://static.inaturalist.org/sounds/280597.m4a?1627003221,,Pterophylla_camellifolia,Train,,0.126534,data\raw\species40\Train\Pterophylla_camellifolia_IN88203999_280597.mp3
Chorthippus_brunneus_IN232314606_1146210.wav,Chorthippus_brunneus,Orthoptera,http://creativecommons.org/publicdomain/zero/1.0/,Kieran Roy Powell,https://www.inaturalist.org/observations/232314606,https://static.inaturalist.org/sounds/1146210.wav?1722189702,,Chorthippus_brunneus,Train,,1.108957,data\raw\species40\Train\Chorthippus_brunneus_IN232314606_1146210.wav
Pterophylla_camellifolia_IN188936840_836906.mp3,Pterophylla_camellifolia,Orthoptera,http://creativecommons.org/licenses/by-nc/4.0/,Adam Kohl,https://www.inaturalist.org/observations/188936840,https://static.inaturalist.org/sounds/836906.m4a?1698266691,,Pterophylla_camellifolia,Train,,0.277502,data\raw\species40\Train\Pterophylla_camellifolia_IN188936840_836906.mp3
Roeseliana_roeselii_IN177168692_787585.mp3,Roeseliana_roeselii,Orthoptera,http://creativecommons.org/licenses/by-nc/4.0/,duncan268,https://www.inaturalist.org/observations/177168692,https://static.inaturalist.org/sounds/787585.m4a?1691417876,,Roeseliana_roeselii,Train,,0.170365,data\raw\species40\Train\Roeseliana_roeselii_IN177168692_787585.mp3
Psaltoda_plaga_IN149598154_603847.mp3,Psaltoda_plaga,Cicadidae,http://creativecommons.org/licenses/by-nc/4.0/,Joel Poyitt,https://www.inaturalist.org/observations/149598154,https://static.inaturalist.org/sounds/603847.m4a?1677286712,,Psaltoda_plaga,Train,,0.116741,data\raw\species40\Train\Psaltoda_plaga_IN149598154_603847.mp3
Gryllus_campestris_IN213470662_1017255.mp3,Gryllus_campestris,Orthoptera,http://creativecommons.org/licenses/by/4.0/,E. A.,https://www.inaturalist.org/observations/213470662,https://static.inaturalist.org/sounds/1017255.m4a?1714845796,,Gryllus_campestris,Train,,0.150476,data\raw\species40\Train\Gryllus_campestris_IN213470662_1017255.mp3
Henicopsaltria_eydouxii_IN9457209_17141.mp3,Henicopsaltria_eydouxii,Cicadidae,http://creativecommons.org/licenses/by-nc/4.0/,Nicole Matthews,https://www.inaturalist.org/observations/9457209,https://static.inaturalist.org/sounds/17141.m4a?1648659999,,Henicopsaltria_eydouxii,Train,,0.374488,data\raw\species40\Train\Henicopsaltria_eydouxii_IN9457209_17141.mp3
Pterophylla_camellifolia_IN179282575_796225.mp3,Pterophylla_camellifolia,Orthoptera,http://creativecommons.org/licenses/by-nc/4.0/,ethanjohn2014,https://www.inaturalist.org/observations/179282575,https://static.inaturalist.org/sounds/796225.m4a?1692505082,,Pterophylla_camellifolia,Train,,0.263606,data\raw\species40\Train\Pterophylla_camellifolia_IN179282575_796225.mp3
Gryllus_campestris_IN207222437_967640.wav,Gryllus_campestris,Orthoptera,http://creativecommons.org/licenses/by-nc/4.0/,Antonio Xeira,https://www.inaturalist.org/observations/207222437,https://static.inaturalist.org/sounds/967640.wav?1713118720,,Gryllus_campestris,Train,,0.742733,data\raw\species40\Train\Gryllus_campestris_IN207222437_967640.wav
Gryllus_campestris_IN161467011_695756.mp3,Gryllus_campestris,Orthoptera,http://creativecommons.org/licenses/by-nc/4.0/,Maria Rita Gelso,https://www.inaturalist.org/observations/161467011,https://static.inaturalist.org/sounds/695756.m4a?1684007182,,Gryllus_campestris,Train,,0.12167,data\raw\species40\Train\Gryllus_campestris_IN161467011_695756.mp3
Cyclochila_australasiae_IN67787890_157734.wav,Cyclochila_australasiae,Cicadidae,http://creativecommons.org/licenses/by-nc/4.0/,Christie,https://www.inaturalist.org/observations/67787890,https://static.inaturalist.org/sounds/157734.wav?1610185902,,Cyclochila_australasiae,Train,,0.454329,data\raw\species40\Train\Cyclochila_australasiae_IN67787890_157734.wav
Pterophylla_camellifolia_IN184201739_816303.mp3,Pterophylla_camellifolia,Orthoptera,http://creativecommons.org/licenses/by-nc/4.0/,Cody Porter,https://www.inaturalist.org/observations/184201739,https://static.inaturalist.org/sounds/816303.m4a?1695259820,,Pterophylla_camellifolia,Train,,0.116149,data\raw\species40\Train\Pterophylla_camellifolia_IN184201739_816303.mp3
Pterophylla_camellifolia_IN231749526_1143561.mp3,Pterophylla_camellifolia,Orthoptera,http://creativecommons.org/licenses/by-nc/4.0/,Kailyn Lianne Liu,https://www.inaturalist.org/observations/231749526,https://static.inaturalist.org/sounds/1143561.m4a?1721962234,,Pterophylla_camellifolia,Train,,0.251862,data\raw\species40\Train\Pterophylla_camellifolia_IN231749526_1143561.mp3
Oecanthus_pellucens_IN226313582_1115952.mp3,Oecanthus_pellucens,Orthoptera,http://creativecommons.org/licenses/by-nc/4.0/,Axel Gosseries,https://www.inaturalist.org/observations/226313582,https://static.inaturalist.org/sounds/1115952.m4a?1719787877,,Oecanthus_pellucens,Train,,0.204039,data\raw\species40\Train\Oecanthus_pellucens_IN226313582_1115952.mp3
Cicada_orni_IN174254658_775356.mp3,Cicada_orni,Cicadidae,http://creativecommons.org/licenses/by-nc/4.0/,Vera L. Nunes,https://www.inaturalist.org/observations/174254658,https://static.inaturalist.org/sounds/775356.m4a?1690028412,,Cicada_orni,Train,,0.121522,data\raw\species40\Train\Cicada_orni_IN174254658_775356.mp3
Cicada_orni_IN126468536_500439.mp3,Cicada_orni,Cicadidae,http://creativecommons.org/licenses/by-nc/4.0/,phillyphantailphan,https://www.inaturalist.org/observations/126468536,https://static.inaturalist.org/sounds/500439.m4a?1657974805,,Cicada_orni,Train,,0.090461,data\raw\species40\Train\Cicada_orni_IN126468536_500439.mp3
Tettigonia_viridissima_IN173996455_774105.mp3,Tettigonia_viridissima,Orthoptera,http://creativecommons.org/licenses/by-nc/4.0/,gernotkunz,https://www.inaturalist.org/observations/173996455,https://static.inaturalist.org/sounds/774105.m4a?1689885587,,Tettigonia_viridissima,Train,,0.196199,data\raw\species40\Train\Tettigonia_viridissima_IN173996455_774105.mp3
Pterophylla_camellifolia_IN138909362_550243.mp3,Pterophylla_camellifolia,Orthoptera,http://creativecommons.org/licenses/by-nc/4.0/,Ken Sisco,https://www.inaturalist.org/observations/138909362,https://static.inaturalist.org/sounds/550243.m4a?1665877320,,Pterophylla_camellifolia,Train,,0.118644,data\raw\species40\Train\Pterophylla_camellifolia_IN138909362_550243.mp3
Henicopsaltria_eydouxii_IN193773176_859171.mp3,Henicopsaltria_eydouxii,Cicadidae,http://creativecommons.org/licenses/by/4.0/,Thomas Mesaglio,https://www.inaturalist.org/observations/193773176,https://static.inaturalist.org/sounds/859171.mp3?1702363461,,Henicopsaltria_eydouxii,Train,,0.120454,data\raw\species40\Train\Henicopsaltria_eydouxii_IN193773176_859171.mp3
Neotibicen_pruinosus_IN183535268_813592.mp3,Neotibicen_pruinosus,Cicadidae,http://creativecommons.org/licenses/by-nc-sa/4.0/,Lee Elliott,https://www.inaturalist.org/observations/183535268,https://static.inaturalist.org/sounds/813592.mp3?1694886585,,Neotibicen_pruinosus,Train,,0.104557,data\raw\species40\Train\Neotibicen_pruinosus_IN183535268_813592.mp3
Popplepsalta_notialis_IN36924680_53897.wav,Popplepsalta_notialis,Cicadidae,http://creativecommons.org/licenses/by-nc/4.0/,Christie,https://www.inaturalist.org/observations/36924680,https://static.inaturalist.org/sounds/53897.wav?1577956014,,Popplepsalta_notialis,Train,,0.611249,data\raw\species40\Train\Popplepsalta_notialis_IN36924680_53897.wav
Tettigonia_viridissima_XC779638.wav,Tettigonia_viridissima,Orthoptera,//creativecommons.org/licenses/by-nc-sa/4.0/,Cedric Mroczko,https://xeno-canto.org/779638,https://xeno-canto.org/779638/download,"Tettigonia viridissima, Nemobius sylvestris",Tettigonia_viridissima,Train,15.0,2.940592,data\raw\species40\Train\Tettigonia_viridissima_XC779638.wav
Cicada_barbara_IN53488416_122128.mp3,Cicada_barbara,Cicadidae,http://creativecommons.org/licenses/by-nc/4.0/,André Balças,https://www.inaturalist.org/observations/53488416,https://static.inaturalist.org/sounds/122128.m4a?1595088495,,Cicada_barbara,Train,,0.350022,data\raw\species40\Train\Cicada_barbara_IN53488416_122128.mp3
Pterophylla_camellifolia_IN230645191_1138675.mp3,Pterophylla_camellifolia,Orthoptera,http://creativecommons.org/licenses/by-nc/4.0/,Gabriel Diggs,https://www.inaturalist.org/observations/230645191,https://static.inaturalist.org/sounds/1138675.m4a?1721527486,,Pterophylla_camellifolia,Train,,0.123484,data\raw\species40\Train\Pterophylla_camellifolia_IN230645191_1138675.mp3
Yoyetta_celis_IN18143788_27227.wav,Yoyetta_celis,Cicadidae,http://creativecommons.org/licenses/by-nc/4.0/,Christie,https://www.inaturalist.org/observations/18143788,https://static.inaturalist.org/sounds/27227.wav?1541455840,,Yoyetta_celis,Train,,0.251569,data\raw\species40\Train\Yoyetta_celis_IN18143788_27227.wav
Cicada_barbara_IN170516164_757046.mp3,Cicada_barbara,Cicadidae,http://creativecommons.org/licenses/by-nc/4.0/,Nelson Conceição,https://www.inaturalist.org/observations/170516164,https://static.inaturalist.org/sounds/757046.mp3?1688242812,,Cicada_barbara,Train,,2.607334,data\raw\species40\Train\Cicada_barbara_IN170516164_757046.mp3
Henicopsaltria_eydouxii_IN19586383_29161.wav,Henicopsaltria_eydouxii,Cicadidae,http://creativecommons.org/licenses/by-nc/4.0/,Christie,https://www.inaturalist.org/observations/19586383,https://static.inaturalist.org/sounds/29161.wav?1547284800,,Henicopsaltria_eydouxii,Train,,0.793206,data\raw\species40\Train\Henicopsaltria_eydouxii_IN19586383_29161.wav
Roeseliana_roeselii_IN228805397_1129468.mp3,Roeseliana_roeselii,Orthoptera,http://creativecommons.org/licenses/by-nc/4.0/,Karol Łanocha,https://www.inaturalist.org/observations/228805397,https://static.inaturalist.org/sounds/1129468.m4a?1720784639,,Roeseliana_roeselii,Train,,0.242502,data\raw\species40\Train\Roeseliana_roeselii_IN228805397_1129468.mp3
Yoyetta_celis_IN36653430_52811.wav,Yoyetta_celis,Cicadidae,http://creativecommons.org/licenses/by-nc/4.0/,Christie,https://www.inaturalist.org/observations/36653430,https://static.inaturalist.org/sounds/52811.wav?1576364731,,Yoyetta_celis,Train,,0.189684,data\raw\species40\Train\Yoyetta_celis_IN36653430_52811.wav
Aleeta_curvicosta_IN66905190_154707.wav,Aleeta_curvicosta,Cicadidae,http://creativecommons.org/licenses/by-nc/4.0/,Christie,https://www.inaturalist.org/observations/66905190,https://static.inaturalist.org/sounds/154707.wav?1608612391,,Aleeta_curvicosta,Train,,0.68858,data\raw\species40\Train\Aleeta_curvicosta_IN66905190_154707.wav
Yoyetta_celis_IN183430438_813134.wav,Yoyetta_celis,Cicadidae,http://creativecommons.org/licenses/by-nc/4.0/,Nathan Emery,https://www.inaturalist.org/observations/183430438,https://static.inaturalist.org/sounds/813134.wav?1694820597,,Yoyetta_celis,Train,,0.330671,data\raw\species40\Train\Yoyetta_celis_IN183430438_813134.wav
Psaltoda_plaga_IN146073291_582386.wav,Psaltoda_plaga,Cicadidae,http://creativecommons.org/licenses/by-nc/4.0/,Christie,https://www.inaturalist.org/observations/146073291,https://static.inaturalist.org/sounds/582386.wav?1673143836,,Psaltoda_plaga,Train,,0.63467,data\raw\species40\Train\Psaltoda_plaga_IN146073291_582386.wav
Gryllus_campestris_IN123299761_481386.mp3,Gryllus_campestris,Orthoptera,http://creativecommons.org/licenses/by-nc/4.0/,Sebastian Ćato,https://www.inaturalist.org/observations/123299761,https://static.inaturalist.org/sounds/481386.mp3?1656118591,,Gryllus_campestris,Train,,0.034886,data\raw\species40\Train\Gryllus_campestris_IN123299761_481386.mp3
Oecanthus_pellucens_IN181636273_805959.mp3,Oecanthus_pellucens,Orthoptera,http://creativecommons.org/licenses/by-nc/4.0/,simonbran,https://www.inaturalist.org/observations/181636273,https://static.inaturalist.org/sounds/805959.m4a?1693776018,,Oecanthus_pellucens,Train,,0.316914,data\raw\species40\Train\Oecanthus_pellucens_IN181636273_805959.mp3
Tettigonia_viridissima_IN175817120_781805.wav,Tettigonia_viridissima,Orthoptera,http://creativecommons.org/licenses/by-nc/4.0/,Sylvain Eichhorn,https://www.inaturalist.org/observations/175817120,https://static.inaturalist.org/sounds/781805.wav?1690752292,,Tettigonia_viridissima,Train,,0.671403,data\raw\species40\Train\Tettigonia_viridissima_IN175817120_781805.wav
Pholidoptera_griseoaptera_IN185033741_819667.mp3,Pholidoptera_griseoaptera,Orthoptera,http://creativecommons.org/licenses/by/4.0/,E. A.,https://www.inaturalist.org/observations/185033741,https://static.inaturalist.org/sounds/819667.m4a?1695750332,,Pholidoptera_griseoaptera,Train,,0.241441,data\raw\species40\Train\Pholidoptera_griseoaptera_IN185033741_819667.mp3
Phaneroptera_nana_XC751919.wav,Phaneroptera_nana,Orthoptera,//creativecommons.org/licenses/by-sa/4.0/,Baudewijn Odé,https://xeno-canto.org/751919,https://xeno-canto.org/751919/download,,Phaneroptera_nana,Train,18.6,0.906587,data\raw\species40\Train\Phaneroptera_nana_XC751919.wav
Pterophylla_camellifolia_IN173540305_772030.mp3,Pterophylla_camellifolia,Orthoptera,http://creativecommons.org/licenses/by-nc/4.0/,kwallace1968,https://www.inaturalist.org/observations/173540305,https://static.inaturalist.org/sounds/772030.m4a?1689653109,,Pterophylla_camellifolia,Train,,0.261002,data\raw\species40\Train\Pterophylla_camellifolia_IN173540305_772030.mp3
Neotibicen_tibicen_IN92659330_297555.mp3,Neotibicen_tibicen,Cicadidae,http://creativecommons.org/licenses/by-nc/4.0/,Priyantha Wijesinghe,https://www.inaturalist.org/observations/92659330,https://static.inaturalist.org/sounds/297555.m4a?1630064351,,Neotibicen_tibicen,Train,,0.875612,data\raw\species40\Train\Neotibicen_tibicen_IN92659330_297555.mp3
Gryllus_campestris_IN163335254_709662.mp3,Gryllus_campestris,Orthoptera,http://creativecommons.org/licenses/by-nc/4.0/,Helena Vlasáková,https://www.inaturalist.org/observations/163335254,https://static.inaturalist.org/sounds/709662.m4a?1684860793,,Gryllus_campestris,Train,,0.085958,data\raw\species40\Train\Gryllus_campestris_IN163335254_709662.mp3
Tettigettalna_argentata_IN90891205_290778.mp3,Tettigettalna_argentata,Cicadidae,http://creativecommons.org/licenses/by-nc/4.0/,mtfoliveira,https://www.inaturalist.org/observations/90891205,https://static.inaturalist.org/sounds/290778.m4a?1628780154,,Tettigettalna_argentata,Train,,0.333846,data\raw\species40\Train\Tettigettalna_argentata_IN90891205_290778.mp3
Neotibicen_tibicen_IN182115493_807832.mp3,Neotibicen_tibicen,Cicadidae,http://creativecommons.org/licenses/by-nc/4.0/,Nicholas Sly,https://www.inaturalist.org/observations/182115493,https://static.inaturalist.org/sounds/807832.m4a?1694041451,,Neotibicen_tibicen,Train,,0.502929,data\raw\species40\Train\Neotibicen_tibicen_IN182115493_807832.mp3
Magicicada_cassini_IN82342703_249467.mp3,Magicicada_cassini,Cicadidae,http://creativecommons.org/licenses/by-nc/4.0/,Roshan Vignarajah,https://www.inaturalist.org/observations/82342703,https://static.inaturalist.org/sounds/249467.m4a?1623280333,,Magicicada_cassini,Train,,0.343631,data\raw\species40\Train\Magicicada_cassini_IN82342703_249467.mp3
Tettigettalna_argentata_IN85666392_268183.mp3,Tettigettalna_argentata,Cicadidae,http://creativecommons.org/licenses/by-nc/4.0/,Nelson Conceição,https://www.inaturalist.org/observations/85666392,https://static.inaturalist.org/sounds/268183.mp3?1625427587,,Tettigettalna_argentata,Train,,2.27776,data\raw\species40\Train\Tettigettalna_argentata_IN85666392_268183.mp3
Henicopsaltria_eydouxii_IN68530753_160197.mp3,Henicopsaltria_eydouxii,Cicadidae,http://creativecommons.org/licenses/by-nc/4.0/,Col Grant,https://www.inaturalist.org/observations/68530753,https://static.inaturalist.org/sounds/160197.m4a?1611464940,,Henicopsaltria_eydouxii,Train,,0.202822,data\raw\species40\Train\Henicopsaltria_eydouxii_IN68530753_160197.mp3
Gryllotalpa_gryllotalpa_IN223664378_1100005.wav,Gryllotalpa_gryllotalpa,Orthoptera,http://creativecommons.org/licenses/by/4.0/,Tommy Andriollo,https://www.inaturalist.org/observations/223664378,https://static.inaturalist.org/sounds/1100005.wav?1718759696,,Gryllotalpa_gryllotalpa,Train,,0.384042,data\raw\species40\Train\Gryllotalpa_gryllotalpa_IN223664378_1100005.wav
Cicada_orni_IN177856282_790410.mp3,Cicada_orni,Cicadidae,http://creativecommons.org/licenses/by-nc/4.0/,thiago_buteo,https://www.inaturalist.org/observations/177856282,https://static.inaturalist.org/sounds/790410.m4a?1691775129,,Cicada_orni,Train,,0.433875,data\raw\species40\Train\Cicada_orni_IN177856282_790410.mp3
Aleeta_curvicosta_IN9400102_17040.wav,Aleeta_curvicosta,Cicadidae,http://creativecommons.org/licenses/by-nc/4.0/,Christie,https://www.inaturalist.org/observations/9400102,https://static.inaturalist.org/sounds/17040.wav?1515376848,,Aleeta_curvicosta,Train,,1.055542,data\raw\species40\Train\Aleeta_curvicosta_IN9400102_17040.wav
Neotibicen_tibicen_IN130997688_521181.mp3,Neotibicen_tibicen,Cicadidae,http://creativecommons.org/licenses/by-nc/4.0/,poly-six-tronic,https://www.inaturalist.org/observations/130997688,https://static.inaturalist.org/sounds/521181.mp3?1660601912,,Neotibicen_tibicen,Train,,0.136371,data\raw\species40\Train\Neotibicen_tibicen_IN130997688_521181.mp3
Neotibicen_pruinosus_IN87793400_278547.wav,Neotibicen_pruinosus,Cicadidae,http://creativecommons.org/licenses/by-nc/4.0/,Joshua Campos,https://www.inaturalist.org/observations/87793400,https://static.inaturalist.org/sounds/278547.wav?1626741248,,Neotibicen_pruinosus,Train,,1.343262,data\raw\species40\Train\Neotibicen_pruinosus_IN87793400_278547.wav
Henicopsaltria_eydouxii_IN67129743_155563.wav,Henicopsaltria_eydouxii,Cicadidae,http://creativecommons.org/licenses/by-nc/4.0/,Joel Poyitt,https://www.inaturalist.org/observations/67129743,https://static.inaturalist.org/sounds/155563.wav?1609063374,,Henicopsaltria_eydouxii,Train,,1.458702,data\raw\species40\Train\Henicopsaltria_eydouxii_IN67129743_155563.wav
Neotibicen_tibicen_IN89356226_284987.mp3,Neotibicen_tibicen,Cicadidae,http://creativecommons.org/licenses/by-nc/4.0/,artbird,https://www.inaturalist.org/observations/89356226,https://static.inaturalist.org/sounds/284987.m4a?1627755104,,Neotibicen_tibicen,Train,,0.252654,data\raw\species40\Train\Neotibicen_tibicen_IN89356226_284987.mp3
Psaltoda_plaga_IN66898251_154657.wav,Psaltoda_plaga,Cicadidae,http://creativecommons.org/licenses/by-nc/4.0/,Christie,https://www.inaturalist.org/observations/66898251,https://static.inaturalist.org/sounds/154657.wav?1608596745,,Psaltoda_plaga,Train,,0.399591,data\raw\species40\Train\Psaltoda_plaga_IN66898251_154657.wav
Chorthippus_mollis_XC752529.wav,Chorthippus_mollis,Orthoptera,//creativecommons.org/licenses/by-sa/4.0/,Baudewijn Odé,https://xeno-canto.org/752529,https://xeno-canto.org/752529/download,,Chorthippus_mollis,Train,25.0,1.17345,data\raw\species40\Train\Chorthippus_mollis_XC752529.wav
Pterophylla_camellifolia_IN130583018_519432.mp3,Pterophylla_camellifolia,Orthoptera,http://creativecommons.org/licenses/by-nc/4.0/,Jeff Davis,https://www.inaturalist.org/observations/130583018,https://static.inaturalist.org/sounds/519432.m4a?1660358905,,Pterophylla_camellifolia,Train,,0.239728,data\raw\species40\Train\Pterophylla_camellifolia_IN130583018_519432.mp3
Chorthippus_biguttulus_IN186551731_826524.mp3,Chorthippus_biguttulus,Orthoptera,http://creativecommons.org/licenses/by/4.0/,E. A.,https://www.inaturalist.org/observations/186551731,https://static.inaturalist.org/sounds/826524.m4a?1696693448,,Chorthippus_biguttulus,Train,,0.404816,data\raw\species40\Train\Chorthippus_biguttulus_IN186551731_826524.mp3
Galanga_labeculata_IN68942913_161804.wav,Galanga_labeculata,Cicadidae,http://creativecommons.org/licenses/by-nc/4.0/,Joel Poyitt,https://www.inaturalist.org/observations/68942913,https://static.inaturalist.org/sounds/161804.wav?1612231660,,Galanga_labeculata,Train,,1.186247,data\raw\species40\Train\Galanga_labeculata_IN68942913_161804.wav
Yoyetta_celis_IN98931415_319186.wav,Yoyetta_celis,Cicadidae,http://creativecommons.org/licenses/by-nc/4.0/,skyestory,https://www.inaturalist.org/observations/98931415,https://static.inaturalist.org/sounds/319186.wav?1634861846,,Yoyetta_celis,Train,,1.064041,data\raw\species40\Train\Yoyetta_celis_IN98931415_319186.wav
Chorthippus_biguttulus_IN135102174_536066.mp3,Chorthippus_biguttulus,Orthoptera,http://creativecommons.org/licenses/by/4.0/,E. A.,https://www.inaturalist.org/observations/135102174,https://static.inaturalist.org/sounds/536066.mp3?1663242388,,Chorthippus_biguttulus,Train,,0.078049,data\raw\species40\Train\Chorthippus_biguttulus_IN135102174_536066.mp3
Yoyetta_celis_IN36305595_51624.wav,Yoyetta_celis,Cicadidae,http://creativecommons.org/licenses/by-nc/4.0/,Christie,https://www.inaturalist.org/observations/36305595,https://static.inaturalist.org/sounds/51624.wav?1575337834,,Yoyetta_celis,Train,,0.230654,data\raw\species40\Train\Yoyetta_celis_IN36305595_51624.wav
Magicicada_cassini_IN224447022_1104867.mp3,Magicicada_cassini,Cicadidae,http://creativecommons.org/licenses/by-nc/4.0/,Jessee J. Smith,https://www.inaturalist.org/observations/224447022,https://static.inaturalist.org/sounds/1104867.m4a?1719077376,,Magicicada_cassini,Train,,1.060169,data\raw\species40\Train\Magicicada_cassini_IN224447022_1104867.mp3
Roeseliana_roeselii_IN92296440_295786.wav,Roeseliana_roeselii,Orthoptera,http://creativecommons.org/licenses/by-nc/4.0/,charleenrup,https://www.inaturalist.org/observations/92296440,https://static.inaturalist.org/sounds/295786.wav?1629759727,,Roeseliana_roeselii,Train,,0.274552,data\raw\species40\Train\Roeseliana_roeselii_IN92296440_295786.wav
Yoyetta_celis_IN66751906_154181.mp3,Yoyetta_celis,Cicadidae,http://creativecommons.org/licenses/by-nc/4.0/,bpscicada,https://www.inaturalist.org/observations/66751906,https://static.inaturalist.org/sounds/154181.m4a?1608332822,,Yoyetta_celis,Train,,0.04033,data\raw\species40\Train\Yoyetta_celis_IN66751906_154181.mp3
Aleeta_curvicosta_IN9722527_17545.wav,Aleeta_curvicosta,Cicadidae,http://creativecommons.org/licenses/by-nc/4.0/,Christie,https://www.inaturalist.org/observations/9722527,https://static.inaturalist.org/sounds/17545.wav?1517732996,,Aleeta_curvicosta,Train,,0.686154,data\raw\species40\Train\Aleeta_curvicosta_IN9722527_17545.wav
Pseudochorthippus_parallelus_XC848015.wav,Pseudochorthippus_parallelus,Orthoptera,//creativecommons.org/licenses/by-sa/4.0/,Baudewijn Odé,https://xeno-canto.org/848015,https://xeno-canto.org/848015/download,,Pseudochorthippus_parallelus,Train,,1.076975,data\raw\species40\Train\Pseudochorthippus_parallelus_XC848015.wav
Oecanthus_pellucens_IN90318768_288800.wav,Oecanthus_pellucens,Orthoptera,http://creativecommons.org/licenses/by-nc/4.0/,Daniel Raposo,https://www.inaturalist.org/observations/90318768,https://static.inaturalist.org/sounds/288800.wav?1628373934,,Oecanthus_pellucens,Train,,0.771867,data\raw\species40\Train\Oecanthus_pellucens_IN90318768_288800.wav
Popplepsalta_notialis_IN18145045_27235.wav,Popplepsalta_notialis,Cicadidae,http://creativecommons.org/licenses/by-nc/4.0/,Nathan Emery,https://www.inaturalist.org/observations/18145045,https://static.inaturalist.org/sounds/27235.wav?1541464447,,Popplepsalta_notialis,Train,,0.356892,data\raw\species40\Train\Popplepsalta_notialis_IN18145045_27235.wav
Meimuna_opalifera_IN183322305_812719.mp3,Meimuna_opalifera,Cicadidae,http://creativecommons.org/licenses/by-nc/4.0/,syltetoejsglas,https://www.inaturalist.org/observations/183322305,https://static.inaturalist.org/sounds/812719.m4a?1694758013,,Meimuna_opalifera,Train,,0.240616,data\raw\species40\Train\Meimuna_opalifera_IN183322305_812719.mp3
Neotibicen_canicularis_IN227876230_1124591.mp3,Neotibicen_canicularis,Cicadidae,http://creativecommons.org/licenses/by-nc/4.0/,josmity,https://www.inaturalist.org/observations/227876230,https://static.inaturalist.org/sounds/1124591.m4a?1720387876,,Neotibicen_canicularis,Train,,0.301841,data\raw\species40\Train\Neotibicen_canicularis_IN227876230_1124591.mp3
Gryllotalpa_gryllotalpa_XC855175.mp3,Gryllotalpa_gryllotalpa,Orthoptera,//creativecommons.org/licenses/by-nc-sa/4.0/,Tristan Guillebot de Nerville,https://xeno-canto.org/855175,https://xeno-canto.org/855175/download,,Gryllotalpa_gryllotalpa,Train,,0.374386,data\raw\species40\Train\Gryllotalpa_gryllotalpa_XC855175.mp3
Popplepsalta_notialis_IN18722270_27760.wav,Popplepsalta_notialis,Cicadidae,http://creativecommons.org/licenses/by-nc/4.0/,Christie,https://www.inaturalist.org/observations/18722270,https://static.inaturalist.org/sounds/27760.wav?1543571563,,Popplepsalta_notialis,Train,,0.601706,data\raw\species40\Train\Popplepsalta_notialis_IN18722270_27760.wav
Pterophylla_camellifolia_IN100935577_328771.mp3,Pterophylla_camellifolia,Orthoptera,http://creativecommons.org/licenses/by-nc/4.0/,barbthomascall,https://www.inaturalist.org/observations/100935577,https://static.inaturalist.org/sounds/328771.m4a?1636735023,,Pterophylla_camellifolia,Train,,0.308321,data\raw\species40\Train\Pterophylla_camellifolia_IN100935577_328771.mp3
Yoyetta_celis_IN61772291_140752.wav,Yoyetta_celis,Cicadidae,http://creativecommons.org/licenses/by-nc/4.0/,Joel Poyitt,https://www.inaturalist.org/observations/61772291,https://static.inaturalist.org/sounds/140752.mpga?1601902516,,Yoyetta_celis,Train,,0.994309,data\raw\species40\Train\Yoyetta_celis_IN61772291_140752.wav
Pterophylla_camellifolia_IN173142541_770157.mp3,Pterophylla_camellifolia,Orthoptera,http://creativecommons.org/licenses/by-nc/4.0/,crberq,https://www.inaturalist.org/observations/173142541,https://static.inaturalist.org/sounds/770157.m4a?1689477660,,Pterophylla_camellifolia,Train,,0.138366,data\raw\species40\Train\Pterophylla_camellifolia_IN173142541_770157.mp3
Oecanthus_pellucens_IN135169391_536283.mp3,Oecanthus_pellucens,Orthoptera,http://creativecommons.org/licenses/by-nc/4.0/,Stephan Pflume,https://www.inaturalist.org/observations/135169391,https://static.inaturalist.org/sounds/536283.m4a?1663275345,,Oecanthus_pellucens,Train,,0.416221,data\raw\species40\Train\Oecanthus_pellucens_IN135169391_536283.mp3
Cicada_orni_IN128346103_509241.mp3,Cicada_orni,Cicadidae,http://creativecommons.org/licenses/by-nc/4.0/,mathildeg66,https://www.inaturalist.org/observations/128346103,https://static.inaturalist.org/sounds/509241.m4a?1659036734,,Cicada_orni,Train,,0.252646,data\raw\species40\Train\Cicada_orni_IN128346103_509241.mp3
Yoyetta_celis_IN193086358_856170.wav,Yoyetta_celis,Cicadidae,http://creativecommons.org/licenses/by-nc/4.0/,Christie,https://www.inaturalist.org/observations/193086358,https://static.inaturalist.org/sounds/856170.wav?1701767330,,Yoyetta_celis,Train,,0.156467,data\raw\species40\Train\Yoyetta_celis_IN193086358_856170.wav
Yoyetta_repetens_IN196244049_873704.mp3,Yoyetta_repetens,Cicadidae,http://creativecommons.org/licenses/by-nc/4.0/,Joel Poyitt,https://www.inaturalist.org/observations/196244049,https://static.inaturalist.org/sounds/873704.m4a?1704849889,,Yoyetta_repetens,Train,,0.138583,data\raw\species40\Train\Yoyetta_repetens_IN196244049_873704.mp3
Atrapsalta_corticina_IN144966762_575781.mp3,Atrapsalta_corticina,Cicadidae,http://creativecommons.org/licenses/by-nc/4.0/,Ben McBurney,https://www.inaturalist.org/observations/144966762,https://static.inaturalist.org/sounds/575781.mp3?1671860175,,Atrapsalta_corticina,Train,,0.08037,data\raw\species40\Train\Atrapsalta_corticina_IN144966762_575781.mp3
Psaltoda_plaga_IN38011627_55926.wav,Psaltoda_plaga,Cicadidae,http://creativecommons.org/licenses/by-nc/4.0/,Christie,https://www.inaturalist.org/observations/38011627,https://static.inaturalist.org/sounds/55926.wav?1580110015,,Psaltoda_plaga,Train,,0.411083,data\raw\species40\Train\Psaltoda_plaga_IN38011627_55926.wav
Phaneroptera_nana_IN188289096_834091.wav,Phaneroptera_nana,Orthoptera,http://creativecommons.org/licenses/by-nc/4.0/,Benjamin Schmid,https://www.inaturalist.org/observations/188289096,https://static.inaturalist.org/sounds/834091.wav?1697828802,,Phaneroptera_nana,Train,,1.16582,data\raw\species40\Train\Phaneroptera_nana_IN188289096_834091.wav
Pterophylla_camellifolia_IN184202563_816319.mp3,Pterophylla_camellifolia,Orthoptera,http://creativecommons.org/licenses/by-nc/4.0/,Cody Porter,https://www.inaturalist.org/observations/184202563,https://static.inaturalist.org/sounds/816319.m4a?1695260325,,Pterophylla_camellifolia,Train,,0.130537,data\raw\species40\Train\Pterophylla_camellifolia_IN184202563_816319.mp3
Cyclochila_australasiae_IN189451596_839080.mp3,Cyclochila_australasiae,Cicadidae,http://creativecommons.org/licenses/by-nc/4.0/,Colin Trainor,https://www.inaturalist.org/observations/189451596,https://static.inaturalist.org/sounds/839080.m4a?1698655014,,Cyclochila_australasiae,Train,,0.759303,data\raw\species40\Train\Cyclochila_australasiae_IN189451596_839080.mp3
Cicada_barbara_IN189504334_839292.wav,Cicada_barbara,Cicadidae,http://creativecommons.org/licenses/by-nc/4.0/,Pascal Dubois,https://www.inaturalist.org/observations/189504334,https://static.inaturalist.org/sounds/839292.wav?1698697559,,Cicada_barbara,Train,,0.481703,data\raw\species40\Train\Cicada_barbara_IN189504334_839292.wav
Decticus_albifrons_IN52441081_118564.mp3,Decticus_albifrons,Orthoptera,http://creativecommons.org/licenses/by-nc/4.0/,Daniel Raposo,https://www.inaturalist.org/observations/52441081,https://static.inaturalist.org/sounds/118564.mp3?1594271779,,Decticus_albifrons,Train,,0.351971,data\raw\species40\Train\Decticus_albifrons_IN52441081_118564.mp3
Pterophylla_camellifolia_IN134518727_533873.mp3,Pterophylla_camellifolia,Orthoptera,http://creativecommons.org/licenses/by-nc/4.0/,Kyle Aldinger,https://www.inaturalist.org/observations/134518727,https://static.inaturalist.org/sounds/533873.m4a?1662859960,,Pterophylla_camellifolia,Train,,0.215851,data\raw\species40\Train\Pterophylla_camellifolia_IN134518727_533873.mp3
Cystosoma_saundersii_IN37574119_54826.mp3,Cystosoma_saundersii,Cicadidae,http://creativecommons.org/licenses/by-nc/4.0/,Joel Poyitt,https://www.inaturalist.org/observations/37574119,https://static.inaturalist.org/sounds/54826.m4a?1578966567,,Cystosoma_saundersii,Train,,0.145382,data\raw\species40\Train\Cystosoma_saundersii_IN37574119_54826.mp3
Cicada_orni_IN87163625_275199.mp3,Cicada_orni,Cicadidae,http://creativecommons.org/licenses/by-nc/4.0/,filipa_coelho,https://www.inaturalist.org/observations/87163625,https://static.inaturalist.org/sounds/275199.m4a?1626370150,,Cicada_orni,Train,,0.530657,data\raw\species40\Train\Cicada_orni_IN87163625_275199.mp3
Neotibicen_pruinosus_IN181819319_806701.mp3,Neotibicen_pruinosus,Cicadidae,http://creativecommons.org/licenses/by-nc/4.0/,Senna Bryce Robeson,https://www.inaturalist.org/observations/181819319,https://static.inaturalist.org/sounds/806701.m4a?1693866741,,Neotibicen_pruinosus,Train,,0.403404,data\raw\species40\Train\Neotibicen_pruinosus_IN181819319_806701.mp3
Oecanthus_pellucens_IN232347066_1146343.mp3,Oecanthus_pellucens,Orthoptera,http://creativecommons.org/licenses/by-nc/4.0/,Martin Vukušić,https://www.inaturalist.org/observations/232347066,https://static.inaturalist.org/sounds/1146343.m4a?1722198147,,Oecanthus_pellucens,Train,,0.184124,data\raw\species40\Train\Oecanthus_pellucens_IN232347066_1146343.mp3
Galanga_labeculata_IN171151077_760079.mp3,Galanga_labeculata,Cicadidae,http://creativecommons.org/licenses/by-nc/4.0/,Ben McBurney,https://www.inaturalist.org/observations/171151077,https://static.inaturalist.org/sounds/760079.mp3?1688528869,,Galanga_labeculata,Train,,0.076119,data\raw\species40\Train\Galanga_labeculata_IN171151077_760079.mp3
Henicopsaltria_eydouxii_IN144662543_574303.mp3,Henicopsaltria_eydouxii,Cicadidae,http://creativecommons.org/licenses/by-nc/4.0/,Maria Miller,https://www.inaturalist.org/observations/144662543,https://static.inaturalist.org/sounds/574303.m4a?1671451853,,Henicopsaltria_eydouxii,Train,,0.38235,data\raw\species40\Train\Henicopsaltria_eydouxii_IN144662543_574303.mp3
Cystosoma_saundersii_IN104022171_341820.mp3,Cystosoma_saundersii,Cicadidae,http://creativecommons.org/licenses/by-nc/4.0/,Joel Poyitt,https://www.inaturalist.org/observations/104022171,https://static.inaturalist.org/sounds/341820.m4a?1640944263,,Cystosoma_saundersii,Train,,0.085331,data\raw\species40\Train\Cystosoma_saundersii_IN104022171_341820.mp3
Cyclochila_australasiae_IN63151954_144280.mp3,Cyclochila_australasiae,Cicadidae,http://creativecommons.org/licenses/by-nc/4.0/,aarong,https://www.inaturalist.org/observations/63151954,https://static.inaturalist.org/sounds/144280.m4a?1603269520,,Cyclochila_australasiae,Train,,0.339453,data\raw\species40\Train\Cyclochila_australasiae_IN63151954_144280.mp3
Neotibicen_robinsonianus_IN56879332_131149.mp3,Neotibicen_robinsonianus,Cicadidae,http://creativecommons.org/licenses/by/4.0/,Kurt R. Schwarz,https://www.inaturalist.org/observations/56879332,https://static.inaturalist.org/sounds/131149.m4a?1597786219,,Neotibicen_robinsonianus,Train,,0.381717,data\raw\species40\Train\Neotibicen_robinsonianus_IN56879332_131149.mp3
Yoyetta_celis_IN183935912_815172.wav,Yoyetta_celis,Cicadidae,http://creativecommons.org/licenses/by-nc/4.0/,Christie,https://www.inaturalist.org/observations/183935912,https://static.inaturalist.org/sounds/815172.wav?1695092708,,Yoyetta_celis,Train,,0.16327,data\raw\species40\Train\Yoyetta_celis_IN183935912_815172.wav
Pterophylla_camellifolia_IN164181944_715854.mp3,Pterophylla_camellifolia,Orthoptera,http://creativecommons.org/licenses/by-nc/4.0/,mister_krabs,https://www.inaturalist.org/observations/164181944,https://static.inaturalist.org/sounds/715854.mp3?1685274885,,Pterophylla_camellifolia,Train,,0.078285,data\raw\species40\Train\Pterophylla_camellifolia_IN164181944_715854.mp3
Aleeta_curvicosta_IN153889583_635397.mp3,Aleeta_curvicosta,Cicadidae,http://creativecommons.org/licenses/by-nc/4.0/,Joel Poyitt,https://www.inaturalist.org/observations/153889583,https://static.inaturalist.org/sounds/635397.m4a?1680922998,,Aleeta_curvicosta,Train,,0.450646,data\raw\species40\Train\Aleeta_curvicosta_IN153889583_635397.mp3
Neotibicen_tibicen_IN126344072_499670.mp3,Neotibicen_tibicen,Cicadidae,http://creativecommons.org/licenses/by-nc/4.0/,Regina Wilson,https://www.inaturalist.org/observations/126344072,https://static.inaturalist.org/sounds/499670.m4a?1657893900,,Neotibicen_tibicen,Train,,0.861655,data\raw\species40\Train\Neotibicen_tibicen_IN126344072_499670.mp3
Tettigettalna_argentata_IN88185565_280509.wav,Tettigettalna_argentata,Cicadidae,http://creativecommons.org/licenses/by-nc/4.0/,jcordeiro,https://www.inaturalist.org/observations/88185565,https://static.inaturalist.org/sounds/280509.wav?1626992641,,Tettigettalna_argentata,Train,,0.516849,data\raw\species40\Train\Tettigettalna_argentata_IN88185565_280509.wav
Tettigonia_viridissima_IN183874293_814918.mp3,Tettigonia_viridissima,Orthoptera,http://creativecommons.org/licenses/by-nc/4.0/,Karol Łanocha,https://www.inaturalist.org/observations/183874293,https://static.inaturalist.org/sounds/814918.m4a?1695060482,,Tettigonia_viridissima,Train,,0.380357,data\raw\species40\Train\Tettigonia_viridissima_IN183874293_814918.mp3
Roeseliana_roeselii_IN178661367_793662.mp3,Roeseliana_roeselii,Orthoptera,http://creativecommons.org/licenses/by-nc/4.0/,markussehnal,https://www.inaturalist.org/observations/178661367,https://static.inaturalist.org/sounds/793662.m4a?1692179906,,Roeseliana_roeselii,Train,,0.170938,data\raw\species40\Train\Roeseliana_roeselii_IN178661367_793662.mp3
Chorthippus_brunneus_IN104179013_342560.mp3,Chorthippus_brunneus,Orthoptera,http://creativecommons.org/licenses/by-nc/4.0/,mobbini,https://www.inaturalist.org/observations/104179013,https://static.inaturalist.org/sounds/342560.mp3?1641128032,,Chorthippus_brunneus,Train,,0.090387,data\raw\species40\Train\Chorthippus_brunneus_IN104179013_342560.mp3
Atrapsalta_corticina_IN35803814_50611.wav,Atrapsalta_corticina,Cicadidae,http://creativecommons.org/licenses/by-nc/4.0/,Christie,https://www.inaturalist.org/observations/35803814,https://static.inaturalist.org/sounds/50611.wav?1574067554,,Atrapsalta_corticina,Train,,0.236481,data\raw\species40\Train\Atrapsalta_corticina_IN35803814_50611.wav
Cyclochila_australasiae_IN144975070_575816.wav,Cyclochila_australasiae,Cicadidae,http://creativecommons.org/licenses/by-nc/4.0/,Christie,https://www.inaturalist.org/observations/144975070,https://static.inaturalist.org/sounds/575816.wav?1671874171,,Cyclochila_australasiae,Train,,0.360858,data\raw\species40\Train\Cyclochila_australasiae_IN144975070_575816.wav
Oecanthus_pellucens_IN131238364_522185.mp3,Oecanthus_pellucens,Orthoptera,http://creativecommons.org/licenses/by/4.0/,Michael Bierbaumer,https://www.inaturalist.org/observations/131238364,https://static.inaturalist.org/sounds/522185.m4a?1660763549,,Oecanthus_pellucens,Train,,0.204858,data\raw\species40\Train\Oecanthus_pellucens_IN131238364_522185.mp3
Gryllus_campestris_IN218433992_1061679.mp3,Gryllus_campestris,Orthoptera,http://creativecommons.org/licenses/by/4.0/,mariusfaiss,https://www.inaturalist.org/observations/218433992,https://static.inaturalist.org/sounds/1061679.m4a?1716746277,,Gryllus_campestris,Train,,0.176484,data\raw\species40\Train\Gryllus_campestris_IN218433992_1061679.mp3
Cyclochila_australasiae_IN65406479_150266.mp3,Cyclochila_australasiae,Cicadidae,http://creativecommons.org/licenses/by/4.0/,Tim,https://www.inaturalist.org/observations/65406479,https://static.inaturalist.org/sounds/150266.mp3?1606055618,,Cyclochila_australasiae,Train,,0.050514,data\raw\species40\Train\Cyclochila_australasiae_IN65406479_150266.mp3
Pterophylla_camellifolia_IN132801356_528168.wav,Pterophylla_camellifolia,Orthoptera,http://creativecommons.org/licenses/by-nc/4.0/,beckk,https://www.inaturalist.org/observations/132801356,https://static.inaturalist.org/sounds/528168.wav?1661773145,,Pterophylla_camellifolia,Train,,0.788687,data\raw\species40\Train\Pterophylla_camellifolia_IN132801356_528168.wav
Neotibicen_pruinosus_IN130312317_518236.mp3,Neotibicen_pruinosus,Cicadidae,http://creativecommons.org/licenses/by/4.0/,Chris Angell,https://www.inaturalist.org/observations/130312317,https://static.inaturalist.org/sounds/518236.m4a?1660175674,,Neotibicen_pruinosus,Train,,0.093915,data\raw\species40\Train\Neotibicen_pruinosus_IN130312317_518236.mp3
Pterophylla_camellifolia_IN94067547_302842.wav,Pterophylla_camellifolia,Orthoptera,http://creativecommons.org/licenses/by-nc/4.0/,Brad Walker,https://www.inaturalist.org/observations/94067547,https://static.inaturalist.org/sounds/302842.wav?1631067377,,Pterophylla_camellifolia,Train,,0.765109,data\raw\species40\Train\Pterophylla_camellifolia_IN94067547_302842.wav
Pholidoptera_griseoaptera_IN183877716_814951.mp3,Pholidoptera_griseoaptera,Orthoptera,http://creativecommons.org/licenses/by-nc/4.0/,Karol Łanocha,https://www.inaturalist.org/observations/183877716,https://static.inaturalist.org/sounds/814951.m4a?1695062040,,Pholidoptera_griseoaptera,Train,,0.328041,data\raw\species40\Train\Pholidoptera_griseoaptera_IN183877716_814951.mp3
Meimuna_opalifera_IN94393482_304024.mp3,Meimuna_opalifera,Cicadidae,http://creativecommons.org/licenses/by-nc/4.0/,ツチガエル,https://www.inaturalist.org/observations/94393482,https://static.inaturalist.org/sounds/304024.m4a?1631325581,,Meimuna_opalifera,Train,,0.194496,data\raw\species40\Train\Meimuna_opalifera_IN94393482_304024.mp3
Pterophylla_camellifolia_IN135046193_535861.wav,Pterophylla_camellifolia,Orthoptera,http://creativecommons.org/licenses/by-nc/4.0/,Vinny Curtis,https://www.inaturalist.org/observations/135046193,https://static.inaturalist.org/sounds/535861.wav?1663193510,,Pterophylla_camellifolia,Train,,1.884357,data\raw\species40\Train\Pterophylla_camellifolia_IN135046193_535861.wav
Henicopsaltria_eydouxii_IN9409261_17047.mp3,Henicopsaltria_eydouxii,Cicadidae,http://creativecommons.org/licenses/by-nc/4.0/,Nicole Matthews,https://www.inaturalist.org/observations/9409261,https://static.inaturalist.org/sounds/17047.m4a?1648659873,,Henicopsaltria_eydouxii,Train,,0.897165,data\raw\species40\Train\Henicopsaltria_eydouxii_IN9409261_17047.mp3
Yoyetta_celis_IN34148812_48197.wav,Yoyetta_celis,Cicadidae,http://creativecommons.org/licenses/by-nc/4.0/,Christie,https://www.inaturalist.org/observations/34148812,https://static.inaturalist.org/sounds/48197.wav?1570698801,,Yoyetta_celis,Train,,0.434056,data\raw\species40\Train\Yoyetta_celis_IN34148812_48197.wav
Oecanthus_pellucens_IN130428988_518700.mp3,Oecanthus_pellucens,Orthoptera,http://creativecommons.org/licenses/by-nc/4.0/,elisabraz,https://www.inaturalist.org/observations/130428988,https://static.inaturalist.org/sounds/518700.mp3?1660254313,,Oecanthus_pellucens,Train,,0.13828,data\raw\species40\Train\Oecanthus_pellucens_IN130428988_518700.mp3
Galanga_labeculata_IN40158964_62245.wav,Galanga_labeculata,Cicadidae,http://creativecommons.org/licenses/by-nc/4.0/,Christie,https://www.inaturalist.org/observations/40158964,https://static.inaturalist.org/sounds/62245.wav?1584494717,,Galanga_labeculata,Train,,0.978258,data\raw\species40\Train\Galanga_labeculata_IN40158964_62245.wav
Tettigonia_cantans_IN54617833_125097.mp3,Tettigonia_cantans,Orthoptera,http://creativecommons.org/licenses/by-nc/4.0/,Alexey Katz,https://www.inaturalist.org/observations/54617833,https://static.inaturalist.org/sounds/125097.mp3?1595934332,,Tettigonia_cantans,Train,,0.167224,data\raw\species40\Train\Tettigonia_cantans_IN54617833_125097.mp3
Eumodicogryllus_bordigalensis_IN86785372_273600.mp3,Eumodicogryllus_bordigalensis,Orthoptera,http://creativecommons.org/licenses/by-nc/4.0/,Daniel Raposo,https://www.inaturalist.org/observations/86785372,https://static.inaturalist.org/sounds/273600.mp3?1626130184,,Eumodicogryllus_bordigalensis,Train,,0.109099,data\raw\species40\Train\Eumodicogryllus_bordigalensis_IN86785372_273600.mp3
Galanga_labeculata_IN145241961_577531.mp3,Galanga_labeculata,Cicadidae,http://creativecommons.org/licenses/by-nc/4.0/,bpscicada,https://www.inaturalist.org/observations/145241961,https://static.inaturalist.org/sounds/577531.m4a?1672207201,,Galanga_labeculata,Train,,0.151987,data\raw\species40\Train\Galanga_labeculata_IN145241961_577531.mp3
Atrapsalta_corticina_IN60693430_138259.mp3,Atrapsalta_corticina,Cicadidae,http://creativecommons.org/licenses/by/4.0/,Thomas Mesaglio,https://www.inaturalist.org/observations/60693430,https://static.inaturalist.org/sounds/138259.m4a?1601022053,,Atrapsalta_corticina,Train,,0.211396,data\raw\species40\Train\Atrapsalta_corticina_IN60693430_138259.mp3
Pholidoptera_griseoaptera_XC851580.wav,Pholidoptera_griseoaptera,Orthoptera,//creativecommons.org/licenses/by-sa/4.0/,Baudewijn Odé,https://xeno-canto.org/851580,https://xeno-canto.org/851580/download,"Pipistrellus pipistrellus, Leptophyes punctatissima",Pholidoptera_griseoaptera,Train,,0.183619,data\raw\species40\Train\Pholidoptera_griseoaptera_XC851580.wav
Psaltoda_plaga_IN9567275_17315.mp3,Psaltoda_plaga,Cicadidae,http://creativecommons.org/licenses/by-nc/4.0/,Joel Poyitt,https://www.inaturalist.org/observations/9567275,https://static.inaturalist.org/sounds/17315.m4a?1516668021,,Psaltoda_plaga,Train,,0.34328,data\raw\species40\Train\Psaltoda_plaga_IN9567275_17315.mp3
Neotibicen_robinsonianus_IN54414494_124692.mp3,Neotibicen_robinsonianus,Cicadidae,http://creativecommons.org/licenses/by-nc/4.0/,aaronr,https://www.inaturalist.org/observations/54414494,https://static.inaturalist.org/sounds/124692.m4a?1595782251,,Neotibicen_robinsonianus,Train,,0.278667,data\raw\species40\Train\Neotibicen_robinsonianus_IN54414494_124692.mp3
Neotibicen_tibicen_IN98899084_319055.mp3,Neotibicen_tibicen,Cicadidae,http://creativecommons.org/licenses/by-nc-sa/4.0/,davidenrique,https://www.inaturalist.org/observations/98899084,https://static.inaturalist.org/sounds/319055.mp3?1634837086,,Neotibicen_tibicen,Train,,0.251225,data\raw\species40\Train\Neotibicen_tibicen_IN98899084_319055.mp3
Yoyetta_repetens_IN106777956_357512.mp3,Yoyetta_repetens,Cicadidae,http://creativecommons.org/licenses/by-nc/4.0/,Joel Poyitt,https://www.inaturalist.org/observations/106777956,https://static.inaturalist.org/sounds/357512.m4a?1644894089,,Yoyetta_repetens,Train,,0.097744,data\raw\species40\Train\Yoyetta_repetens_IN106777956_357512.mp3
Tettigettalna_argentata_IN199211934_896597.wav,Tettigettalna_argentata,Cicadidae,http://creativecommons.org/licenses/by-nc/4.0/,Cesare Brizio,https://www.inaturalist.org/observations/199211934,https://static.inaturalist.org/sounds/896597.wav?1707848181,,Tettigettalna_argentata,Train,,1.852936,data\raw\species40\Train\Tettigettalna_argentata_IN199211934_896597.wav
Yoyetta_celis_IN62082812_141490.wav,Yoyetta_celis,Cicadidae,http://creativecommons.org/licenses/by-nc/4.0/,Christie,https://www.inaturalist.org/observations/62082812,https://static.inaturalist.org/sounds/141490.wav?1602209550,,Yoyetta_celis,Train,,0.291764,data\raw\species40\Train\Yoyetta_celis_IN62082812_141490.wav
Chorthippus_mollis_IN187820556_831816.wav,Chorthippus_mollis,Orthoptera,http://creativecommons.org/licenses/by-nc/4.0/,Benjamin Schmid,https://www.inaturalist.org/observations/187820556,https://static.inaturalist.org/sounds/831816.wav?1697488168,,Chorthippus_mollis,Train,,0.234387,data\raw\species40\Train\Chorthippus_mollis_IN187820556_831816.wav
Cyclochila_australasiae_IN100993514_328996.mp3,Cyclochila_australasiae,Cicadidae,http://creativecommons.org/licenses/by-nc/4.0/,bpscicada,https://www.inaturalist.org/observations/100993514,https://static.inaturalist.org/sounds/328996.mp3?1636801027,,Cyclochila_australasiae,Train,,0.229482,data\raw\species40\Train\Cyclochila_australasiae_IN100993514_328996.mp3
Pterophylla_camellifolia_IN96436764_310391.mp3,Pterophylla_camellifolia,Orthoptera,http://creativecommons.org/licenses/by-nc/4.0/,D.J. McNeil,https://www.inaturalist.org/observations/96436764,https://static.inaturalist.org/sounds/310391.m4a?1632795977,,Pterophylla_camellifolia,Train,,0.154901,data\raw\species40\Train\Pterophylla_camellifolia_IN96436764_310391.mp3
Neotibicen_pruinosus_IN60906187_138753.mp3,Neotibicen_pruinosus,Cicadidae,http://creativecommons.org/licenses/by-nc/4.0/,Gary Morrissey,https://www.inaturalist.org/observations/60906187,https://static.inaturalist.org/sounds/138753.mp3?1601167973,,Neotibicen_pruinosus,Train,,0.355002,data\raw\species40\Train\Neotibicen_pruinosus_IN60906187_138753.mp3
Tettigonia_cantans_IN89838549_286956.mp3,Tettigonia_cantans,Orthoptera,http://creativecommons.org/licenses/by-nc/4.0/,Марина Горбунова-Ëлкина,https://www.inaturalist.org/observations/89838549,https://static.inaturalist.org/sounds/286956.mp3?1628029960,,Tettigonia_cantans,Train,,0.051138,data\raw\species40\Train\Tettigonia_cantans_IN89838549_286956.mp3
Cicada_orni_IN53405267_121795.mp3,Cicada_orni,Cicadidae,http://creativecommons.org/licenses/by-nc/4.0/,Vera L. Nunes,https://www.inaturalist.org/observations/53405267,https://static.inaturalist.org/sounds/121795.mp3?1595020315,,Cicada_orni,Train,,0.036862,data\raw\species40\Train\Cicada_orni_IN53405267_121795.mp3
Tettigettalna_argentata_IN91264029_291943.mp3,Tettigettalna_argentata,Cicadidae,http://creativecommons.org/licenses/by-nc/4.0/,catarina_carvalho,https://www.inaturalist.org/observations/91264029,https://static.inaturalist.org/sounds/291943.m4a?1629039407,,Tettigettalna_argentata,Train,,0.556182,data\raw\species40\Train\Tettigettalna_argentata_IN91264029_291943.mp3
Pholidoptera_griseoaptera_XC850956.wav,Pholidoptera_griseoaptera,Orthoptera,//creativecommons.org/licenses/by-sa/4.0/,Baudewijn Odé,https://xeno-canto.org/850956,https://xeno-canto.org/850956/download,Leptophyes punctatissima,Pholidoptera_griseoaptera,Train,,0.193004,data\raw\species40\Train\Pholidoptera_griseoaptera_XC850956.wav
Gryllotalpa_gryllotalpa_IN79287706_225371.mp3,Gryllotalpa_gryllotalpa,Orthoptera,http://creativecommons.org/licenses/by-nc/4.0/,Denis Ivanov,https://www.inaturalist.org/observations/79287706,https://static.inaturalist.org/sounds/225371.m4a?1621355310,,Gryllotalpa_gryllotalpa,Train,,0.38417,data\raw\species40\Train\Gryllotalpa_gryllotalpa_IN79287706_225371.mp3
Aleeta_curvicosta_IN68398516_159677.wav,Aleeta_curvicosta,Cicadidae,http://creativecommons.org/licenses/by-nc/4.0/,Christie,https://www.inaturalist.org/observations/68398516,https://static.inaturalist.org/sounds/159677.wav?1611211282,,Aleeta_curvicosta,Train,,0.774512,data\raw\species40\Train\Aleeta_curvicosta_IN68398516_159677.wav
Henicopsaltria_eydouxii_IN193862037_859547.mp3,Henicopsaltria_eydouxii,Cicadidae,http://creativecommons.org/licenses/by-nc/4.0/,heidi_d,https://www.inaturalist.org/observations/193862037,https://static.inaturalist.org/sounds/859547.m4a?1702459364,,Henicopsaltria_eydouxii,Train,,1.725965,data\raw\species40\Train\Henicopsaltria_eydouxii_IN193862037_859547.mp3
Neotibicen_canicularis_IN125793201_496827.mp3,Neotibicen_canicularis,Cicadidae,http://creativecommons.org/licenses/by-nc/4.0/,drewdlestrudel,https://www.inaturalist.org/observations/125793201,https://static.inaturalist.org/sounds/496827.m4a?1657554075,,Neotibicen_canicularis,Train,,0.070082,data\raw\species40\Train\Neotibicen_canicularis_IN125793201_496827.mp3
Cicada_orni_IN123978560_485828.mp3,Cicada_orni,Cicadidae,http://creativecommons.org/licenses/by-nc/4.0/,nanadu,https://www.inaturalist.org/observations/123978560,https://static.inaturalist.org/sounds/485828.m4a?1656517385,,Cicada_orni,Train,,0.193055,data\raw\species40\Train\Cicada_orni_IN123978560_485828.mp3
Neotibicen_tibicen_IN13191879_22777.wav,Neotibicen_tibicen,Cicadidae,http://creativecommons.org/licenses/by-nc/4.0/,Bill Wright,https://www.inaturalist.org/observations/13191879,https://static.inaturalist.org/sounds/22777.wav?1528331410,,Neotibicen_tibicen,Train,,1.154184,data\raw\species40\Train\Neotibicen_tibicen_IN13191879_22777.wav
Chorthippus_brunneus_IN55789487_128557.mp3,Chorthippus_brunneus,Orthoptera,http://creativecommons.org/licenses/by-nc/4.0/,Janne Kotiaho,https://www.inaturalist.org/observations/55789487,https://static.inaturalist.org/sounds/128557.m4a?1596892720,,Chorthippus_brunneus,Train,,0.143591,data\raw\species40\Train\Chorthippus_brunneus_IN55789487_128557.mp3
Yoyetta_celis_IN146023032_582060.mp3,Yoyetta_celis,Cicadidae,http://creativecommons.org/licenses/by-nc/4.0/,Jesse Saofia,https://www.inaturalist.org/observations/146023032,https://static.inaturalist.org/sounds/582060.m4a?1673079543,,Yoyetta_celis,Train,,0.247751,data\raw\species40\Train\Yoyetta_celis_IN146023032_582060.mp3
Conocephalus_fuscus_IN133061704_529086.wav,Conocephalus_fuscus,Orthoptera,http://creativecommons.org/licenses/by-sa/4.0/,Pierrette Nyssen,https://www.inaturalist.org/observations/133061704,https://static.inaturalist.org/sounds/529086.wav?1661941633,,Conocephalus_fuscus,Train,,1.654244,data\raw\species40\Train\Conocephalus_fuscus_IN133061704_529086.wav
Cystosoma_saundersii_IN18798724_27952.mp3,Cystosoma_saundersii,Cicadidae,http://creativecommons.org/licenses/by-nc/4.0/,Joel Poyitt,https://www.inaturalist.org/observations/18798724,https://static.inaturalist.org/sounds/27952.m4a?1543838266,,Cystosoma_saundersii,Train,,0.340376,data\raw\species40\Train\Cystosoma_saundersii_IN18798724_27952.mp3
Pterophylla_camellifolia_IN126163873_498751.mp3,Pterophylla_camellifolia,Orthoptera,http://creativecommons.org/licenses/by-nc/4.0/,daisley,https://www.inaturalist.org/observations/126163873,https://static.inaturalist.org/sounds/498751.m4a?1657773485,,Pterophylla_camellifolia,Train,,0.299563,data\raw\species40\Train\Pterophylla_camellifolia_IN126163873_498751.mp3
Chorthippus_biguttulus_IN182789036_810355.mp3,Chorthippus_biguttulus,Orthoptera,http://creativecommons.org/licenses/by-nc/4.0/,Karol Łanocha,https://www.inaturalist.org/observations/182789036,https://static.inaturalist.org/sounds/810355.m4a?1694429567,,Chorthippus_biguttulus,Train,,0.303413,data\raw\species40\Train\Chorthippus_biguttulus_IN182789036_810355.mp3
Yoyetta_celis_IN103390905_339141.mp3,Yoyetta_celis,Cicadidae,http://creativecommons.org/licenses/by-nc/4.0/,Joel Poyitt,https://www.inaturalist.org/observations/103390905,https://static.inaturalist.org/sounds/339141.m4a?1640044829,,Yoyetta_celis,Train,,0.068576,data\raw\species40\Train\Yoyetta_celis_IN103390905_339141.mp3
Magicicada_cassini_IN70347609_167655.mp3,Magicicada_cassini,Cicadidae,http://creativecommons.org/licenses/by-nc/4.0/,Jessee J. Smith,https://www.inaturalist.org/observations/70347609,https://static.inaturalist.org/sounds/167655.m4a?1614546437,,Magicicada_cassini,Train,,0.351235,data\raw\species40\Train\Magicicada_cassini_IN70347609_167655.mp3
Henicopsaltria_eydouxii_IN193280665_857012.mp3,Henicopsaltria_eydouxii,Cicadidae,http://creativecommons.org/licenses/by-nc/4.0/,bulldog_bri,https://www.inaturalist.org/observations/193280665,https://static.inaturalist.org/sounds/857012.m4a?1701934994,,Henicopsaltria_eydouxii,Train,,0.654281,data\raw\species40\Train\Henicopsaltria_eydouxii_IN193280665_857012.mp3
Cystosoma_saundersii_IN192800781_854625.mp3,Cystosoma_saundersii,Cicadidae,http://creativecommons.org/licenses/by-nc/4.0/,Joel Poyitt,https://www.inaturalist.org/observations/192800781,https://static.inaturalist.org/sounds/854625.m4a?1701509146,,Cystosoma_saundersii,Train,,0.094777,data\raw\species40\Train\Cystosoma_saundersii_IN192800781_854625.mp3
Yoyetta_repetens_IN37973311_55930.wav,Yoyetta_repetens,Cicadidae,http://creativecommons.org/licenses/by-nc/4.0/,Christie,https://www.inaturalist.org/observations/37973311,https://static.inaturalist.org/sounds/55930.wav?1580110127,,Yoyetta_repetens,Train,,0.332618,data\raw\species40\Train\Yoyetta_repetens_IN37973311_55930.wav
Platycleis_albopunctata_XC780227.mp3,Platycleis_albopunctata,Orthoptera,//creativecommons.org/licenses/by-nc-sa/4.0/,Cedric Mroczko,https://xeno-canto.org/780227,https://xeno-canto.org/780227/download,"Corvus corone, Certhia brachydactyla",Platycleis_albopunctata,Train,25.0,2.305976,data\raw\species40\Train\Platycleis_albopunctata_XC780227.mp3
Aleeta_curvicosta_IN69985560_165902.mp3,Aleeta_curvicosta,Cicadidae,http://creativecommons.org/licenses/by-nc/4.0/,bpscicada,https://www.inaturalist.org/observations/69985560,https://static.inaturalist.org/sounds/165902.mp3?1614003736,,Aleeta_curvicosta,Train,,0.157301,data\raw\species40\Train\Aleeta_curvicosta_IN69985560_165902.mp3
Gryllus_campestris_IN77603834_212435.mp3,Gryllus_campestris,Orthoptera,http://creativecommons.org/licenses/by-nc/4.0/,Nadia,https://www.inaturalist.org/observations/77603834,https://static.inaturalist.org/sounds/212435.m4a?1620310057,,Gryllus_campestris,Train,,0.623082,data\raw\species40\Train\Gryllus_campestris_IN77603834_212435.mp3
Platycleis_albopunctata_XC868121.wav,Platycleis_albopunctata,Orthoptera,//creativecommons.org/licenses/by-sa/4.0/,K.-G. Heller,https://xeno-canto.org/868121,https://xeno-canto.org/868121/download,,Platycleis_albopunctata,Train,21.0,0.855516,data\raw\species40\Train\Platycleis_albopunctata_XC868121.wav
Henicopsaltria_eydouxii_IN9620422_17387.mp3,Henicopsaltria_eydouxii,Cicadidae,http://creativecommons.org/licenses/by-nc/4.0/,Carole Riley,https://www.inaturalist.org/observations/9620422,https://static.inaturalist.org/sounds/17387.m4a?1516980977,,Henicopsaltria_eydouxii,Train,,0.353598,data\raw\species40\Train\Henicopsaltria_eydouxii_IN9620422_17387.mp3
Atrapsalta_corticina_IN64130527_146739.wav,Atrapsalta_corticina,Cicadidae,http://creativecommons.org/licenses/by-nc/4.0/,Joel Poyitt,https://www.inaturalist.org/observations/64130527,https://static.inaturalist.org/sounds/146739.mpga?1604436850,,Atrapsalta_corticina,Train,,0.794667,data\raw\species40\Train\Atrapsalta_corticina_IN64130527_146739.wav
Microcentrum_rhombifolium_IN194938702_865618.wav,Microcentrum_rhombifolium,Orthoptera,http://creativecommons.org/licenses/by-nc/4.0/,Brian Wulker,https://www.inaturalist.org/observations/194938702,https://static.inaturalist.org/sounds/865618.wav?1703638546,,Microcentrum_rhombifolium,Train,,0.359744,data\raw\species40\Train\Microcentrum_rhombifolium_IN194938702_865618.wav
Tettigonia_viridissima_IN183704619_814316.mp3,Tettigonia_viridissima,Orthoptera,http://creativecommons.org/licenses/by-nc/4.0/,Karol Łanocha,https://www.inaturalist.org/observations/183704619,https://static.inaturalist.org/sounds/814316.m4a?1694973301,,Tettigonia_viridissima,Train,,0.27174,data\raw\species40\Train\Tettigonia_viridissima_IN183704619_814316.mp3
Neotibicen_pruinosus_IN91747809_293894.wav,Neotibicen_pruinosus,Cicadidae,http://creativecommons.org/licenses/by-nc/4.0/,Paul Pernici,https://www.inaturalist.org/observations/91747809,https://static.inaturalist.org/sounds/293894.wav?1629385647,,Neotibicen_pruinosus,Train,,1.955699,data\raw\species40\Train\Neotibicen_pruinosus_IN91747809_293894.wav
Yoyetta_celis_IN97711120_314594.wav,Yoyetta_celis,Cicadidae,http://creativecommons.org/licenses/by-nc/4.0/,Christie,https://www.inaturalist.org/observations/97711120,https://static.inaturalist.org/sounds/314594.wav?1633821967,,Yoyetta_celis,Train,,0.230946,data\raw\species40\Train\Yoyetta_celis_IN97711120_314594.wav
Chorthippus_biguttulus_IN173395872_771354.mp3,Chorthippus_biguttulus,Orthoptera,http://creativecommons.org/licenses/by/4.0/,E. A.,https://www.inaturalist.org/observations/173395872,https://static.inaturalist.org/sounds/771354.m4a?1689595665,,Chorthippus_biguttulus,Train,,0.496988,data\raw\species40\Train\Chorthippus_biguttulus_IN173395872_771354.mp3
Oecanthus_pellucens_IN92019364_294855.wav,Oecanthus_pellucens,Orthoptera,http://creativecommons.org/licenses/by/4.0/,Juraj Ahel,https://www.inaturalist.org/observations/92019364,https://static.inaturalist.org/sounds/294855.wav?1629581003,,Oecanthus_pellucens,Train,,2.628621,data\raw\species40\Train\Oecanthus_pellucens_IN92019364_294855.wav
Pholidoptera_griseoaptera_IN175995046_782617.wav,Pholidoptera_griseoaptera,Orthoptera,http://creativecommons.org/licenses/by-nc/4.0/,Benjamin Schmid,https://www.inaturalist.org/observations/175995046,https://static.inaturalist.org/sounds/782617.wav?1690835386,,Pholidoptera_griseoaptera,Train,,0.797028,data\raw\species40\Train\Pholidoptera_griseoaptera_IN175995046_782617.wav
Neotibicen_pruinosus_IN181831772_806736.mp3,Neotibicen_pruinosus,Cicadidae,http://creativecommons.org/licenses/by-nc/4.0/,Kevin Young,https://www.inaturalist.org/observations/181831772,https://static.inaturalist.org/sounds/806736.m4a?1693871964,,Neotibicen_pruinosus,Train,,0.118014,data\raw\species40\Train\Neotibicen_pruinosus_IN181831772_806736.mp3
Yoyetta_repetens_IN146007826_582025.wav,Yoyetta_repetens,Cicadidae,http://creativecommons.org/licenses/by-nc/4.0/,Christie,https://www.inaturalist.org/observations/146007826,https://static.inaturalist.org/sounds/582025.wav?1673069855,,Yoyetta_repetens,Train,,0.629942,data\raw\species40\Train\Yoyetta_repetens_IN146007826_582025.wav
Atrapsalta_corticina_IN61989239_141252.wav,Atrapsalta_corticina,Cicadidae,http://creativecommons.org/licenses/by-nc/4.0/,Nathan Emery,https://www.inaturalist.org/observations/61989239,https://static.inaturalist.org/sounds/141252.wav?1602112386,,Atrapsalta_corticina,Train,,0.890875,data\raw\species40\Train\Atrapsalta_corticina_IN61989239_141252.wav
Galanga_labeculata_IN9573532_17343.wav,Galanga_labeculata,Cicadidae,http://creativecommons.org/licenses/by-nc/4.0/,Christie,https://www.inaturalist.org/observations/9573532,https://static.inaturalist.org/sounds/17343.wav?1516703845,,Galanga_labeculata,Train,,0.086417,data\raw\species40\Train\Galanga_labeculata_IN9573532_17343.wav
Pterophylla_camellifolia_IN59743062_148959.wav,Pterophylla_camellifolia,Orthoptera,http://creativecommons.org/licenses/by/4.0/,Dan MacNeal,https://www.inaturalist.org/observations/59743062,https://static.inaturalist.org/sounds/148959.wav?1605455550,,Pterophylla_camellifolia,Train,,0.516633,data\raw\species40\Train\Pterophylla_camellifolia_IN59743062_148959.wav
Pterophylla_camellifolia_IN140172895_555227.wav,Pterophylla_camellifolia,Orthoptera,http://creativecommons.org/licenses/by-nc/4.0/,ranney,https://www.inaturalist.org/observations/140172895,https://static.inaturalist.org/sounds/555227.wav?1666893965,,Pterophylla_camellifolia,Train,,0.449969,data\raw\species40\Train\Pterophylla_camellifolia_IN140172895_555227.wav
Meimuna_opalifera_IN182585209_809630.mp3,Meimuna_opalifera,Cicadidae,http://creativecommons.org/licenses/by-nc/4.0/,goronon,https://www.inaturalist.org/observations/182585209,https://static.inaturalist.org/sounds/809630.m4a?1694319763,,Meimuna_opalifera,Train,,0.282941,data\raw\species40\Train\Meimuna_opalifera_IN182585209_809630.mp3
Chorthippus_brunneus_IN227511605_1122789.mp3,Chorthippus_brunneus,Orthoptera,http://creativecommons.org/licenses/by-nc/4.0/,gernotkunz,https://www.inaturalist.org/observations/227511605,https://static.inaturalist.org/sounds/1122789.m4a?1720273248,,Chorthippus_brunneus,Train,,0.209695,data\raw\species40\Train\Chorthippus_brunneus_IN227511605_1122789.mp3
Galanga_labeculata_IN100572082_326978.mp3,Galanga_labeculata,Cicadidae,http://creativecommons.org/licenses/by-nc/4.0/,Joel Poyitt,https://www.inaturalist.org/observations/100572082,https://static.inaturalist.org/sounds/326978.m4a?1636350288,,Galanga_labeculata,Train,,0.091294,data\raw\species40\Train\Galanga_labeculata_IN100572082_326978.mp3
Pterophylla_camellifolia_IN129636543_515350.mp3,Pterophylla_camellifolia,Orthoptera,http://creativecommons.org/licenses/by-nc/4.0/,Emily Christian,https://www.inaturalist.org/observations/129636543,https://static.inaturalist.org/sounds/515350.mp3?1659762491,,Pterophylla_camellifolia,Train,,0.107582,data\raw\species40\Train\Pterophylla_camellifolia_IN129636543_515350.mp3
Aleeta_curvicosta_IN66324625_153016.wav,Aleeta_curvicosta,Cicadidae,http://creativecommons.org/licenses/by-nc/4.0/,Christie,https://www.inaturalist.org/observations/66324625,https://static.inaturalist.org/sounds/153016.wav?1607506211,,Aleeta_curvicosta,Train,,0.583723,data\raw\species40\Train\Aleeta_curvicosta_IN66324625_153016.wav
Pseudochorthippus_parallelus_IN175079040_778788.wav,Pseudochorthippus_parallelus,Orthoptera,http://creativecommons.org/licenses/by-nc/4.0/,Ludwig Treuter,https://www.inaturalist.org/observations/175079040,https://static.inaturalist.org/sounds/778788.wav?1690395870,,Pseudochorthippus_parallelus,Train,,0.657628,data\raw\species40\Train\Pseudochorthippus_parallelus_IN175079040_778788.wav
Meimuna_opalifera_IN94996212_305979.mp3,Meimuna_opalifera,Cicadidae,http://creativecommons.org/licenses/by-nc/4.0/,syltetoejsglas,https://www.inaturalist.org/observations/94996212,https://static.inaturalist.org/sounds/305979.m4a?1631758565,,Meimuna_opalifera,Train,,0.282784,data\raw\species40\Train\Meimuna_opalifera_IN94996212_305979.mp3
Microcentrum_rhombifolium_IN135605826_537947.mp3,Microcentrum_rhombifolium,Orthoptera,http://creativecommons.org/licenses/by-nc/4.0/,Mark Hazelden,https://www.inaturalist.org/observations/135605826,https://static.inaturalist.org/sounds/537947.m4a?1663548454,,Microcentrum_rhombifolium,Train,,0.234439,data\raw\species40\Train\Microcentrum_rhombifolium_IN135605826_537947.mp3
Tettigettalna_argentata_IN161121045_692671.wav,Tettigettalna_argentata,Cicadidae,http://creativecommons.org/licenses/by/4.0/,Yves Bas,https://www.inaturalist.org/observations/161121045,https://static.inaturalist.org/sounds/692671.wav?1683833423,,Tettigettalna_argentata,Train,,0.754045,data\raw\species40\Train\Tettigettalna_argentata_IN161121045_692671.wav
Chorthippus_biguttulus_IN29597922_44544.wav,Chorthippus_biguttulus,Orthoptera,http://creativecommons.org/licenses/by/4.0/,Thomas Koffel,https://www.inaturalist.org/observations/29597922,https://static.inaturalist.org/sounds/44544.wav?1564175666,,Chorthippus_biguttulus,Train,,1.357624,data\raw\species40\Train\Chorthippus_biguttulus_IN29597922_44544.wav
Tettigettalna_argentata_IN89879009_287108.mp3,Tettigettalna_argentata,Cicadidae,http://creativecommons.org/licenses/by-nc/4.0/,Associação Vita Nativa,https://www.inaturalist.org/observations/89879009,https://static.inaturalist.org/sounds/287108.m4a?1628061996,,Tettigettalna_argentata,Train,,0.228335,data\raw\species40\Train\Tettigettalna_argentata_IN89879009_287108.mp3
Cystosoma_saundersii_IN18052965_27008.mp3,Cystosoma_saundersii,Cicadidae,http://creativecommons.org/licenses/by-nc/4.0/,Joel Poyitt,https://www.inaturalist.org/observations/18052965,https://static.inaturalist.org/sounds/27008.m4a?1648745981,,Cystosoma_saundersii,Train,,0.344493,data\raw\species40\Train\Cystosoma_saundersii_IN18052965_27008.mp3
Cicada_barbara_IN179323837_796432.mp3,Cicada_barbara,Cicadidae,http://creativecommons.org/licenses/by-nc/4.0/,Nelson Conceição,https://www.inaturalist.org/observations/179323837,https://static.inaturalist.org/sounds/796432.mp3?1692531405,,Cicada_barbara,Train,,0.668048,data\raw\species40\Train\Cicada_barbara_IN179323837_796432.mp3
Aleeta_curvicosta_IN19301539_28727.wav,Aleeta_curvicosta,Cicadidae,http://creativecommons.org/licenses/by-nc/4.0/,Christie,https://www.inaturalist.org/observations/19301539,https://static.inaturalist.org/sounds/28727.wav?1546143974,,Aleeta_curvicosta,Train,,0.764251,data\raw\species40\Train\Aleeta_curvicosta_IN19301539_28727.wav
Neotibicen_robinsonianus_IN230206390_1136365.wav,Neotibicen_robinsonianus,Cicadidae,http://creativecommons.org/licenses/by-nc/4.0/,Jordan Broadhead,https://www.inaturalist.org/observations/230206390,https://static.inaturalist.org/sounds/1136365.mpga?1721350308,,Neotibicen_robinsonianus,Train,,0.758365,data\raw\species40\Train\Neotibicen_robinsonianus_IN230206390_1136365.wav
Cicada_barbara_IN95130796_306394.mp3,Cicada_barbara,Cicadidae,http://creativecommons.org/licenses/by-nc/4.0/,Nelson Conceição,https://www.inaturalist.org/observations/95130796,https://static.inaturalist.org/sounds/306394.mp3?1631878366,,Cicada_barbara,Train,,2.419249,data\raw\species40\Train\Cicada_barbara_IN95130796_306394.mp3
Tettigonia_cantans_IN88162463_280447.mp3,Tettigonia_cantans,Orthoptera,http://creativecommons.org/licenses/by-nc/4.0/,sariai,https://www.inaturalist.org/observations/88162463,https://static.inaturalist.org/sounds/280447.m4a?1626980976,,Tettigonia_cantans,Train,,0.326795,data\raw\species40\Train\Tettigonia_cantans_IN88162463_280447.mp3
Neotibicen_canicularis_IN130661183_536933.mp3,Neotibicen_canicularis,Cicadidae,http://creativecommons.org/licenses/by-nc/4.0/,Chalon Boesel,https://www.inaturalist.org/observations/130661183,https://static.inaturalist.org/sounds/536933.m4a?1663398674,,Neotibicen_canicularis,Train,,0.16641,data\raw\species40\Train\Neotibicen_canicularis_IN130661183_536933.mp3
Tettigonia_viridissima_IN55963875_128952.wav,Tettigonia_viridissima,Orthoptera,http://creativecommons.org/licenses/by-nc/4.0/,felixf,https://www.inaturalist.org/observations/55963875,https://static.inaturalist.org/sounds/128952.wav?1597009622,,Tettigonia_viridissima,Train,,0.358739,data\raw\species40\Train\Tettigonia_viridissima_IN55963875_128952.wav
Yoyetta_celis_IN185845977_829675.wav,Yoyetta_celis,Cicadidae,http://creativecommons.org/licenses/by-nc/4.0/,Christie,https://www.inaturalist.org/observations/185845977,https://static.inaturalist.org/sounds/829675.wav?1697164264,,Yoyetta_celis,Train,,0.095779,data\raw\species40\Train\Yoyetta_celis_IN185845977_829675.wav
Yoyetta_repetens_IN100448219_326431.wav,Yoyetta_repetens,Cicadidae,http://creativecommons.org/licenses/by-nc/4.0/,Christie,https://www.inaturalist.org/observations/100448219,https://static.inaturalist.org/sounds/326431.wav?1636244747,,Yoyetta_repetens,Train,,0.567168,data\raw\species40\Train\Yoyetta_repetens_IN100448219_326431.wav
Henicopsaltria_eydouxii_IN70307044_167427.wav,Henicopsaltria_eydouxii,Cicadidae,http://creativecommons.org/licenses/by-nc/4.0/,Christie,https://www.inaturalist.org/observations/70307044,https://static.inaturalist.org/sounds/167427.wav?1614501297,,Henicopsaltria_eydouxii,Train,,1.282839,data\raw\species40\Train\Henicopsaltria_eydouxii_IN70307044_167427.wav
Oecanthus_pellucens_IN90826371_290534.mp3,Oecanthus_pellucens,Orthoptera,http://creativecommons.org/licenses/by-nc/4.0/,Ricardo Martins,https://www.inaturalist.org/observations/90826371,https://static.inaturalist.org/sounds/290534.mp3?1628720084,,Oecanthus_pellucens,Train,,0.387414,data\raw\species40\Train\Oecanthus_pellucens_IN90826371_290534.mp3
Meimuna_opalifera_IN182566294_809575.mp3,Meimuna_opalifera,Cicadidae,http://creativecommons.org/licenses/by-nc/4.0/,syltetoejsglas,https://www.inaturalist.org/observations/182566294,https://static.inaturalist.org/sounds/809575.m4a?1694309164,,Meimuna_opalifera,Train,,0.55481,data\raw\species40\Train\Meimuna_opalifera_IN182566294_809575.mp3
Magicicada_cassini_IN79564872_227583.mp3,Magicicada_cassini,Cicadidae,http://creativecommons.org/licenses/by-nc/4.0/,Roshan Vignarajah,https://www.inaturalist.org/observations/79564872,https://static.inaturalist.org/sounds/227583.m4a?1621542813,,Magicicada_cassini,Train,,0.238448,data\raw\species40\Train\Magicicada_cassini_IN79564872_227583.mp3
Galanga_labeculata_IN18795387_27946.wav,Galanga_labeculata,Cicadidae,http://creativecommons.org/licenses/by-nc/4.0/,Christie,https://www.inaturalist.org/observations/18795387,https://static.inaturalist.org/sounds/27946.wav?1543831207,,Galanga_labeculata,Train,,0.805535,data\raw\species40\Train\Galanga_labeculata_IN18795387_27946.wav
Pseudochorthippus_parallelus_IN177704545_789714.mp3,Pseudochorthippus_parallelus,Orthoptera,http://creativecommons.org/licenses/by/4.0/,E. A.,https://www.inaturalist.org/observations/177704545,https://static.inaturalist.org/sounds/789714.m4a?1691691981,,Pseudochorthippus_parallelus,Train,,0.241999,data\raw\species40\Train\Pseudochorthippus_parallelus_IN177704545_789714.mp3
Chorthippus_biguttulus_IN129404391_514240.mp3,Chorthippus_biguttulus,Orthoptera,http://creativecommons.org/licenses/by/4.0/,E. A.,https://www.inaturalist.org/observations/129404391,https://static.inaturalist.org/sounds/514240.mp3?1659619040,,Chorthippus_biguttulus,Train,,0.095559,data\raw\species40\Train\Chorthippus_biguttulus_IN129404391_514240.mp3
Chorthippus_biguttulus_IN173016433_769622.wav,Chorthippus_biguttulus,Orthoptera,http://creativecommons.org/licenses/by-nc/4.0/,Benjamin Schmid,https://www.inaturalist.org/observations/173016433,https://static.inaturalist.org/sounds/769622.wav?1689431274,,Chorthippus_biguttulus,Train,,0.320837,data\raw\species40\Train\Chorthippus_biguttulus_IN173016433_769622.wav
Oecanthus_pellucens_IN188288888_834087.wav,Oecanthus_pellucens,Orthoptera,http://creativecommons.org/licenses/by-nc/4.0/,Benjamin Schmid,https://www.inaturalist.org/observations/188288888,https://static.inaturalist.org/sounds/834087.wav?1697828675,,Oecanthus_pellucens,Train,,0.485097,data\raw\species40\Train\Oecanthus_pellucens_IN188288888_834087.wav
Neotibicen_pruinosus_IN181255741_804404.mp3,Neotibicen_pruinosus,Cicadidae,http://creativecommons.org/licenses/by-nc/4.0/,Jamie Sciullo,https://www.inaturalist.org/observations/181255741,https://static.inaturalist.org/sounds/804404.m4a?1693600998,,Neotibicen_pruinosus,Train,,0.128108,data\raw\species40\Train\Neotibicen_pruinosus_IN181255741_804404.mp3
Neotibicen_canicularis_IN178857877_794499.mp3,Neotibicen_canicularis,Cicadidae,http://creativecommons.org/licenses/by-nc/4.0/,jeremyinglis,https://www.inaturalist.org/observations/178857877,https://static.inaturalist.org/sounds/794499.m4a?1692289708,,Neotibicen_canicularis,Train,,0.288718,data\raw\species40\Train\Neotibicen_canicularis_IN178857877_794499.mp3
Atrapsalta_corticina_IN189286970_838425.wav,Atrapsalta_corticina,Cicadidae,http://creativecommons.org/licenses/by-nc/4.0/,Christie,https://www.inaturalist.org/observations/189286970,https://static.inaturalist.org/sounds/838425.wav?1698535170,,Atrapsalta_corticina,Train,,0.176794,data\raw\species40\Train\Atrapsalta_corticina_IN189286970_838425.wav
Henicopsaltria_eydouxii_IN36429537_52026.wav,Henicopsaltria_eydouxii,Cicadidae,http://creativecommons.org/licenses/by-nc/4.0/,Nathan Emery,https://www.inaturalist.org/observations/36429537,https://static.inaturalist.org/sounds/52026.wav?1575710772,,Henicopsaltria_eydouxii,Train,,1.435362,data\raw\species40\Train\Henicopsaltria_eydouxii_IN36429537_52026.wav
Galanga_labeculata_IN36769052_53024.mp3,Galanga_labeculata,Cicadidae,http://creativecommons.org/licenses/by-nc/4.0/,Joel Poyitt,https://www.inaturalist.org/observations/36769052,https://static.inaturalist.org/sounds/53024.m4a?1576728342,,Galanga_labeculata,Train,,0.195908,data\raw\species40\Train\Galanga_labeculata_IN36769052_53024.mp3
Platycleis_albopunctata_XC926564.wav,Platycleis_albopunctata,Orthoptera,//creativecommons.org/licenses/by-nc-sa/4.0/,José Carlos Sires,https://xeno-canto.org/926564,https://xeno-canto.org/926564/download,,Platycleis_albopunctata,Train,26.0,1.241334,data\raw\species40\Train\Platycleis_albopunctata_XC926564.wav
Yoyetta_repetens_IN18872408_28052.wav,Yoyetta_repetens,Cicadidae,http://creativecommons.org/licenses/by-nc/4.0/,Christie,https://www.inaturalist.org/observations/18872408,https://static.inaturalist.org/sounds/28052.wav?1544152582,,Yoyetta_repetens,Train,,0.303724,data\raw\species40\Train\Yoyetta_repetens_IN18872408_28052.wav
Aleeta_curvicosta_IN148229000_593897.mp3,Aleeta_curvicosta,Cicadidae,http://creativecommons.org/licenses/by-nc/4.0/,ajg1984,https://www.inaturalist.org/observations/148229000,https://static.inaturalist.org/sounds/593897.mp3?1675744141,,Aleeta_curvicosta,Train,,0.163772,data\raw\species40\Train\Aleeta_curvicosta_IN148229000_593897.mp3
Roeseliana_roeselii_IN228602244_1128348.mp3,Roeseliana_roeselii,Orthoptera,http://creativecommons.org/licenses/by-nc/4.0/,Karol Łanocha,https://www.inaturalist.org/observations/228602244,https://static.inaturalist.org/sounds/1128348.m4a?1720696625,,Roeseliana_roeselii,Train,,0.220794,data\raw\species40\Train\Roeseliana_roeselii_IN228602244_1128348.mp3
Henicopsaltria_eydouxii_IN9419872_17058.mp3,Henicopsaltria_eydouxii,Cicadidae,http://creativecommons.org/licenses/by-nc/4.0/,Nicole Matthews,https://www.inaturalist.org/observations/9419872,https://static.inaturalist.org/sounds/17058.m4a?1648659889,,Henicopsaltria_eydouxii,Train,,0.809664,data\raw\species40\Train\Henicopsaltria_eydouxii_IN9419872_17058.mp3
Aleeta_curvicosta_IN145622670_579695.mp3,Aleeta_curvicosta,Cicadidae,http://creativecommons.org/licenses/by-nc/4.0/,Colin Trainor,https://www.inaturalist.org/observations/145622670,https://static.inaturalist.org/sounds/579695.m4a?1672617793,,Aleeta_curvicosta,Train,,0.250462,data\raw\species40\Train\Aleeta_curvicosta_IN145622670_579695.mp3
Magicicada_septendecim_IN79170419_224351.wav,Magicicada_septendecim,Cicadidae,http://creativecommons.org/licenses/by-nc/4.0/,Sarah Lou H,https://www.inaturalist.org/observations/79170419,https://static.inaturalist.org/sounds/224351.wav?1621271844,,Magicicada_septendecim,Train,,0.546345,data\raw\species40\Train\Magicicada_septendecim_IN79170419_224351.wav
Roeseliana_roeselii_IN141630711_561630.mp3,Roeseliana_roeselii,Orthoptera,http://creativecommons.org/licenses/by-nc/4.0/,mobbini,https://www.inaturalist.org/observations/141630711,https://static.inaturalist.org/sounds/561630.mp3?1668104006,,Roeseliana_roeselii,Train,,0.111703,data\raw\species40\Train\Roeseliana_roeselii_IN141630711_561630.mp3
Gryllus_campestris_IN219272343_1068422.mp3,Gryllus_campestris,Orthoptera,http://creativecommons.org/licenses/by/4.0/,Marino Linić,https://www.inaturalist.org/observations/219272343,https://static.inaturalist.org/sounds/1068422.mp3?1717052707,,Gryllus_campestris,Train,,0.156931,data\raw\species40\Train\Gryllus_campestris_IN219272343_1068422.mp3
Cicada_orni_IN173573451_772171.mp3,Cicada_orni,Cicadidae,http://creativecommons.org/licenses/by-nc/4.0/,patriciatiago,https://www.inaturalist.org/observations/173573451,https://static.inaturalist.org/sounds/772171.m4a?1689678826,,Cicada_orni,Train,,0.236087,data\raw\species40\Train\Cicada_orni_IN173573451_772171.mp3
Psaltoda_plaga_IN36364970_51755.mp3,Psaltoda_plaga,Cicadidae,http://creativecommons.org/licenses/by-nc/4.0/,lifeisamazing,https://www.inaturalist.org/observations/36364970,https://static.inaturalist.org/sounds/51755.mp3?1575509168,,Psaltoda_plaga,Train,,0.239077,data\raw\species40\Train\Psaltoda_plaga_IN36364970_51755.mp3
Neotibicen_pruinosus_IN85558381_267562.mp3,Neotibicen_pruinosus,Cicadidae,http://creativecommons.org/licenses/by-nc/4.0/,maura_curtis,https://www.inaturalist.org/observations/85558381,https://static.inaturalist.org/sounds/267562.m4a?1625362193,,Neotibicen_pruinosus,Train,,0.134315,data\raw\species40\Train\Neotibicen_pruinosus_IN85558381_267562.mp3
Neotibicen_robinsonianus_IN170938490_962293.wav,Neotibicen_robinsonianus,Cicadidae,http://creativecommons.org/licenses/by-nc/4.0/,Amy Rodriguez,https://www.inaturalist.org/observations/170938490,https://static.inaturalist.org/sounds/962293.wav?1712793001,,Neotibicen_robinsonianus,Train,,0.883314,data\raw\species40\Train\Neotibicen_robinsonianus_IN170938490_962293.wav
Neotibicen_pruinosus_IN186350067_825703.wav,Neotibicen_pruinosus,Cicadidae,http://creativecommons.org/licenses/by-nc/4.0/,vratnica,https://www.inaturalist.org/observations/186350067,https://static.inaturalist.org/sounds/825703.wav?1696551479,,Neotibicen_pruinosus,Train,,1.218422,data\raw\species40\Train\Neotibicen_pruinosus_IN186350067_825703.wav
Magicicada_cassini_IN79434345_226582.mp3,Magicicada_cassini,Cicadidae,http://creativecommons.org/licenses/by-nc/4.0/,Nacho Macho321,https://www.inaturalist.org/observations/79434345,https://static.inaturalist.org/sounds/226582.m4a?1621454142,,Magicicada_cassini,Train,,0.177137,data\raw\species40\Train\Magicicada_cassini_IN79434345_226582.mp3
Yoyetta_celis_IN33463940_47630.wav,Yoyetta_celis,Cicadidae,http://creativecommons.org/licenses/by-nc/4.0/,Christie,https://www.inaturalist.org/observations/33463940,https://static.inaturalist.org/sounds/47630.wav?1569552145,,Yoyetta_celis,Train,,0.331285,data\raw\species40\Train\Yoyetta_celis_IN33463940_47630.wav
Aleeta_curvicosta_IN145725252_580366.mp3,Aleeta_curvicosta,Cicadidae,http://creativecommons.org/licenses/by-nc/4.0/,Joel Poyitt,https://www.inaturalist.org/observations/145725252,https://static.inaturalist.org/sounds/580366.m4a?1672717657,,Aleeta_curvicosta,Train,,0.231389,data\raw\species40\Train\Aleeta_curvicosta_IN145725252_580366.mp3
Gryllus_campestris_IN210758415_995825.mp3,Gryllus_campestris,Orthoptera,http://creativecommons.org/licenses/by-nc/4.0/,loxod0nta,https://www.inaturalist.org/observations/210758415,https://static.inaturalist.org/sounds/995825.m4a?1714309527,,Gryllus_campestris,Train,,0.171471,data\raw\species40\Train\Gryllus_campestris_IN210758415_995825.mp3
Atrapsalta_corticina_IN18744887_27830.mp3,Atrapsalta_corticina,Cicadidae,http://creativecommons.org/licenses/by-nc/4.0/,Joel Poyitt,https://www.inaturalist.org/observations/18744887,https://static.inaturalist.org/sounds/27830.m4a?1648747267,,Atrapsalta_corticina,Train,,0.200486,data\raw\species40\Train\Atrapsalta_corticina_IN18744887_27830.mp3
Gryllus_pennsylvanicus_IN188550547_835225.mp3,Gryllus_pennsylvanicus,Orthoptera,http://creativecommons.org/licenses/by/4.0/,Lythronax246,https://www.inaturalist.org/observations/188550547,https://static.inaturalist.org/sounds/835225.m4a?1697998407,,Gryllus_pennsylvanicus,Train,,0.175704,data\raw\species40\Train\Gryllus_pennsylvanicus_IN188550547_835225.mp3
Atrapsalta_corticina_IN149525883_603355.mp3,Atrapsalta_corticina,Cicadidae,http://creativecommons.org/licenses/by-nc/4.0/,Joel Poyitt,https://www.inaturalist.org/observations/149525883,https://static.inaturalist.org/sounds/603355.m4a?1677206949,,Atrapsalta_corticina,Train,,0.187762,data\raw\species40\Train\Atrapsalta_corticina_IN149525883_603355.mp3
Psaltoda_plaga_IN141851442_562791.wav,Psaltoda_plaga,Cicadidae,http://creativecommons.org/licenses/by-nc/4.0/,Christie,https://www.inaturalist.org/observations/141851442,https://static.inaturalist.org/sounds/562791.wav?1668311307,,Psaltoda_plaga,Train,,0.480842,data\raw\species40\Train\Psaltoda_plaga_IN141851442_562791.wav
Yoyetta_repetens_IN149200641_600777.mp3,Yoyetta_repetens,Cicadidae,http://creativecommons.org/licenses/by-nc/4.0/,bpscicada,https://www.inaturalist.org/observations/149200641,https://static.inaturalist.org/sounds/600777.mp3?1676862223,,Yoyetta_repetens,Train,,0.18684,data\raw\species40\Train\Yoyetta_repetens_IN149200641_600777.mp3
Yoyetta_celis_IN183305081_812613.wav,Yoyetta_celis,Cicadidae,http://creativecommons.org/licenses/by-nc/4.0/,Nathan Emery,https://www.inaturalist.org/observations/183305081,https://static.inaturalist.org/sounds/812613.wav?1694743994,,Yoyetta_celis,Train,,0.403012,data\raw\species40\Train\Yoyetta_celis_IN183305081_812613.wav
Neotibicen_robinsonianus_IN175810333_781718.mp3,Neotibicen_robinsonianus,Cicadidae,http://creativecommons.org/licenses/by-nc/4.0/,Caleb Helsel,https://www.inaturalist.org/observations/175810333,https://static.inaturalist.org/sounds/781718.m4a?1690750302,,Neotibicen_robinsonianus,Train,,0.223122,data\raw\species40\Train\Neotibicen_robinsonianus_IN175810333_781718.mp3
Cicada_orni_IN225737335_1112507.mp3,Cicada_orni,Cicadidae,http://creativecommons.org/licenses/by-nc/4.0/,Pierpaolo Giordano,https://www.inaturalist.org/observations/225737335,https://static.inaturalist.org/sounds/1112507.m4a?1719590537,,Cicada_orni,Train,,0.37613,data\raw\species40\Train\Cicada_orni_IN225737335_1112507.mp3
Gryllus_campestris_IN192571924_853514.mp3,Gryllus_campestris,Orthoptera,http://creativecommons.org/licenses/by-nc/4.0/,basova_larisa,https://www.inaturalist.org/observations/192571924,https://static.inaturalist.org/sounds/853514.mp3?1701285083,,Gryllus_campestris,Train,,0.177525,data\raw\species40\Train\Gryllus_campestris_IN192571924_853514.mp3
Henicopsaltria_eydouxii_IN66948559_154876.wav,Henicopsaltria_eydouxii,Cicadidae,http://creativecommons.org/licenses/by-nc/4.0/,Christie,https://www.inaturalist.org/observations/66948559,https://static.inaturalist.org/sounds/154876.wav?1608697058,,Henicopsaltria_eydouxii,Train,,0.718932,data\raw\species40\Train\Henicopsaltria_eydouxii_IN66948559_154876.wav
Cyclochila_australasiae_IN17554520_26590.wav,Cyclochila_australasiae,Cicadidae,http://creativecommons.org/licenses/by-nc/4.0/,Christie,https://www.inaturalist.org/observations/17554520,https://static.inaturalist.org/sounds/26590.wav?1539680364,,Cyclochila_australasiae,Train,,0.671838,data\raw\species40\Train\Cyclochila_australasiae_IN17554520_26590.wav
Psaltoda_plaga_IN37394696_54375.wav,Psaltoda_plaga,Cicadidae,http://creativecommons.org/licenses/by-nc/4.0/,Kent Warner,https://www.inaturalist.org/observations/37394696,https://static.inaturalist.org/sounds/54375.wav?1578479538,,Psaltoda_plaga,Train,,1.418672,data\raw\species40\Train\Psaltoda_plaga_IN37394696_54375.wav
Cicada_orni_IN84665249_263041.mp3,Cicada_orni,Cicadidae,http://creativecommons.org/licenses/by/4.0/,Duarte Frade,https://www.inaturalist.org/observations/84665249,https://static.inaturalist.org/sounds/263041.mp3?1624779580,,Cicada_orni,Train,,0.047357,data\raw\species40\Train\Cicada_orni_IN84665249_263041.mp3
Chorthippus_brunneus_XC847968.wav,Chorthippus_brunneus,Orthoptera,//creativecommons.org/licenses/by-sa/4.0/,Baudewijn Odé,https://xeno-canto.org/847968,https://xeno-canto.org/847968/download,,Chorthippus_brunneus,Train,,0.995595,data\raw\species40\Train\Chorthippus_brunneus_XC847968.wav
Neotibicen_pruinosus_IN41171951_41243.mp3,Neotibicen_pruinosus,Cicadidae,http://creativecommons.org/licenses/by-nc/4.0/,Marc L.,https://www.inaturalist.org/observations/41171951,https://static.inaturalist.org/sounds/41243.mp3?1560537776,,Neotibicen_pruinosus,Train,,0.071424,data\raw\species40\Train\Neotibicen_pruinosus_IN41171951_41243.mp3
Tettigettalna_argentata_IN88185097_280507.wav,Tettigettalna_argentata,Cicadidae,http://creativecommons.org/licenses/by-nc/4.0/,jcordeiro,https://www.inaturalist.org/observations/88185097,https://static.inaturalist.org/sounds/280507.wav?1626992424,,Tettigettalna_argentata,Train,,1.329603,data\raw\species40\Train\Tettigettalna_argentata_IN88185097_280507.wav
Gryllus_campestris_IN112899774_405094.mp3,Gryllus_campestris,Orthoptera,http://creativecommons.org/licenses/by-nc/4.0/,elisabraz,https://www.inaturalist.org/observations/112899774,https://static.inaturalist.org/sounds/405094.mp3?1650927050,,Gryllus_campestris,Train,,0.391437,data\raw\species40\Train\Gryllus_campestris_IN112899774_405094.mp3
Oecanthus_pellucens_IN128638247_510485.mp3,Oecanthus_pellucens,Orthoptera,http://creativecommons.org/licenses/by/4.0/,mikami-kun,https://www.inaturalist.org/observations/128638247,https://static.inaturalist.org/sounds/510485.mp3?1659200706,,Oecanthus_pellucens,Train,,0.088931,data\raw\species40\Train\Oecanthus_pellucens_IN128638247_510485.mp3
Roeseliana_roeselii_IN121883742_472505.wav,Roeseliana_roeselii,Orthoptera,http://creativecommons.org/publicdomain/zero/1.0/,Jeremy Barker,https://www.inaturalist.org/observations/121883742,https://static.inaturalist.org/sounds/472505.wav?1655307069,,Roeseliana_roeselii,Train,,2.342551,data\raw\species40\Train\Roeseliana_roeselii_IN121883742_472505.wav
Gryllus_campestris_IN116481667_433450.mp3,Gryllus_campestris,Orthoptera,http://creativecommons.org/licenses/by/4.0/,Claude Kolwelter,https://www.inaturalist.org/observations/116481667,https://static.inaturalist.org/sounds/433450.m4a?1652221007,,Gryllus_campestris,Train,,0.095788,data\raw\species40\Train\Gryllus_campestris_IN116481667_433450.mp3
Aleeta_curvicosta_IN147164708_587763.wav,Aleeta_curvicosta,Cicadidae,http://creativecommons.org/licenses/by-nc/4.0/,Christie,https://www.inaturalist.org/observations/147164708,https://static.inaturalist.org/sounds/587763.wav?1674441214,,Aleeta_curvicosta,Train,,0.484144,data\raw\species40\Train\Aleeta_curvicosta_IN147164708_587763.wav
Oecanthus_pellucens_IN187153863_829008.mp3,Oecanthus_pellucens,Orthoptera,http://creativecommons.org/licenses/by-nc/4.0/,cpu,https://www.inaturalist.org/observations/187153863,https://static.inaturalist.org/sounds/829008.m4a?1697052037,,Oecanthus_pellucens,Train,,0.163563,data\raw\species40\Train\Oecanthus_pellucens_IN187153863_829008.mp3
Magicicada_cassini_IN81775419_245812.mp3,Magicicada_cassini,Cicadidae,http://creativecommons.org/licenses/by-nc/4.0/,Kevin Young,https://www.inaturalist.org/observations/81775419,https://static.inaturalist.org/sounds/245812.m4a?1622931081,,Magicicada_cassini,Train,,0.081383,data\raw\species40\Train\Magicicada_cassini_IN81775419_245812.mp3
Yoyetta_repetens_IN144947753_575695.mp3,Yoyetta_repetens,Cicadidae,http://creativecommons.org/licenses/by-nc/4.0/,Joel Poyitt,https://www.inaturalist.org/observations/144947753,https://static.inaturalist.org/sounds/575695.m4a?1671835151,,Yoyetta_repetens,Train,,0.15187,data\raw\species40\Train\Yoyetta_repetens_IN144947753_575695.mp3
Galanga_labeculata_IN42221948_70369.wav,Galanga_labeculata,Cicadidae,http://creativecommons.org/licenses/by-nc/4.0/,Christie,https://www.inaturalist.org/observations/42221948,https://static.inaturalist.org/sounds/70369.wav?1586936609,,Galanga_labeculata,Train,,0.317267,data\raw\species40\Train\Galanga_labeculata_IN42221948_70369.wav
Galanga_labeculata_IN36489550_52226.mp3,Galanga_labeculata,Cicadidae,http://creativecommons.org/licenses/by-nc/4.0/,Joel Poyitt,https://www.inaturalist.org/observations/36489550,https://static.inaturalist.org/sounds/52226.m4a?1575862220,,Galanga_labeculata,Train,,0.253585,data\raw\species40\Train\Galanga_labeculata_IN36489550_52226.mp3
Magicicada_cassini_IN79565391_227637.mp3,Magicicada_cassini,Cicadidae,http://creativecommons.org/licenses/by-nc/4.0/,Roshan Vignarajah,https://www.inaturalist.org/observations/79565391,https://static.inaturalist.org/sounds/227637.m4a?1621548690,,Magicicada_cassini,Train,,0.349386,data\raw\species40\Train\Magicicada_cassini_IN79565391_227637.mp3
Galanga_labeculata_IN191641779_848474.mp3,Galanga_labeculata,Cicadidae,http://creativecommons.org/licenses/by-nc/4.0/,Joel Poyitt,https://www.inaturalist.org/observations/191641779,https://static.inaturalist.org/sounds/848474.m4a?1700537533,,Galanga_labeculata,Train,,0.297408,data\raw\species40\Train\Galanga_labeculata_IN191641779_848474.mp3
Cystosoma_saundersii_IN189938041_841303.mp3,Cystosoma_saundersii,Cicadidae,http://creativecommons.org/licenses/by-nc/4.0/,Max Sonthonax,https://www.inaturalist.org/observations/189938041,https://static.inaturalist.org/sounds/841303.m4a?1699095013,,Cystosoma_saundersii,Train,,0.628627,data\raw\species40\Train\Cystosoma_saundersii_IN189938041_841303.mp3
Yoyetta_repetens_IN108839764_373002.mp3,Yoyetta_repetens,Cicadidae,http://creativecommons.org/licenses/by-nc/4.0/,Joel Poyitt,https://www.inaturalist.org/observations/108839764,https://static.inaturalist.org/sounds/373002.m4a?1647564375,,Yoyetta_repetens,Train,,0.120134,data\raw\species40\Train\Yoyetta_repetens_IN108839764_373002.mp3
Tettigonia_viridissima_IN157594930_664229.mp3,Tettigonia_viridissima,Orthoptera,http://creativecommons.org/licenses/by-nc/4.0/,mobbini,https://www.inaturalist.org/observations/157594930,https://static.inaturalist.org/sounds/664229.mp3?1682777597,,Tettigonia_viridissima,Train,,0.112856,data\raw\species40\Train\Tettigonia_viridissima_IN157594930_664229.mp3
Gryllus_pennsylvanicus_IN61184118_139390.wav,Gryllus_pennsylvanicus,Orthoptera,http://creativecommons.org/licenses/by-nc/4.0/,Liam Ragan,https://www.inaturalist.org/observations/61184118,https://static.inaturalist.org/sounds/139390.wav?1601354778,,Gryllus_pennsylvanicus,Train,,1.043324,data\raw\species40\Train\Gryllus_pennsylvanicus_IN61184118_139390.wav
Magicicada_cassini_IN220944714_1080789.mp3,Magicicada_cassini,Cicadidae,http://creativecommons.org/licenses/by/4.0/,Tom,https://www.inaturalist.org/observations/220944714,https://static.inaturalist.org/sounds/1080789.m4a?1717700038,,Magicicada_cassini,Train,,0.083311,data\raw\species40\Train\Magicicada_cassini_IN220944714_1080789.mp3
Gryllus_campestris_IN212331871_1008409.wav,Gryllus_campestris,Orthoptera,http://creativecommons.org/licenses/by-nc/4.0/,Peter Holub,https://www.inaturalist.org/observations/212331871,https://static.inaturalist.org/sounds/1008409.wav?1714500839,,Gryllus_campestris,Train,,0.448676,data\raw\species40\Train\Gryllus_campestris_IN212331871_1008409.wav
Yoyetta_celis_IN98568160_317693.mp3,Yoyetta_celis,Cicadidae,http://creativecommons.org/licenses/by-nc/4.0/,bpscicada,https://www.inaturalist.org/observations/98568160,https://static.inaturalist.org/sounds/317693.m4a?1634523628,,Yoyetta_celis,Train,,0.202604,data\raw\species40\Train\Yoyetta_celis_IN98568160_317693.mp3
Psaltoda_plaga_IN207520599_969737.mp3,Psaltoda_plaga,Cicadidae,http://creativecommons.org/licenses/by-nc/4.0/,Joel Poyitt,https://www.inaturalist.org/observations/207520599,https://static.inaturalist.org/sounds/969737.m4a?1713238463,,Psaltoda_plaga,Train,,0.277887,data\raw\species40\Train\Psaltoda_plaga_IN207520599_969737.mp3
Aleeta_curvicosta_IN103068969_337587.wav,Aleeta_curvicosta,Cicadidae,http://creativecommons.org/licenses/by-nc/4.0/,Christie,https://www.inaturalist.org/observations/103068969,https://static.inaturalist.org/sounds/337587.wav?1639524155,,Aleeta_curvicosta,Train,,0.478422,data\raw\species40\Train\Aleeta_curvicosta_IN103068969_337587.wav
Chorthippus_brunneus_XC926734.wav,Chorthippus_brunneus,Orthoptera,//creativecommons.org/licenses/by-nc-sa/4.0/,Georg Amann,https://xeno-canto.org/926734,https://xeno-canto.org/926734/download,,Chorthippus_brunneus,Train,,1.65688,data\raw\species40\Train\Chorthippus_brunneus_XC926734.wav
Aleeta_curvicosta_IN148929282_598822.mp3,Aleeta_curvicosta,Cicadidae,http://creativecommons.org/licenses/by-nc/4.0/,Colin Trainor,https://www.inaturalist.org/observations/148929282,https://static.inaturalist.org/sounds/598822.m4a?1676587392,,Aleeta_curvicosta,Train,,0.469232,data\raw\species40\Train\Aleeta_curvicosta_IN148929282_598822.mp3
Yoyetta_repetens_IN9368648_17042.wav,Yoyetta_repetens,Cicadidae,http://creativecommons.org/licenses/by-nc/4.0/,Christie,https://www.inaturalist.org/observations/9368648,https://static.inaturalist.org/sounds/17042.wav?1515377059,,Yoyetta_repetens,Train,,0.758232,data\raw\species40\Train\Yoyetta_repetens_IN9368648_17042.wav
Cicada_orni_IN124225832_487492.mp3,Cicada_orni,Cicadidae,http://creativecommons.org/licenses/by-nc/4.0/,Sergio Chozas,https://www.inaturalist.org/observations/124225832,https://static.inaturalist.org/sounds/487492.m4a?1656670860,,Cicada_orni,Train,,0.185332,data\raw\species40\Train\Cicada_orni_IN124225832_487492.mp3
Neotibicen_pruinosus_IN221839818_1087484.mp3,Neotibicen_pruinosus,Cicadidae,http://creativecommons.org/licenses/by-nc/4.0/,Joanna Brichetto,https://www.inaturalist.org/observations/221839818,https://static.inaturalist.org/sounds/1087484.m4a?1718036529,,Neotibicen_pruinosus,Train,,0.425506,data\raw\species40\Train\Neotibicen_pruinosus_IN221839818_1087484.mp3
Pholidoptera_griseoaptera_IN193235800_856817.mp3,Pholidoptera_griseoaptera,Orthoptera,http://creativecommons.org/licenses/by-nc/4.0/,mobbini,https://www.inaturalist.org/observations/193235800,https://static.inaturalist.org/sounds/856817.mp3?1701892857,,Pholidoptera_griseoaptera,Train,,0.041463,data\raw\species40\Train\Pholidoptera_griseoaptera_IN193235800_856817.mp3
Cyclochila_australasiae_IN64169611_146864.wav,Cyclochila_australasiae,Cicadidae,http://creativecommons.org/licenses/by-nc/4.0/,Joel Poyitt,https://www.inaturalist.org/observations/64169611,https://static.inaturalist.org/sounds/146864.mpga?1604491468,,Cyclochila_australasiae,Train,,0.957581,data\raw\species40\Train\Cyclochila_australasiae_IN64169611_146864.wav
Yoyetta_celis_IN141346471_560187.mp3,Yoyetta_celis,Cicadidae,http://creativecommons.org/licenses/by-nc/4.0/,Joel Poyitt,https://www.inaturalist.org/observations/141346471,https://static.inaturalist.org/sounds/560187.m4a?1667798931,,Yoyetta_celis,Train,,0.10824,data\raw\species40\Train\Yoyetta_celis_IN141346471_560187.mp3
Gryllotalpa_gryllotalpa_IN48821787_103893.mp3,Gryllotalpa_gryllotalpa,Orthoptera,http://creativecommons.org/licenses/by-nc/4.0/,Анна Мостовая,https://www.inaturalist.org/observations/48821787,https://static.inaturalist.org/sounds/103893.mp3?1591557978,,Gryllotalpa_gryllotalpa,Train,,0.41812,data\raw\species40\Train\Gryllotalpa_gryllotalpa_IN48821787_103893.mp3
Pholidoptera_griseoaptera_XC849582.wav,Pholidoptera_griseoaptera,Orthoptera,//creativecommons.org/licenses/by-sa/4.0/,Baudewijn Odé,https://xeno-canto.org/849582,https://xeno-canto.org/849582/download,,Pholidoptera_griseoaptera,Train,,1.367918,data\raw\species40\Train\Pholidoptera_griseoaptera_XC849582.wav
Atrapsalta_corticina_IN61761217_140720.wav,Atrapsalta_corticina,Cicadidae,http://creativecommons.org/licenses/by-nc/4.0/,Christie,https://www.inaturalist.org/observations/61761217,https://static.inaturalist.org/sounds/140720.wav?1601885653,,Atrapsalta_corticina,Train,,0.488688,data\raw\species40\Train\Atrapsalta_corticina_IN61761217_140720.wav
Neotibicen_robinsonianus_IN130640923_519780.mp3,Neotibicen_robinsonianus,Cicadidae,http://creativecommons.org/licenses/by-nc/4.0/,Ríona Brennan,https://www.inaturalist.org/observations/130640923,https://static.inaturalist.org/sounds/519780.mp3?1660405555,,Neotibicen_robinsonianus,Train,,0.142545,data\raw\species40\Train\Neotibicen_robinsonianus_IN130640923_519780.mp3
Magicicada_cassini_IN79814807_229757.mp3,Magicicada_cassini,Cicadidae,http://creativecommons.org/licenses/by-nc/4.0/,cmciv,https://www.inaturalist.org/observations/79814807,https://static.inaturalist.org/sounds/229757.mp3?1621706418,,Magicicada_cassini,Train,,0.091754,data\raw\species40\Train\Magicicada_cassini_IN79814807_229757.mp3
Psaltoda_plaga_IN36658060_52821.wav,Psaltoda_plaga,Cicadidae,http://creativecommons.org/licenses/by-nc/4.0/,bpscicada,https://www.inaturalist.org/observations/36658060,https://static.inaturalist.org/sounds/52821.wav?1576371788,,Psaltoda_plaga,Train,,0.919019,data\raw\species40\Train\Psaltoda_plaga_IN36658060_52821.wav
Neotibicen_tibicen_IN91315610_292086.wav,Neotibicen_tibicen,Cicadidae,http://creativecommons.org/licenses/by-nc/4.0/,jmole,https://www.inaturalist.org/observations/91315610,https://static.inaturalist.org/sounds/292086.wav?1629058525,,Neotibicen_tibicen,Train,,1.931236,data\raw\species40\Train\Neotibicen_tibicen_IN91315610_292086.wav
Chorthippus_biguttulus_IN184565761_817885.mp3,Chorthippus_biguttulus,Orthoptera,http://creativecommons.org/licenses/by-nc/4.0/,mobbini,https://www.inaturalist.org/observations/184565761,https://static.inaturalist.org/sounds/817885.mp3?1695492396,,Chorthippus_biguttulus,Train,,0.052683,data\raw\species40\Train\Chorthippus_biguttulus_IN184565761_817885.mp3
Neotibicen_robinsonianus_IN179373949_796584.mp3,Neotibicen_robinsonianus,Cicadidae,http://creativecommons.org/licenses/by-nc/4.0/,beemance,https://www.inaturalist.org/observations/179373949,https://static.inaturalist.org/sounds/796584.m4a?1692550716,,Neotibicen_robinsonianus,Train,,0.355231,data\raw\species40\Train\Neotibicen_robinsonianus_IN179373949_796584.mp3
Cicada_orni_IN127812335_506843.mp3,Cicada_orni,Cicadidae,http://creativecommons.org/licenses/by-nc/4.0/,otto,https://www.inaturalist.org/observations/127812335,https://static.inaturalist.org/sounds/506843.m4a?1658735980,,Cicada_orni,Train,,0.102081,data\raw\species40\Train\Cicada_orni_IN127812335_506843.mp3
Psaltoda_plaga_IN108275894_368348.mp3,Psaltoda_plaga,Cicadidae,http://creativecommons.org/licenses/by-nc/4.0/,Joel Poyitt,https://www.inaturalist.org/observations/108275894,https://static.inaturalist.org/sounds/368348.m4a?1646876469,,Psaltoda_plaga,Train,,0.115714,data\raw\species40\Train\Psaltoda_plaga_IN108275894_368348.mp3
Tettigettalna_argentata_IN176016805_782736.mp3,Tettigettalna_argentata,Cicadidae,http://creativecommons.org/licenses/by-nc/4.0/,Bruno Saraiva,https://www.inaturalist.org/observations/176016805,https://static.inaturalist.org/sounds/782736.m4a?1690844451,,Tettigettalna_argentata,Train,,0.532672,data\raw\species40\Train\Tettigettalna_argentata_IN176016805_782736.mp3
Chorthippus_brunneus_IN140821076_557810.wav,Chorthippus_brunneus,Orthoptera,http://creativecommons.org/licenses/by-sa/4.0/,jfgodeau,https://www.inaturalist.org/observations/140821076,https://static.inaturalist.org/sounds/557810.wav?1667340733,,Chorthippus_brunneus,Train,,0.45127,data\raw\species40\Train\Chorthippus_brunneus_IN140821076_557810.wav
Chorthippus_biguttulus_XC915242.wav,Chorthippus_biguttulus,Orthoptera,//creativecommons.org/licenses/by-nc-sa/4.0/,Cedric Mroczko,https://xeno-canto.org/915242,https://xeno-canto.org/915242/download,,Chorthippus_biguttulus,Train,,0.818051,data\raw\species40\Train\Chorthippus_biguttulus_XC915242.wav
Aleeta_curvicosta_IN37963666_55789.wav,Aleeta_curvicosta,Cicadidae,http://creativecommons.org/licenses/by-nc/4.0/,Christie,https://www.inaturalist.org/observations/37963666,https://static.inaturalist.org/sounds/55789.wav?1579991328,,Aleeta_curvicosta,Train,,0.604409,data\raw\species40\Train\Aleeta_curvicosta_IN37963666_55789.wav
Gryllus_campestris_IN159906982_682441.mp3,Gryllus_campestris,Orthoptera,http://creativecommons.org/licenses/by-nc/4.0/,lvdr,https://www.inaturalist.org/observations/159906982,https://static.inaturalist.org/sounds/682441.m4a?1683310664,,Gryllus_campestris,Train,,0.078356,data\raw\species40\Train\Gryllus_campestris_IN159906982_682441.mp3
Atrapsalta_corticina_IN98568747_317701.mp3,Atrapsalta_corticina,Cicadidae,http://creativecommons.org/licenses/by-nc/4.0/,bpscicada,https://www.inaturalist.org/observations/98568747,https://static.inaturalist.org/sounds/317701.m4a?1634524068,,Atrapsalta_corticina,Train,,0.058429,data\raw\species40\Train\Atrapsalta_corticina_IN98568747_317701.mp3
Psaltoda_plaga_IN37937530_55719.wav,Psaltoda_plaga,Cicadidae,http://creativecommons.org/licenses/by-nc/4.0/,Christie,https://www.inaturalist.org/observations/37937530,https://static.inaturalist.org/sounds/55719.wav?1579926091,,Psaltoda_plaga,Train,,0.333596,data\raw\species40\Train\Psaltoda_plaga_IN37937530_55719.wav
Magicicada_septendecim_IN82451860_250036.mp3,Magicicada_septendecim,Cicadidae,http://creativecommons.org/licenses/by-nc/4.0/,Antoni W.,https://www.inaturalist.org/observations/82451860,https://static.inaturalist.org/sounds/250036.m4a?1623349435,,Magicicada_septendecim,Train,,0.144871,data\raw\species40\Train\Magicicada_septendecim_IN82451860_250036.mp3
Neotibicen_tibicen_IN91446312_292552.mp3,Neotibicen_tibicen,Cicadidae,http://creativecommons.org/licenses/by-nc-sa/4.0/,davidenrique,https://www.inaturalist.org/observations/91446312,https://static.inaturalist.org/sounds/292552.mp3?1629142381,,Neotibicen_tibicen,Train,,0.28746,data\raw\species40\Train\Neotibicen_tibicen_IN91446312_292552.mp3
Galanga_labeculata_IN68473316_160405.wav,Galanga_labeculata,Cicadidae,http://creativecommons.org/licenses/by-nc/4.0/,Christie,https://www.inaturalist.org/observations/68473316,https://static.inaturalist.org/sounds/160405.wav?1611527099,,Galanga_labeculata,Train,,0.748419,data\raw\species40\Train\Galanga_labeculata_IN68473316_160405.wav
Cicada_orni_IN229957479_1135156.wav,Cicada_orni,Cicadidae,http://creativecommons.org/licenses/by-nc/4.0/,elaphus9,https://www.inaturalist.org/observations/229957479,https://static.inaturalist.org/sounds/1135156.mpga?1721244398,,Cicada_orni,Train,,0.451007,data\raw\species40\Train\Cicada_orni_IN229957479_1135156.wav
Eumodicogryllus_bordigalensis_IN118394750_448710.wav,Eumodicogryllus_bordigalensis,Orthoptera,http://creativecommons.org/licenses/by/4.0/,Marino Linić,https://www.inaturalist.org/observations/118394750,https://static.inaturalist.org/sounds/448710.wav?1653326598,,Eumodicogryllus_bordigalensis,Train,,1.26713,data\raw\species40\Train\Eumodicogryllus_bordigalensis_IN118394750_448710.wav
Neotibicen_canicularis_IN176832011_786514.wav,Neotibicen_canicularis,Cicadidae,http://creativecommons.org/licenses/by-nc/4.0/,François Dubois,https://www.inaturalist.org/observations/176832011,https://static.inaturalist.org/sounds/786514.wav?1691283949,,Neotibicen_canicularis,Train,,0.398587,data\raw\species40\Train\Neotibicen_canicularis_IN176832011_786514.wav
Pholidoptera_griseoaptera_IN187016974_828480.mp3,Pholidoptera_griseoaptera,Orthoptera,http://creativecommons.org/licenses/by-nc/4.0/,frank007,https://www.inaturalist.org/observations/187016974,https://static.inaturalist.org/sounds/828480.mp3?1696960053,,Pholidoptera_griseoaptera,Train,,0.127179,data\raw\species40\Train\Pholidoptera_griseoaptera_IN187016974_828480.mp3
Meimuna_opalifera_IN231447910_1142442.mp3,Meimuna_opalifera,Cicadidae,http://creativecommons.org/licenses/by/4.0/,岸本年郎,https://www.inaturalist.org/observations/231447910,https://static.inaturalist.org/sounds/1142442.m4a?1721841896,,Meimuna_opalifera,Train,,0.261397,data\raw\species40\Train\Meimuna_opalifera_IN231447910_1142442.mp3
Meimuna_opalifera_IN95834228_308533.mp3,Meimuna_opalifera,Cicadidae,http://creativecommons.org/licenses/by-nc/4.0/,chiffon14,https://www.inaturalist.org/observations/95834228,https://static.inaturalist.org/sounds/308533.m4a?1632382096,,Meimuna_opalifera,Train,,0.14998,data\raw\species40\Train\Meimuna_opalifera_IN95834228_308533.mp3
Microcentrum_rhombifolium_IN92308095_295828.mp3,Microcentrum_rhombifolium,Orthoptera,http://creativecommons.org/licenses/by-nc/4.0/,Priyantha Wijesinghe,https://www.inaturalist.org/observations/92308095,https://static.inaturalist.org/sounds/295828.m4a?1629767698,,Microcentrum_rhombifolium,Train,,0.698482,data\raw\species40\Train\Microcentrum_rhombifolium_IN92308095_295828.mp3
Eumodicogryllus_bordigalensis_IN174838297_777786.wav,Eumodicogryllus_bordigalensis,Orthoptera,http://creativecommons.org/licenses/by/4.0/,Daniel Linzbauer,https://www.inaturalist.org/observations/174838297,https://static.inaturalist.org/sounds/777786.wav?1690280589,,Eumodicogryllus_bordigalensis,Train,,0.872938,data\raw\species40\Train\Eumodicogryllus_bordigalensis_IN174838297_777786.wav
Galanga_labeculata_IN20275640_31171.wav,Galanga_labeculata,Cicadidae,http://creativecommons.org/licenses/by-nc/4.0/,Christie,https://www.inaturalist.org/observations/20275640,https://static.inaturalist.org/sounds/31171.wav?1550045952,,Galanga_labeculata,Train,,0.859469,data\raw\species40\Train\Galanga_labeculata_IN20275640_31171.wav
Gryllus_pennsylvanicus_IN137295422_544217.mp3,Gryllus_pennsylvanicus,Orthoptera,http://creativecommons.org/publicdomain/zero/1.0/,Liam Steele,https://www.inaturalist.org/observations/137295422,https://static.inaturalist.org/sounds/544217.m4a?1664727789,,Gryllus_pennsylvanicus,Train,,0.097641,data\raw\species40\Train\Gryllus_pennsylvanicus_IN137295422_544217.mp3
Magicicada_cassini_IN50809908_111456.mp3,Magicicada_cassini,Cicadidae,http://creativecommons.org/licenses/by/4.0/,Chris Mentrek,https://www.inaturalist.org/observations/50809908,https://static.inaturalist.org/sounds/111456.mp3?1593028335,,Magicicada_cassini,Train,,0.164801,data\raw\species40\Train\Magicicada_cassini_IN50809908_111456.mp3
Magicicada_cassini_IN97669707_314505.mp3,Magicicada_cassini,Cicadidae,http://creativecommons.org/licenses/by-nc/4.0/,BugIdentifier,https://www.inaturalist.org/observations/97669707,https://static.inaturalist.org/sounds/314505.m4a?1633801186,,Magicicada_cassini,Train,,0.161573,data\raw\species40\Train\Magicicada_cassini_IN97669707_314505.mp3
Cicada_barbara_IN57165307_131740.wav,Cicada_barbara,Cicadidae,http://creativecommons.org/licenses/by-nc/4.0/,joaotomas,https://www.inaturalist.org/observations/57165307,https://static.inaturalist.org/sounds/131740.wav?1598048631,,Cicada_barbara,Train,,0.6724,data\raw\species40\Train\Cicada_barbara_IN57165307_131740.wav
Cyclochila_australasiae_IN144511474_573665.mp3,Cyclochila_australasiae,Cicadidae,http://creativecommons.org/licenses/by-nc/4.0/,Daniel Kurek,https://www.inaturalist.org/observations/144511474,https://static.inaturalist.org/sounds/573665.m4a?1671244591,,Cyclochila_australasiae,Train,,0.133908,data\raw\species40\Train\Cyclochila_australasiae_IN144511474_573665.mp3
Eumodicogryllus_bordigalensis_IN120392952_462564.mp3,Eumodicogryllus_bordigalensis,Orthoptera,http://creativecommons.org/publicdomain/zero/1.0/,Margherita Ferraiuolo,https://www.inaturalist.org/observations/120392952,https://static.inaturalist.org/sounds/462564.mp3?1654458824,,Eumodicogryllus_bordigalensis,Train,,0.156733,data\raw\species40\Train\Eumodicogryllus_bordigalensis_IN120392952_462564.mp3
Tettigettalna_argentata_IN132001322_525336.mp3,Tettigettalna_argentata,Cicadidae,http://creativecommons.org/licenses/by-nc/4.0/,Nelson Conceição,https://www.inaturalist.org/observations/132001322,https://static.inaturalist.org/sounds/525336.mp3?1661258996,,Tettigettalna_argentata,Train,,2.143424,data\raw\species40\Train\Tettigettalna_argentata_IN132001322_525336.mp3
Neotibicen_canicularis_IN91442728_292520.mp3,Neotibicen_canicularis,Cicadidae,http://creativecommons.org/licenses/by/4.0/,Nick Kleinschmidt,https://www.inaturalist.org/observations/91442728,https://static.inaturalist.org/sounds/292520.m4a?1629141060,,Neotibicen_canicularis,Train,,0.412046,data\raw\species40\Train\Neotibicen_canicularis_IN91442728_292520.mp3
Atrapsalta_corticina_IN37932589_55678.wav,Atrapsalta_corticina,Cicadidae,http://creativecommons.org/licenses/by-nc/4.0/,Christie,https://www.inaturalist.org/observations/37932589,https://static.inaturalist.org/sounds/55678.wav?1579918836,,Atrapsalta_corticina,Train,,0.260726,data\raw\species40\Train\Atrapsalta_corticina_IN37932589_55678.wav
Chorthippus_mollis_IN189349203_838691.wav,Chorthippus_mollis,Orthoptera,http://creativecommons.org/licenses/by-nc/4.0/,Benjamin Schmid,https://www.inaturalist.org/observations/189349203,https://static.inaturalist.org/sounds/838691.wav?1698588458,,Chorthippus_mollis,Train,,1.047179,data\raw\species40\Train\Chorthippus_mollis_IN189349203_838691.wav
Galanga_labeculata_IN139934779_554197.mp3,Galanga_labeculata,Cicadidae,http://creativecommons.org/licenses/by-nc/4.0/,Ben McBurney,https://www.inaturalist.org/observations/139934779,https://static.inaturalist.org/sounds/554197.mp3?1666669524,,Galanga_labeculata,Train,,0.095424,data\raw\species40\Train\Galanga_labeculata_IN139934779_554197.mp3
Neotibicen_pruinosus_IN87327714_275953.mp3,Neotibicen_pruinosus,Cicadidae,http://creativecommons.org/licenses/by-nc/4.0/,Stephanie Dolrenry,https://www.inaturalist.org/observations/87327714,https://static.inaturalist.org/sounds/275953.m4a?1626475048,,Neotibicen_pruinosus,Train,,0.086524,data\raw\species40\Train\Neotibicen_pruinosus_IN87327714_275953.mp3
Microcentrum_rhombifolium_IN91814452_294150.mp3,Microcentrum_rhombifolium,Orthoptera,http://creativecommons.org/licenses/by/4.0/,10423,https://www.inaturalist.org/observations/91814452,https://static.inaturalist.org/sounds/294150.m4a?1629432211,,Microcentrum_rhombifolium,Train,,0.034031,data\raw\species40\Train\Microcentrum_rhombifolium_IN91814452_294150.mp3
Tettigonia_viridissima_IN182666782_809951.mp3,Tettigonia_viridissima,Orthoptera,http://creativecommons.org/licenses/by-nc/4.0/,Karol Łanocha,https://www.inaturalist.org/observations/182666782,https://static.inaturalist.org/sounds/809951.m4a?1694366576,,Tettigonia_viridissima,Train,,0.389624,data\raw\species40\Train\Tettigonia_viridissima_IN182666782_809951.mp3
Roeseliana_roeselii_IN197974894_886822.mp3,Roeseliana_roeselii,Orthoptera,http://creativecommons.org/licenses/by-nc/4.0/,mobbini,https://www.inaturalist.org/observations/197974894,https://static.inaturalist.org/sounds/886822.mp3?1706626070,,Roeseliana_roeselii,Train,,0.124159,data\raw\species40\Train\Roeseliana_roeselii_IN197974894_886822.mp3
Tettigonia_viridissima_IN175995232_782619.wav,Tettigonia_viridissima,Orthoptera,http://creativecommons.org/licenses/by-nc/4.0/,Benjamin Schmid,https://www.inaturalist.org/observations/175995232,https://static.inaturalist.org/sounds/782619.wav?1690835470,,Tettigonia_viridissima,Train,,0.658942,data\raw\species40\Train\Tettigonia_viridissima_IN175995232_782619.wav
Roeseliana_roeselii_IN181930870_807120.mp3,Roeseliana_roeselii,Orthoptera,http://creativecommons.org/licenses/by-nc/4.0/,Africa Gomez,https://www.inaturalist.org/observations/181930870,https://static.inaturalist.org/sounds/807120.m4a?1693933603,,Roeseliana_roeselii,Train,,0.170966,data\raw\species40\Train\Roeseliana_roeselii_IN181930870_807120.mp3
Gryllus_campestris_XC895288.mp3,Gryllus_campestris,Orthoptera,//creativecommons.org/licenses/by-nc-sa/4.0/,Lars Lachmann,https://xeno-canto.org/895288,https://xeno-canto.org/895288/download,,Gryllus_campestris,Train,,0.901569,data\raw\species40\Train\Gryllus_campestris_XC895288.mp3
Pholidoptera_griseoaptera_IN230527628_1138158.mp3,Pholidoptera_griseoaptera,Orthoptera,http://creativecommons.org/licenses/by/4.0/,E. A.,https://www.inaturalist.org/observations/230527628,https://static.inaturalist.org/sounds/1138158.m4a?1721492652,,Pholidoptera_griseoaptera,Train,,0.428789,data\raw\species40\Train\Pholidoptera_griseoaptera_IN230527628_1138158.mp3
Gryllus_pennsylvanicus_IN133445526_530268.mp3,Gryllus_pennsylvanicus,Orthoptera,http://creativecommons.org/licenses/by-nc/4.0/,Liam Ragan,https://www.inaturalist.org/observations/133445526,https://static.inaturalist.org/sounds/530268.m4a?1662203958,,Gryllus_pennsylvanicus,Train,,0.339635,data\raw\species40\Train\Gryllus_pennsylvanicus_IN133445526_530268.mp3
Magicicada_septendecim_IN78725981_220966.mp3,Magicicada_septendecim,Cicadidae,http://creativecommons.org/licenses/by-nc/4.0/,Richard Henighan,https://www.inaturalist.org/observations/78725981,https://static.inaturalist.org/sounds/220966.m4a?1621015462,,Magicicada_septendecim,Train,,0.294717,data\raw\species40\Train\Magicicada_septendecim_IN78725981_220966.mp3
Gryllus_bimaculatus_IN175671815_781118.mp3,Gryllus_bimaculatus,Orthoptera,http://creativecommons.org/licenses/by/4.0/,anasacuta,https://www.inaturalist.org/observations/175671815,https://static.inaturalist.org/sounds/781118.m4a?1690692295,,Gryllus_bimaculatus,Train,,0.238102,data\raw\species40\Train\Gryllus_bimaculatus_IN175671815_781118.mp3
Oecanthus_pellucens_IN185465543_821589.mp3,Oecanthus_pellucens,Orthoptera,http://creativecommons.org/licenses/by-nc/4.0/,elaphus9,https://www.inaturalist.org/observations/185465543,https://static.inaturalist.org/sounds/821589.mp3?1696013971,,Oecanthus_pellucens,Train,,0.057356,data\raw\species40\Train\Oecanthus_pellucens_IN185465543_821589.mp3
Neotibicen_pruinosus_IN93101490_299516.wav,Neotibicen_pruinosus,Cicadidae,http://creativecommons.org/licenses/by-nc/4.0/,Diane Bricmont,https://www.inaturalist.org/observations/93101490,https://static.inaturalist.org/sounds/299516.wav?1630386059,,Neotibicen_pruinosus,Train,,1.725914,data\raw\species40\Train\Neotibicen_pruinosus_IN93101490_299516.wav
Tettigonia_cantans_IN135892364_539008.mp3,Tettigonia_cantans,Orthoptera,http://creativecommons.org/licenses/by-nc/4.0/,Марина Горбунова-Ëлкина,https://www.inaturalist.org/observations/135892364,https://static.inaturalist.org/sounds/539008.mp3?1663754964,,Tettigonia_cantans,Train,,0.141437,data\raw\species40\Train\Tettigonia_cantans_IN135892364_539008.mp3
Neotibicen_robinsonianus_IN231241610_1141555.mp3,Neotibicen_robinsonianus,Cicadidae,http://creativecommons.org/licenses/by-nc/4.0/,gradythenatureguy,https://www.inaturalist.org/observations/231241610,https://static.inaturalist.org/sounds/1141555.m4a?1721755878,,Neotibicen_robinsonianus,Train,,0.081761,data\raw\species40\Train\Neotibicen_robinsonianus_IN231241610_1141555.mp3
Meimuna_opalifera_IN180131044_799706.mp3,Meimuna_opalifera,Cicadidae,http://creativecommons.org/licenses/by-nc/4.0/,K2tong,https://www.inaturalist.org/observations/180131044,https://static.inaturalist.org/sounds/799706.m4a?1692978914,,Meimuna_opalifera,Train,,0.113575,data\raw\species40\Train\Meimuna_opalifera_IN180131044_799706.mp3
Magicicada_cassini_IN82203951_248595.mp3,Magicicada_cassini,Cicadidae,http://creativecommons.org/licenses/by-nc/4.0/,Roshan Vignarajah,https://www.inaturalist.org/observations/82203951,https://static.inaturalist.org/sounds/248595.m4a?1623184633,,Magicicada_cassini,Train,,0.274932,data\raw\species40\Train\Magicicada_cassini_IN82203951_248595.mp3
Neotibicen_robinsonianus_IN174195218_775047.mp3,Neotibicen_robinsonianus,Cicadidae,http://creativecommons.org/licenses/by-nc/4.0/,aarmstrong,https://www.inaturalist.org/observations/174195218,https://static.inaturalist.org/sounds/775047.mp3?1689988401,,Neotibicen_robinsonianus,Train,,1.537337,data\raw\species40\Train\Neotibicen_robinsonianus_IN174195218_775047.mp3
Cicada_barbara_IN128853170_511543.mp3,Cicada_barbara,Cicadidae,http://creativecommons.org/licenses/by-nc/4.0/,Nelson Conceição,https://www.inaturalist.org/observations/128853170,https://static.inaturalist.org/sounds/511543.mp3?1659296207,,Cicada_barbara,Train,,1.836805,data\raw\species40\Train\Cicada_barbara_IN128853170_511543.mp3
Phaneroptera_nana_XC885561.wav,Phaneroptera_nana,Orthoptera,//creativecommons.org/licenses/by-sa/4.0/,K.-G. Heller,https://xeno-canto.org/885561,https://xeno-canto.org/885561/download,,Phaneroptera_nana,Train,30.0,0.410815,data\raw\species40\Train\Phaneroptera_nana_XC885561.wav
Yoyetta_repetens_IN64632239_148001.wav,Yoyetta_repetens,Cicadidae,http://creativecommons.org/licenses/by-nc/4.0/,Joel Poyitt,https://www.inaturalist.org/observations/64632239,https://static.inaturalist.org/sounds/148001.wav?1605050747,,Yoyetta_repetens,Train,,0.870154,data\raw\species40\Train\Yoyetta_repetens_IN64632239_148001.wav
Neotibicen_canicularis_IN88639011_282297.wav,Neotibicen_canicularis,Cicadidae,http://creativecommons.org/licenses/by/4.0/,Mathew Zappa,https://www.inaturalist.org/observations/88639011,https://static.inaturalist.org/sounds/282297.wav?1627264955,,Neotibicen_canicularis,Train,,0.750242,data\raw\species40\Train\Neotibicen_canicularis_IN88639011_282297.wav
Cicada_orni_IN133963348_531838.mp3,Cicada_orni,Cicadidae,http://creativecommons.org/licenses/by-nc/4.0/,mirta,https://www.inaturalist.org/observations/133963348,https://static.inaturalist.org/sounds/531838.mp3?1662499217,,Cicada_orni,Train,,0.058971,data\raw\species40\Train\Cicada_orni_IN133963348_531838.mp3
Cicada_barbara_IN86270790_271175.mp3,Cicada_barbara,Cicadidae,http://creativecommons.org/licenses/by-nc/4.0/,hiporame,https://www.inaturalist.org/observations/86270790,https://static.inaturalist.org/sounds/271175.m4a?1625835013,,Cicada_barbara,Train,,0.17051,data\raw\species40\Train\Cicada_barbara_IN86270790_271175.mp3
Tettigonia_viridissima_IN125096987_492910.wav,Tettigonia_viridissima,Orthoptera,http://creativecommons.org/licenses/by/4.0/,Daniel Linzbauer,https://www.inaturalist.org/observations/125096987,https://static.inaturalist.org/sounds/492910.wav?1657150008,,Tettigonia_viridissima,Train,,0.723158,data\raw\species40\Train\Tettigonia_viridissima_IN125096987_492910.wav
Popplepsalta_notialis_IN64779286_148422.wav,Popplepsalta_notialis,Cicadidae,http://creativecommons.org/licenses/by-nc/4.0/,Christie,https://www.inaturalist.org/observations/64779286,https://static.inaturalist.org/sounds/148422.wav?1605251802,,Popplepsalta_notialis,Train,,0.752924,data\raw\species40\Train\Popplepsalta_notialis_IN64779286_148422.wav
Psaltoda_plaga_IN68398538_159678.wav,Psaltoda_plaga,Cicadidae,http://creativecommons.org/licenses/by-nc/4.0/,Christie,https://www.inaturalist.org/observations/68398538,https://static.inaturalist.org/sounds/159678.wav?1611211360,,Psaltoda_plaga,Train,,1.417191,data\raw\species40\Train\Psaltoda_plaga_IN68398538_159678.wav
Atrapsalta_corticina_IN66502892_153549.wav,Atrapsalta_corticina,Cicadidae,http://creativecommons.org/licenses/by-nc/4.0/,Christie,https://www.inaturalist.org/observations/66502892,https://static.inaturalist.org/sounds/153549.wav?1607833903,,Atrapsalta_corticina,Train,,0.570233,data\raw\species40\Train\Atrapsalta_corticina_IN66502892_153549.wav
Gryllus_campestris_IN115830140_428037.mp3,Gryllus_campestris,Orthoptera,http://creativecommons.org/licenses/by/4.0/,Dimitǎr Boevski,https://www.inaturalist.org/observations/115830140,https://static.inaturalist.org/sounds/428037.mp3?1651888003,,Gryllus_campestris,Train,,0.147119,data\raw\species40\Train\Gryllus_campestris_IN115830140_428037.mp3
Aleeta_curvicosta_IN19282437_28685.wav,Aleeta_curvicosta,Cicadidae,http://creativecommons.org/licenses/by-nc/4.0/,Christie,https://www.inaturalist.org/observations/19282437,https://static.inaturalist.org/sounds/28685.wav?1546058742,,Aleeta_curvicosta,Train,,1.326027,data\raw\species40\Train\Aleeta_curvicosta_IN19282437_28685.wav
Neotibicen_tibicen_IN86920249_274191.mp3,Neotibicen_tibicen,Cicadidae,http://creativecommons.org/licenses/by-nc/4.0/,Nacho Macho321,https://www.inaturalist.org/observations/86920249,https://static.inaturalist.org/sounds/274191.m4a?1626218404,,Neotibicen_tibicen,Train,,0.161591,data\raw\species40\Train\Neotibicen_tibicen_IN86920249_274191.mp3
Neotibicen_tibicen_IN92968068_299048.wav,Neotibicen_tibicen,Cicadidae,http://creativecommons.org/licenses/by-nc/4.0/,Lily M,https://www.inaturalist.org/observations/92968068,https://static.inaturalist.org/sounds/299048.wav?1630272716,,Neotibicen_tibicen,Train,,0.184658,data\raw\species40\Train\Neotibicen_tibicen_IN92968068_299048.wav
Cystosoma_saundersii_IN36248906_51514.mp3,Cystosoma_saundersii,Cicadidae,http://creativecommons.org/licenses/by-nc/4.0/,Joel Poyitt,https://www.inaturalist.org/observations/36248906,https://static.inaturalist.org/sounds/51514.m4a?1575192946,,Cystosoma_saundersii,Train,,0.127097,data\raw\species40\Train\Cystosoma_saundersii_IN36248906_51514.mp3
Galanga_labeculata_IN68524032_160407.wav,Galanga_labeculata,Cicadidae,http://creativecommons.org/licenses/by-nc/4.0/,Christie,https://www.inaturalist.org/observations/68524032,https://static.inaturalist.org/sounds/160407.wav?1611527640,,Galanga_labeculata,Train,,0.53266,data\raw\species40\Train\Galanga_labeculata_IN68524032_160407.wav
Aleeta_curvicosta_IN144882952_575453.wav,Aleeta_curvicosta,Cicadidae,http://creativecommons.org/licenses/by-nc/4.0/,Christie,https://www.inaturalist.org/observations/144882952,https://static.inaturalist.org/sounds/575453.wav?1671750511,,Aleeta_curvicosta,Train,,0.40053,data\raw\species40\Train\Aleeta_curvicosta_IN144882952_575453.wav
Popplepsalta_notialis_IN143021413_567687.mp3,Popplepsalta_notialis,Cicadidae,http://creativecommons.org/licenses/by-nc/4.0/,bpscicada,https://www.inaturalist.org/observations/143021413,https://static.inaturalist.org/sounds/567687.mp3?1669545969,,Popplepsalta_notialis,Train,,0.185991,data\raw\species40\Train\Popplepsalta_notialis_IN143021413_567687.mp3
Gryllus_bimaculatus_IN139791362_553566.wav,Gryllus_bimaculatus,Orthoptera,http://creativecommons.org/licenses/by/4.0/,Yves Bas,https://www.inaturalist.org/observations/139791362,https://static.inaturalist.org/sounds/553566.wav?1666556545,,Gryllus_bimaculatus,Train,,0.373931,data\raw\species40\Train\Gryllus_bimaculatus_IN139791362_553566.wav
Psaltoda_plaga_IN69174034_162668.mp3,Psaltoda_plaga,Cicadidae,http://creativecommons.org/licenses/by-nc/4.0/,kalimata,https://www.inaturalist.org/observations/69174034,https://static.inaturalist.org/sounds/162668.mp3?1612659558,,Psaltoda_plaga,Train,,0.135087,data\raw\species40\Train\Psaltoda_plaga_IN69174034_162668.mp3
Atrapsalta_corticina_IN144761562_574774.mp3,Atrapsalta_corticina,Cicadidae,http://creativecommons.org/licenses/by-nc/4.0/,Joel Poyitt,https://www.inaturalist.org/observations/144761562,https://static.inaturalist.org/sounds/574774.m4a?1671583704,,Atrapsalta_corticina,Train,,0.377219,data\raw\species40\Train\Atrapsalta_corticina_IN144761562_574774.mp3
Gryllus_campestris_IN113403795_409069.mp3,Gryllus_campestris,Orthoptera,http://creativecommons.org/licenses/by/4.0/,Felix Seebauer,https://www.inaturalist.org/observations/113403795,https://static.inaturalist.org/sounds/409069.m4a?1651241080,,Gryllus_campestris,Train,,0.069497,data\raw\species40\Train\Gryllus_campestris_IN113403795_409069.mp3
Neotibicen_robinsonianus_IN58859169_134988.wav,Neotibicen_robinsonianus,Cicadidae,http://creativecommons.org/licenses/by-nc/4.0/,Brian Wulker,https://www.inaturalist.org/observations/58859169,https://static.inaturalist.org/sounds/134988.wav?1599501012,,Neotibicen_robinsonianus,Train,,1.769849,data\raw\species40\Train\Neotibicen_robinsonianus_IN58859169_134988.wav
Pholidoptera_griseoaptera_IN184588883_817943.mp3,Pholidoptera_griseoaptera,Orthoptera,http://creativecommons.org/licenses/by-nc/4.0/,Isa Klee,https://www.inaturalist.org/observations/184588883,https://static.inaturalist.org/sounds/817943.m4a?1695501654,,Pholidoptera_griseoaptera,Train,,1.10252,data\raw\species40\Train\Pholidoptera_griseoaptera_IN184588883_817943.mp3
Neotibicen_canicularis_IN194940235_865638.wav,Neotibicen_canicularis,Cicadidae,http://creativecommons.org/licenses/by-nc/4.0/,Brian Wulker,https://www.inaturalist.org/observations/194940235,https://static.inaturalist.org/sounds/865638.wav?1703639702,,Neotibicen_canicularis,Train,,0.746561,data\raw\species40\Train\Neotibicen_canicularis_IN194940235_865638.wav
Tettigettalna_argentata_IN86621820_272819.mp3,Tettigettalna_argentata,Cicadidae,http://creativecommons.org/licenses/by-nc/4.0/,hiporame,https://www.inaturalist.org/observations/86621820,https://static.inaturalist.org/sounds/272819.m4a?1626035905,,Tettigettalna_argentata,Train,,0.372835,data\raw\species40\Train\Tettigettalna_argentata_IN86621820_272819.mp3
Magicicada_cassini_IN89651615_286199.mp3,Magicicada_cassini,Cicadidae,http://creativecommons.org/licenses/by/4.0/,Margaret,https://www.inaturalist.org/observations/89651615,https://static.inaturalist.org/sounds/286199.m4a?1627919595,,Magicicada_cassini,Train,,0.333816,data\raw\species40\Train\Magicicada_cassini_IN89651615_286199.mp3
Henicopsaltria_eydouxii_IN37188372_53895.wav,Henicopsaltria_eydouxii,Cicadidae,http://creativecommons.org/licenses/by-nc/4.0/,Christie,https://www.inaturalist.org/observations/37188372,https://static.inaturalist.org/sounds/53895.wav?1577955943,,Henicopsaltria_eydouxii,Train,,0.901328,data\raw\species40\Train\Henicopsaltria_eydouxii_IN37188372_53895.wav
Gryllus_pennsylvanicus_IN185371274_821171.mp3,Gryllus_pennsylvanicus,Orthoptera,http://creativecommons.org/licenses/by-nc/4.0/,Jeff Ward,https://www.inaturalist.org/observations/185371274,https://static.inaturalist.org/sounds/821171.m4a?1695956400,,Gryllus_pennsylvanicus,Train,,0.30452,data\raw\species40\Train\Gryllus_pennsylvanicus_IN185371274_821171.mp3
Tettigonia_viridissima_IN181949193_807216.wav,Tettigonia_viridissima,Orthoptera,http://creativecommons.org/licenses/by/4.0/,Michael Grundner,https://www.inaturalist.org/observations/181949193,https://static.inaturalist.org/sounds/807216.wav?1693940830,,Tettigonia_viridissima,Train,,1.828644,data\raw\species40\Train\Tettigonia_viridissima_IN181949193_807216.wav
Yoyetta_repetens_IN66330609_153046.wav,Yoyetta_repetens,Cicadidae,http://creativecommons.org/licenses/by-nc/4.0/,Joel Poyitt,https://www.inaturalist.org/observations/66330609,https://static.inaturalist.org/sounds/153046.wav?1607519752,,Yoyetta_repetens,Train,,1.462194,data\raw\species40\Train\Yoyetta_repetens_IN66330609_153046.wav
Pholidoptera_griseoaptera_IN139969042_554361.wav,Pholidoptera_griseoaptera,Orthoptera,http://creativecommons.org/licenses/by/4.0/,Matteo Marcandella,https://www.inaturalist.org/observations/139969042,https://static.inaturalist.org/sounds/554361.wav?1666710584,,Pholidoptera_griseoaptera,Train,,2.371068,data\raw\species40\Train\Pholidoptera_griseoaptera_IN139969042_554361.wav
Popplepsalta_notialis_IN63219520_144462.wav,Popplepsalta_notialis,Cicadidae,http://creativecommons.org/licenses/by-nc/4.0/,Christie,https://www.inaturalist.org/observations/63219520,https://static.inaturalist.org/sounds/144462.wav?1603339108,,Popplepsalta_notialis,Train,,0.728915,data\raw\species40\Train\Popplepsalta_notialis_IN63219520_144462.wav
Microcentrum_rhombifolium_IN48193200_100715.wav,Microcentrum_rhombifolium,Orthoptera,http://creativecommons.org/licenses/by-nc/4.0/,Jason J Brunet,https://www.inaturalist.org/observations/48193200,https://static.inaturalist.org/sounds/100715.wav?1591063557,,Microcentrum_rhombifolium,Train,,1.065619,data\raw\species40\Train\Microcentrum_rhombifolium_IN48193200_100715.wav
Tettigonia_cantans_IN129254493_513405.mp3,Tettigonia_cantans,Orthoptera,http://creativecommons.org/licenses/by-nc/4.0/,Марина Горбунова-Ëлкина,https://www.inaturalist.org/observations/129254493,https://static.inaturalist.org/sounds/513405.mp3?1659518986,,Tettigonia_cantans,Train,,0.127431,data\raw\species40\Train\Tettigonia_cantans_IN129254493_513405.mp3
Aleeta_curvicosta_IN36878899_53258.mp3,Aleeta_curvicosta,Cicadidae,http://creativecommons.org/licenses/by-nc/4.0/,Joel Poyitt,https://www.inaturalist.org/observations/36878899,https://static.inaturalist.org/sounds/53258.m4a?1577095713,,Aleeta_curvicosta,Train,,0.153592,data\raw\species40\Train\Aleeta_curvicosta_IN36878899_53258.mp3
Neotibicen_robinsonianus_IN129057458_512397.mp3,Neotibicen_robinsonianus,Cicadidae,http://creativecommons.org/licenses/by-nc-sa/4.0/,davidenrique,https://www.inaturalist.org/observations/129057458,https://static.inaturalist.org/sounds/512397.mp3?1659395018,,Neotibicen_robinsonianus,Train,,0.577268,data\raw\species40\Train\Neotibicen_robinsonianus_IN129057458_512397.mp3
Pseudochorthippus_parallelus_IN218076643_1057665.wav,Pseudochorthippus_parallelus,Orthoptera,http://creativecommons.org/licenses/by-nc/4.0/,vieluigi,https://www.inaturalist.org/observations/218076643,https://static.inaturalist.org/sounds/1057665.wav?1716632618,,Pseudochorthippus_parallelus,Train,,0.151873,data\raw\species40\Train\Pseudochorthippus_parallelus_IN218076643_1057665.wav
Yoyetta_repetens_IN19283392_28697.wav,Yoyetta_repetens,Cicadidae,http://creativecommons.org/licenses/by-nc/4.0/,Christie,https://www.inaturalist.org/observations/19283392,https://static.inaturalist.org/sounds/28697.wav?1546064768,,Yoyetta_repetens,Train,,0.457601,data\raw\species40\Train\Yoyetta_repetens_IN19283392_28697.wav
Popplepsalta_notialis_IN18992526_28266.wav,Popplepsalta_notialis,Cicadidae,http://creativecommons.org/licenses/by-nc/4.0/,Christie,https://www.inaturalist.org/observations/18992526,https://static.inaturalist.org/sounds/28266.wav?1544682129,,Popplepsalta_notialis,Train,,1.05525,data\raw\species40\Train\Popplepsalta_notialis_IN18992526_28266.wav
Magicicada_septendecim_IN121350479_468718.mp3,Magicicada_septendecim,Cicadidae,http://creativecommons.org/licenses/by-nc/4.0/,Molly Jacobson,https://www.inaturalist.org/observations/121350479,https://static.inaturalist.org/sounds/468718.mp3?1655001401,,Magicicada_septendecim,Train,,0.227944,data\raw\species40\Train\Magicicada_septendecim_IN121350479_468718.mp3
Tettigettalna_argentata_IN91958656_294685.mp3,Tettigettalna_argentata,Cicadidae,http://creativecommons.org/licenses/by-nc/4.0/,Nelson Conceição,https://www.inaturalist.org/observations/91958656,https://static.inaturalist.org/sounds/294685.mp3?1629552792,,Tettigettalna_argentata,Train,,0.843576,data\raw\species40\Train\Tettigettalna_argentata_IN91958656_294685.mp3
Yoyetta_repetens_IN19222904_28594.wav,Yoyetta_repetens,Cicadidae,http://creativecommons.org/licenses/by-nc/4.0/,Christie,https://www.inaturalist.org/observations/19222904,https://static.inaturalist.org/sounds/28594.wav?1545789741,,Yoyetta_repetens,Train,,0.315299,data\raw\species40\Train\Yoyetta_repetens_IN19222904_28594.wav
Galanga_labeculata_IN39546387_60008.mp3,Galanga_labeculata,Cicadidae,http://creativecommons.org/licenses/by-nc/4.0/,Joel Poyitt,https://www.inaturalist.org/observations/39546387,https://static.inaturalist.org/sounds/60008.m4a?1583358500,,Galanga_labeculata,Train,,0.0763,data\raw\species40\Train\Galanga_labeculata_IN39546387_60008.mp3
Tettigonia_viridissima_IN120225041_461477.mp3,Tettigonia_viridissima,Orthoptera,http://creativecommons.org/licenses/by-nc/4.0/,Nelson Conceição,https://www.inaturalist.org/observations/120225041,https://static.inaturalist.org/sounds/461477.mp3?1654376343,,Tettigonia_viridissima,Train,,1.843752,data\raw\species40\Train\Tettigonia_viridissima_IN120225041_461477.mp3
Chorthippus_brunneus_IN95023433_306080.mp3,Chorthippus_brunneus,Orthoptera,http://creativecommons.org/licenses/by-nc/4.0/,Julien Preud'homme,https://www.inaturalist.org/observations/95023433,https://static.inaturalist.org/sounds/306080.mp3?1631793743,,Chorthippus_brunneus,Train,,0.163677,data\raw\species40\Train\Chorthippus_brunneus_IN95023433_306080.mp3
Tettigonia_cantans_IN98408711_317116.mp3,Tettigonia_cantans,Orthoptera,http://creativecommons.org/licenses/by-nc/4.0/,David Nayer,https://www.inaturalist.org/observations/98408711,https://static.inaturalist.org/sounds/317116.mp3?1634409597,,Tettigonia_cantans,Train,,0.219817,data\raw\species40\Train\Tettigonia_cantans_IN98408711_317116.mp3
Neotibicen_robinsonianus_IN178639218_793575.wav,Neotibicen_robinsonianus,Cicadidae,http://creativecommons.org/licenses/by-nc/4.0/,thirty_legs,https://www.inaturalist.org/observations/178639218,https://static.inaturalist.org/sounds/793575.wav?1692159875,,Neotibicen_robinsonianus,Train,,0.612519,data\raw\species40\Train\Neotibicen_robinsonianus_IN178639218_793575.wav
Popplepsalta_notialis_IN142270936_564539.mp3,Popplepsalta_notialis,Cicadidae,http://creativecommons.org/licenses/by-nc/4.0/,Joel Poyitt,https://www.inaturalist.org/observations/142270936,https://static.inaturalist.org/sounds/564539.m4a?1668750924,,Popplepsalta_notialis,Train,,0.182821,data\raw\species40\Train\Popplepsalta_notialis_IN142270936_564539.mp3
Popplepsalta_notialis_IN146074488_582385.wav,Popplepsalta_notialis,Cicadidae,http://creativecommons.org/licenses/by-nc/4.0/,Christie,https://www.inaturalist.org/observations/146074488,https://static.inaturalist.org/sounds/582385.wav?1673143792,,Popplepsalta_notialis,Train,,0.285576,data\raw\species40\Train\Popplepsalta_notialis_IN146074488_582385.wav
Atrapsalta_corticina_IN149883355_605765.mp3,Atrapsalta_corticina,Cicadidae,http://creativecommons.org/licenses/by-nc/4.0/,Colin Trainor,https://www.inaturalist.org/observations/149883355,https://static.inaturalist.org/sounds/605765.m4a?1677562246,,Atrapsalta_corticina,Train,,0.249878,data\raw\species40\Train\Atrapsalta_corticina_IN149883355_605765.mp3
Gryllus_campestris_IN216855688_1047658.mp3,Gryllus_campestris,Orthoptera,http://creativecommons.org/licenses/by-nc/4.0/,Christa Rakovic,https://www.inaturalist.org/observations/216855688,https://static.inaturalist.org/sounds/1047658.m4a?1716142609,,Gryllus_campestris,Train,,0.323581,data\raw\species40\Train\Gryllus_campestris_IN216855688_1047658.mp3
Eumodicogryllus_bordigalensis_IN88177418_280488.mp3,Eumodicogryllus_bordigalensis,Orthoptera,http://creativecommons.org/licenses/by-nc/4.0/,Julian Kokott,https://www.inaturalist.org/observations/88177418,https://static.inaturalist.org/sounds/280488.m4a?1626988393,,Eumodicogryllus_bordigalensis,Train,,0.194979,data\raw\species40\Train\Eumodicogryllus_bordigalensis_IN88177418_280488.mp3
Atrapsalta_corticina_IN38784817_58146.wav,Atrapsalta_corticina,Cicadidae,http://creativecommons.org/licenses/by-nc/4.0/,Nathan Emery,https://www.inaturalist.org/observations/38784817,https://static.inaturalist.org/sounds/58146.wav?1581998931,,Atrapsalta_corticina,Train,,0.444775,data\raw\species40\Train\Atrapsalta_corticina_IN38784817_58146.wav
Oecanthus_pellucens_XC666354.mp3,Oecanthus_pellucens,Orthoptera,//creativecommons.org/licenses/by-nc-sa/4.0/,Marta Celej,https://xeno-canto.org/666354,https://xeno-canto.org/666354/download,,Oecanthus_pellucens,Train,,0.22565,data\raw\species40\Train\Oecanthus_pellucens_XC666354.mp3
Psaltoda_plaga_IN37436787_54461.wav,Psaltoda_plaga,Cicadidae,http://creativecommons.org/licenses/by-nc/4.0/,Christie,https://www.inaturalist.org/observations/37436787,https://static.inaturalist.org/sounds/54461.wav?1578606536,,Psaltoda_plaga,Train,,0.483845,data\raw\species40\Train\Psaltoda_plaga_IN37436787_54461.wav
Tettigonia_cantans_IN135891654_539002.mp3,Tettigonia_cantans,Orthoptera,http://creativecommons.org/licenses/by-nc/4.0/,Марина Горбунова-Ëлкина,https://www.inaturalist.org/observations/135891654,https://static.inaturalist.org/sounds/539002.mp3?1663754315,,Tettigonia_cantans,Train,,0.075041,data\raw\species40\Train\Tettigonia_cantans_IN135891654_539002.mp3
Gryllus_campestris_IN72931150_181853.mp3,Gryllus_campestris,Orthoptera,http://creativecommons.org/licenses/by-nc/4.0/,Daniel Raposo,https://www.inaturalist.org/observations/72931150,https://static.inaturalist.org/sounds/181853.mp3?1617566856,,Gryllus_campestris,Train,,0.147706,data\raw\species40\Train\Gryllus_campestris_IN72931150_181853.mp3
Psaltoda_plaga_IN68896576_161615.wav,Psaltoda_plaga,Cicadidae,http://creativecommons.org/licenses/by-nc/4.0/,Christie,https://www.inaturalist.org/observations/68896576,https://static.inaturalist.org/sounds/161615.wav?1612144663,,Psaltoda_plaga,Train,,0.600888,data\raw\species40\Train\Psaltoda_plaga_IN68896576_161615.wav
Chorthippus_brunneus_IN129141742_512890.mp3,Chorthippus_brunneus,Orthoptera,http://creativecommons.org/licenses/by/4.0/,E. A.,https://www.inaturalist.org/observations/129141742,https://static.inaturalist.org/sounds/512890.mp3?1659451382,,Chorthippus_brunneus,Train,,0.084389,data\raw\species40\Train\Chorthippus_brunneus_IN129141742_512890.mp3
Psaltoda_plaga_IN36489785_52232.mp3,Psaltoda_plaga,Cicadidae,http://creativecommons.org/licenses/by-nc/4.0/,Joel Poyitt,https://www.inaturalist.org/observations/36489785,https://static.inaturalist.org/sounds/52232.m4a?1575862846,,Psaltoda_plaga,Train,,0.242474,data\raw\species40\Train\Psaltoda_plaga_IN36489785_52232.mp3
Aleeta_curvicosta_IN19277687_28667.wav,Aleeta_curvicosta,Cicadidae,http://creativecommons.org/licenses/by-nc/4.0/,Christie,https://www.inaturalist.org/observations/19277687,https://static.inaturalist.org/sounds/28667.wav?1546040961,,Aleeta_curvicosta,Train,,1.202558,data\raw\species40\Train\Aleeta_curvicosta_IN19277687_28667.wav
Gryllus_campestris_XC807576.mp3,Gryllus_campestris,Orthoptera,//creativecommons.org/licenses/by-nc-sa/4.0/,Lennart Jeppsson,https://xeno-canto.org/807576,https://xeno-canto.org/807576/download,"Cuculus canorus, Corvus cornix",Gryllus_campestris,Train,,0.960459,data\raw\species40\Train\Gryllus_campestris_XC807576.mp3
Aleeta_curvicosta_IN19888092_30628.wav,Aleeta_curvicosta,Cicadidae,http://creativecommons.org/licenses/by-nc/4.0/,Christie,https://www.inaturalist.org/observations/19888092,https://static.inaturalist.org/sounds/30628.wav?1548539123,,Aleeta_curvicosta,Train,,0.461717,data\raw\species40\Train\Aleeta_curvicosta_IN19888092_30628.wav
Magicicada_cassini_IN82216816_248664.mp3,Magicicada_cassini,Cicadidae,http://creativecommons.org/licenses/by-nc/4.0/,Roshan Vignarajah,https://www.inaturalist.org/observations/82216816,https://static.inaturalist.org/sounds/248664.m4a?1623192404,,Magicicada_cassini,Train,,0.363804,data\raw\species40\Train\Magicicada_cassini_IN82216816_248664.mp3
Roeseliana_roeselii_IN182929503_810982.mp3,Roeseliana_roeselii,Orthoptera,http://creativecommons.org/licenses/by-nc/4.0/,Karol Łanocha,https://www.inaturalist.org/observations/182929503,https://static.inaturalist.org/sounds/810982.m4a?1694517846,,Roeseliana_roeselii,Train,,0.380545,data\raw\species40\Train\Roeseliana_roeselii_IN182929503_810982.mp3
Oecanthus_pellucens_IN129012511_512200.wav,Oecanthus_pellucens,Orthoptera,http://creativecommons.org/licenses/by/4.0/,Paolo Zucca,https://www.inaturalist.org/observations/129012511,https://static.inaturalist.org/sounds/512200.wav?1659376927,,Oecanthus_pellucens,Train,,0.636317,data\raw\species40\Train\Oecanthus_pellucens_IN129012511_512200.wav
Cystosoma_saundersii_IN16545906_25834.mp3,Cystosoma_saundersii,Cicadidae,http://creativecommons.org/licenses/by-nc/4.0/,Joel Poyitt,https://www.inaturalist.org/observations/16545906,https://static.inaturalist.org/sounds/25834.m4a?1537002050,,Cystosoma_saundersii,Train,,0.124523,data\raw\species40\Train\Cystosoma_saundersii_IN16545906_25834.mp3
Tettigonia_viridissima_IN157581116_664150.mp3,Tettigonia_viridissima,Orthoptera,http://creativecommons.org/licenses/by-nc/4.0/,mobbini,https://www.inaturalist.org/observations/157581116,https://static.inaturalist.org/sounds/664150.mp3?1682776654,,Tettigonia_viridissima,Train,,0.071507,data\raw\species40\Train\Tettigonia_viridissima_IN157581116_664150.mp3
Tettigonia_viridissima_XC851903.wav,Tettigonia_viridissima,Orthoptera,//creativecommons.org/licenses/by-sa/4.0/,Baudewijn Odé,https://xeno-canto.org/851903,https://xeno-canto.org/851903/download,,Tettigonia_viridissima,Train,29.4,1.449897,data\raw\species40\Train\Tettigonia_viridissima_XC851903.wav
Tettigonia_viridissima_IN171786887_763414.mp3,Tettigonia_viridissima,Orthoptera,http://creativecommons.org/licenses/by-nc/4.0/,sneffels,https://www.inaturalist.org/observations/171786887,https://static.inaturalist.org/sounds/763414.m4a?1688838710,,Tettigonia_viridissima,Train,,0.225123,data\raw\species40\Train\Tettigonia_viridissima_IN171786887_763414.mp3
Galanga_labeculata_IN145778389_580758.mp3,Galanga_labeculata,Cicadidae,http://creativecommons.org/licenses/by-nc/4.0/,bpscicada,https://www.inaturalist.org/observations/145778389,https://static.inaturalist.org/sounds/580758.mp3?1672779705,,Galanga_labeculata,Train,,0.261222,data\raw\species40\Train\Galanga_labeculata_IN145778389_580758.mp3
Psaltoda_plaga_IN70297445_167414.wav,Psaltoda_plaga,Cicadidae,http://creativecommons.org/licenses/by-nc/4.0/,Christie,https://www.inaturalist.org/observations/70297445,https://static.inaturalist.org/sounds/167414.wav?1614495344,,Psaltoda_plaga,Train,,0.502334,data\raw\species40\Train\Psaltoda_plaga_IN70297445_167414.wav
Cystosoma_saundersii_IN188493136_834999.mp3,Cystosoma_saundersii,Cicadidae,http://creativecommons.org/licenses/by-nc/4.0/,Joel Poyitt,https://www.inaturalist.org/observations/188493136,https://static.inaturalist.org/sounds/834999.m4a?1697964887,,Cystosoma_saundersii,Train,,0.152326,data\raw\species40\Train\Cystosoma_saundersii_IN188493136_834999.mp3
Magicicada_cassini_IN48565558_102712.wav,Magicicada_cassini,Cicadidae,http://creativecommons.org/licenses/by-nc/4.0/,George Keller,https://www.inaturalist.org/observations/48565558,https://static.inaturalist.org/sounds/102712.wav?1591382626,,Magicicada_cassini,Train,,1.362597,data\raw\species40\Train\Magicicada_cassini_IN48565558_102712.wav
Galanga_labeculata_IN9767512_17657.mp3,Galanga_labeculata,Cicadidae,http://creativecommons.org/licenses/by-nc/4.0/,Joel Poyitt,https://www.inaturalist.org/observations/9767512,https://static.inaturalist.org/sounds/17657.m4a?1518053006,,Galanga_labeculata,Train,,0.080834,data\raw\species40\Train\Galanga_labeculata_IN9767512_17657.mp3
Neotibicen_tibicen_IN92350791_296003.mp3,Neotibicen_tibicen,Cicadidae,http://creativecommons.org/licenses/by-nc/4.0/,chestnutsidedwarbler,https://www.inaturalist.org/observations/92350791,https://static.inaturalist.org/sounds/296003.m4a?1629809150,,Neotibicen_tibicen,Train,,0.688632,data\raw\species40\Train\Neotibicen_tibicen_IN92350791_296003.mp3
Aleeta_curvicosta_IN149089057_600034.mp3,Aleeta_curvicosta,Cicadidae,http://creativecommons.org/licenses/by-nc/4.0/,Colin Trainor,https://www.inaturalist.org/observations/149089057,https://static.inaturalist.org/sounds/600034.m4a?1676767327,,Aleeta_curvicosta,Train,,0.579474,data\raw\species40\Train\Aleeta_curvicosta_IN149089057_600034.mp3
Neotibicen_pruinosus_IN132213016_526245.mp3,Neotibicen_pruinosus,Cicadidae,http://creativecommons.org/licenses/by-nc/4.0/,jwitter13,https://www.inaturalist.org/observations/132213016,https://static.inaturalist.org/sounds/526245.m4a?1661386993,,Neotibicen_pruinosus,Train,,0.431931,data\raw\species40\Train\Neotibicen_pruinosus_IN132213016_526245.mp3
Neotibicen_tibicen_IN58859166_134984.wav,Neotibicen_tibicen,Cicadidae,http://creativecommons.org/licenses/by-nc/4.0/,Brian Wulker,https://www.inaturalist.org/observations/58859166,https://static.inaturalist.org/sounds/134984.wav?1599500406,,Neotibicen_tibicen,Train,,2.077586,data\raw\species40\Train\Neotibicen_tibicen_IN58859166_134984.wav
Chorthippus_biguttulus_IN182982410_811224.mp3,Chorthippus_biguttulus,Orthoptera,http://creativecommons.org/licenses/by/4.0/,E. A.,https://www.inaturalist.org/observations/182982410,https://static.inaturalist.org/sounds/811224.m4a?1694545767,,Chorthippus_biguttulus,Train,,0.253608,data\raw\species40\Train\Chorthippus_biguttulus_IN182982410_811224.mp3
Chorthippus_brunneus_IN197616148_884245.mp3,Chorthippus_brunneus,Orthoptera,http://creativecommons.org/licenses/by-nc/4.0/,mobbini,https://www.inaturalist.org/observations/197616148,https://static.inaturalist.org/sounds/884245.mp3?1706285356,,Chorthippus_brunneus,Train,,0.086672,data\raw\species40\Train\Chorthippus_brunneus_IN197616148_884245.mp3
Pholidoptera_griseoaptera_IN200926371_912703.mp3,Pholidoptera_griseoaptera,Orthoptera,http://creativecommons.org/licenses/by-nc/4.0/,mobbini,https://www.inaturalist.org/observations/200926371,https://static.inaturalist.org/sounds/912703.mp3?1709317181,,Pholidoptera_griseoaptera,Train,,0.045091,data\raw\species40\Train\Pholidoptera_griseoaptera_IN200926371_912703.mp3
Cyclochila_australasiae_IN195354690_868284.wav,Cyclochila_australasiae,Cicadidae,http://creativecommons.org/licenses/by-nc/4.0/,Christie,https://www.inaturalist.org/observations/195354690,https://static.inaturalist.org/sounds/868284.wav?1704019440,,Cyclochila_australasiae,Train,,0.582989,data\raw\species40\Train\Cyclochila_australasiae_IN195354690_868284.wav
Henicopsaltria_eydouxii_IN37050887_53613.mp3,Henicopsaltria_eydouxii,Cicadidae,http://creativecommons.org/licenses/by-nc/4.0/,Joel Poyitt,https://www.inaturalist.org/observations/37050887,https://static.inaturalist.org/sounds/53613.m4a?1577587190,,Henicopsaltria_eydouxii,Train,,0.103529,data\raw\species40\Train\Henicopsaltria_eydouxii_IN37050887_53613.mp3
Chorthippus_brunneus_IN173044185_769721.wav,Chorthippus_brunneus,Orthoptera,http://creativecommons.org/licenses/by/4.0/,Daniel Linzbauer,https://www.inaturalist.org/observations/173044185,https://static.inaturalist.org/sounds/769721.wav?1689439755,,Chorthippus_brunneus,Train,,0.635724,data\raw\species40\Train\Chorthippus_brunneus_IN173044185_769721.wav
Eumodicogryllus_bordigalensis_IN172904517_769026.mp3,Eumodicogryllus_bordigalensis,Orthoptera,http://creativecommons.org/licenses/by-nc/4.0/,Sylvain Eichhorn,https://www.inaturalist.org/observations/172904517,https://static.inaturalist.org/sounds/769026.m4a?1689367603,,Eumodicogryllus_bordigalensis,Train,,0.401072,data\raw\species40\Train\Eumodicogryllus_bordigalensis_IN172904517_769026.mp3
Pholidoptera_griseoaptera_IN140919090_558324.mp3,Pholidoptera_griseoaptera,Orthoptera,http://creativecommons.org/licenses/by-nc/4.0/,gernotkunz,https://www.inaturalist.org/observations/140919090,https://static.inaturalist.org/sounds/558324.m4a?1667427145,,Pholidoptera_griseoaptera,Train,,0.871508,data\raw\species40\Train\Pholidoptera_griseoaptera_IN140919090_558324.mp3
Yoyetta_repetens_IN19834845_30476.wav,Yoyetta_repetens,Cicadidae,http://creativecommons.org/licenses/by-nc/4.0/,Christie,https://www.inaturalist.org/observations/19834845,https://static.inaturalist.org/sounds/30476.wav?1548298536,,Yoyetta_repetens,Train,,0.398295,data\raw\species40\Train\Yoyetta_repetens_IN19834845_30476.wav
Neotibicen_canicularis_IN34996474_49405.mp3,Neotibicen_canicularis,Cicadidae,http://creativecommons.org/licenses/by-nc/4.0/,Sydney,https://www.inaturalist.org/observations/34996474,https://static.inaturalist.org/sounds/49405.mp3?1572235639,,Neotibicen_canicularis,Train,,0.035528,data\raw\species40\Train\Neotibicen_canicularis_IN34996474_49405.mp3
Tettigonia_viridissima_IN173826389_773282.wav,Tettigonia_viridissima,Orthoptera,http://creativecommons.org/licenses/by-nc/4.0/,maximion,https://www.inaturalist.org/observations/173826389,https://static.inaturalist.org/sounds/773282.wav?1689798094,,Tettigonia_viridissima,Train,,0.109278,data\raw\species40\Train\Tettigonia_viridissima_IN173826389_773282.wav
Pholidoptera_griseoaptera_IN134891462_535272.mp3,Pholidoptera_griseoaptera,Orthoptera,http://creativecommons.org/licenses/by-nc/4.0/,mobbini,https://www.inaturalist.org/observations/134891462,https://static.inaturalist.org/sounds/535272.mp3?1663093135,,Pholidoptera_griseoaptera,Train,,0.056548,data\raw\species40\Train\Pholidoptera_griseoaptera_IN134891462_535272.mp3
Atrapsalta_corticina_IN96773739_311571.mp3,Atrapsalta_corticina,Cicadidae,http://creativecommons.org/licenses/by-nc/4.0/,Ben McBurney,https://www.inaturalist.org/observations/96773739,https://static.inaturalist.org/sounds/311571.mp3?1633089456,,Atrapsalta_corticina,Train,,0.127039,data\raw\species40\Train\Atrapsalta_corticina_IN96773739_311571.mp3
Gryllus_campestris_IN162179108_701270.wav,Gryllus_campestris,Orthoptera,http://creativecommons.org/licenses/by-nc/4.0/,maximion,https://www.inaturalist.org/observations/162179108,https://static.inaturalist.org/sounds/701270.wav?1684349997,,Gryllus_campestris,Train,,0.443461,data\raw\species40\Train\Gryllus_campestris_IN162179108_701270.wav
Popplepsalta_notialis_IN18510558_27463.mp3,Popplepsalta_notialis,Cicadidae,http://creativecommons.org/licenses/by-nc/4.0/,Joel Poyitt,https://www.inaturalist.org/observations/18510558,https://static.inaturalist.org/sounds/27463.m4a?1648746555,,Popplepsalta_notialis,Train,,0.290864,data\raw\species40\Train\Popplepsalta_notialis_IN18510558_27463.mp3
Cystosoma_saundersii_IN18821110_27972.mp3,Cystosoma_saundersii,Cicadidae,http://creativecommons.org/licenses/by-nc/4.0/,Joel Poyitt,https://www.inaturalist.org/observations/18821110,https://static.inaturalist.org/sounds/27972.m4a?1648747485,,Cystosoma_saundersii,Train,,0.083107,data\raw\species40\Train\Cystosoma_saundersii_IN18821110_27972.mp3
Yoyetta_repetens_IN36744532_52994.wav,Yoyetta_repetens,Cicadidae,http://creativecommons.org/licenses/by-nc/4.0/,Christie,https://www.inaturalist.org/observations/36744532,https://static.inaturalist.org/sounds/52994.wav?1576658462,,Yoyetta_repetens,Train,,0.672162,data\raw\species40\Train\Yoyetta_repetens_IN36744532_52994.wav
Gryllus_campestris_IN121210535_467751.mp3,Gryllus_campestris,Orthoptera,http://creativecommons.org/licenses/by-nc/4.0/,mobbini,https://www.inaturalist.org/observations/121210535,https://static.inaturalist.org/sounds/467751.mp3?1654940906,,Gryllus_campestris,Train,,0.05699,data\raw\species40\Train\Gryllus_campestris_IN121210535_467751.mp3
Magicicada_cassini_IN81600577_244563.wav,Magicicada_cassini,Cicadidae,http://creativecommons.org/licenses/by-nc/4.0/,gittelis,https://www.inaturalist.org/observations/81600577,https://static.inaturalist.org/sounds/244563.wav?1622833166,,Magicicada_cassini,Train,,2.200642,data\raw\species40\Train\Magicicada_cassini_IN81600577_244563.wav
Psaltoda_plaga_IN150466095_610233.mp3,Psaltoda_plaga,Cicadidae,http://creativecommons.org/licenses/by-nc/4.0/,penguingough,https://www.inaturalist.org/observations/150466095,https://static.inaturalist.org/sounds/610233.m4a?1678161749,,Psaltoda_plaga,Train,,0.152271,data\raw\species40\Train\Psaltoda_plaga_IN150466095_610233.mp3
Popplepsalta_notialis_IN34819783_49154.wav,Popplepsalta_notialis,Cicadidae,http://creativecommons.org/licenses/by-nc/4.0/,Nathan Emery,https://www.inaturalist.org/observations/34819783,https://static.inaturalist.org/sounds/49154.wav?1571905320,,Popplepsalta_notialis,Train,,0.711622,data\raw\species40\Train\Popplepsalta_notialis_IN34819783_49154.wav
Galanga_labeculata_IN65682655_150986.wav,Galanga_labeculata,Cicadidae,http://creativecommons.org/licenses/by-nc/4.0/,Christie,https://www.inaturalist.org/observations/65682655,https://static.inaturalist.org/sounds/150986.wav?1606462249,,Galanga_labeculata,Train,,0.378019,data\raw\species40\Train\Galanga_labeculata_IN65682655_150986.wav
Neotibicen_pruinosus_IN219017915_1066529.mp3,Neotibicen_pruinosus,Cicadidae,http://creativecommons.org/licenses/by-nc/4.0/,jujucal,https://www.inaturalist.org/observations/219017915,https://static.inaturalist.org/sounds/1066529.m4a?1716944232,,Neotibicen_pruinosus,Train,,0.358488,data\raw\species40\Train\Neotibicen_pruinosus_IN219017915_1066529.mp3
Tettigonia_viridissima_IN135364916_537020.mp3,Tettigonia_viridissima,Orthoptera,http://creativecommons.org/licenses/by-nc/4.0/,Sebastian Ćato,https://www.inaturalist.org/observations/135364916,https://static.inaturalist.org/sounds/537020.mp3?1663418425,,Tettigonia_viridissima,Train,,0.045433,data\raw\species40\Train\Tettigonia_viridissima_IN135364916_537020.mp3
Microcentrum_rhombifolium_IN92606977_297393.mp3,Microcentrum_rhombifolium,Orthoptera,http://creativecommons.org/licenses/by-nc/4.0/,dbeadle,https://www.inaturalist.org/observations/92606977,https://static.inaturalist.org/sounds/297393.mp3?1630010246,,Microcentrum_rhombifolium,Train,,0.081421,data\raw\species40\Train\Microcentrum_rhombifolium_IN92606977_297393.mp3
Neotibicen_canicularis_IN128342244_509230.mp3,Neotibicen_canicularis,Cicadidae,http://creativecommons.org/licenses/by-nc/4.0/,afournier,https://www.inaturalist.org/observations/128342244,https://static.inaturalist.org/sounds/509230.m4a?1659035133,,Neotibicen_canicularis,Train,,0.119025,data\raw\species40\Train\Neotibicen_canicularis_IN128342244_509230.mp3
Neotibicen_pruinosus_IN96957789_312179.mp3,Neotibicen_pruinosus,Cicadidae,http://creativecommons.org/licenses/by-nc/4.0/,Nicholas Cowey,https://www.inaturalist.org/observations/96957789,https://static.inaturalist.org/sounds/312179.mp3?1633217191,,Neotibicen_pruinosus,Train,,0.149913,data\raw\species40\Train\Neotibicen_pruinosus_IN96957789_312179.mp3
Eumodicogryllus_bordigalensis_XC821861.mp3,Eumodicogryllus_bordigalensis,Orthoptera,//creativecommons.org/licenses/by-nc-sa/4.0/,Gautier Laurent,https://xeno-canto.org/821861,https://xeno-canto.org/821861/download,,Eumodicogryllus_bordigalensis,Train,,0.760689,data\raw\species40\Train\Eumodicogryllus_bordigalensis_XC821861.mp3
Oecanthus_pellucens_IN128860875_511577.mp3,Oecanthus_pellucens,Orthoptera,http://creativecommons.org/licenses/by-nc/4.0/,Luca Facchino,https://www.inaturalist.org/observations/128860875,https://static.inaturalist.org/sounds/511577.m4a?1659298720,,Oecanthus_pellucens,Train,,0.648948,data\raw\species40\Train\Oecanthus_pellucens_IN128860875_511577.mp3
Psaltoda_plaga_IN9167989_17164.wav,Psaltoda_plaga,Cicadidae,http://creativecommons.org/licenses/by-nc/4.0/,Nathan Emery,https://www.inaturalist.org/observations/9167989,https://static.inaturalist.org/sounds/17164.wav?1515983850,,Psaltoda_plaga,Train,,0.511615,data\raw\species40\Train\Psaltoda_plaga_IN9167989_17164.wav
Magicicada_cassini_IN81224331_241886.wav,Magicicada_cassini,Cicadidae,http://creativecommons.org/licenses/by/4.0/,John Abrams,https://www.inaturalist.org/observations/81224331,https://static.inaturalist.org/sounds/241886.wav?1622580522,,Magicicada_cassini,Train,,1.122234,data\raw\species40\Train\Magicicada_cassini_IN81224331_241886.wav
Neotibicen_canicularis_IN93379678_300585.mp3,Neotibicen_canicularis,Cicadidae,http://creativecommons.org/licenses/by-nc/4.0/,iamthemagpie,https://www.inaturalist.org/observations/93379678,https://static.inaturalist.org/sounds/300585.m4a?1630602207,,Neotibicen_canicularis,Train,,0.410499,data\raw\species40\Train\Neotibicen_canicularis_IN93379678_300585.mp3
Neotibicen_robinsonianus_IN231708729_1143387.mp3,Neotibicen_robinsonianus,Cicadidae,http://creativecommons.org/licenses/by/4.0/,Chris Angell,https://www.inaturalist.org/observations/231708729,https://static.inaturalist.org/sounds/1143387.m4a?1721944776,,Neotibicen_robinsonianus,Train,,0.089291,data\raw\species40\Train\Neotibicen_robinsonianus_IN231708729_1143387.mp3
Galanga_labeculata_IN34820049_49159.wav,Galanga_labeculata,Cicadidae,http://creativecommons.org/licenses/by-nc/4.0/,Nathan Emery,https://www.inaturalist.org/observations/34820049,https://static.inaturalist.org/sounds/49159.wav?1571906289,,Galanga_labeculata,Train,,0.467936,data\raw\species40\Train\Galanga_labeculata_IN34820049_49159.wav
Tettigonia_viridissima_IN231796621_1143760.mp3,Tettigonia_viridissima,Orthoptera,http://creativecommons.org/licenses/by-nc/4.0/,Nelson Conceição,https://www.inaturalist.org/observations/231796621,https://static.inaturalist.org/sounds/1143760.mp3?1721992553,,Tettigonia_viridissima,Train,,0.514958,data\raw\species40\Train\Tettigonia_viridissima_IN231796621_1143760.mp3
Cicada_barbara_IN90551398_289561.mp3,Cicada_barbara,Cicadidae,http://creativecommons.org/licenses/by-nc/4.0/,Albert Ros,https://www.inaturalist.org/observations/90551398,https://static.inaturalist.org/sounds/289561.mp3?1628526470,,Cicada_barbara,Train,,0.541271,data\raw\species40\Train\Cicada_barbara_IN90551398_289561.mp3
Neotibicen_tibicen_IN64158374_146813.mp3,Neotibicen_tibicen,Cicadidae,http://creativecommons.org/licenses/by/4.0/,Erik Erbes,https://www.inaturalist.org/observations/64158374,https://static.inaturalist.org/sounds/146813.mp3?1604467042,,Neotibicen_tibicen,Train,,0.123428,data\raw\species40\Train\Neotibicen_tibicen_IN64158374_146813.mp3
Neotibicen_tibicen_IN55326880_127386.mp3,Neotibicen_tibicen,Cicadidae,http://creativecommons.org/licenses/by-nc/4.0/,hb2000,https://www.inaturalist.org/observations/55326880,https://static.inaturalist.org/sounds/127386.mp3?1596492008,,Neotibicen_tibicen,Train,,0.07463,data\raw\species40\Train\Neotibicen_tibicen_IN55326880_127386.mp3
Atrapsalta_corticina_IN141765196_562389.mp3,Atrapsalta_corticina,Cicadidae,http://creativecommons.org/licenses/by/4.0/,Thomas Mesaglio,https://www.inaturalist.org/observations/141765196,https://static.inaturalist.org/sounds/562389.m4a?1668240646,,Atrapsalta_corticina,Train,,0.168966,data\raw\species40\Train\Atrapsalta_corticina_IN141765196_562389.mp3
Magicicada_septendecim_IN82229620_248722.mp3,Magicicada_septendecim,Cicadidae,http://creativecommons.org/licenses/by-nc/4.0/,Roshan Vignarajah,https://www.inaturalist.org/observations/82229620,https://static.inaturalist.org/sounds/248722.m4a?1623198129,,Magicicada_septendecim,Train,,0.093097,data\raw\species40\Train\Magicicada_septendecim_IN82229620_248722.mp3
Microcentrum_rhombifolium_IN69339334_163384.mp3,Microcentrum_rhombifolium,Orthoptera,http://creativecommons.org/licenses/by-nc/4.0/,Larry Chen,https://www.inaturalist.org/observations/69339334,https://static.inaturalist.org/sounds/163384.m4a?1612932073,,Microcentrum_rhombifolium,Train,,0.157981,data\raw\species40\Train\Microcentrum_rhombifolium_IN69339334_163384.mp3
Aleeta_curvicosta_IN38688498_57870.wav,Aleeta_curvicosta,Cicadidae,http://creativecommons.org/licenses/by-nc/4.0/,bpscicada,https://www.inaturalist.org/observations/38688498,https://static.inaturalist.org/sounds/57870.wav?1581810236,,Aleeta_curvicosta,Train,,1.105224,data\raw\species40\Train\Aleeta_curvicosta_IN38688498_57870.wav
Tettigonia_cantans_IN182500277_809302.mp3,Tettigonia_cantans,Orthoptera,http://creativecommons.org/publicdomain/zero/1.0/,Jeremy Barker,https://www.inaturalist.org/observations/182500277,https://static.inaturalist.org/sounds/809302.m4a?1694281114,,Tettigonia_cantans,Train,,0.294551,data\raw\species40\Train\Tettigonia_cantans_IN182500277_809302.mp3
Yoyetta_repetens_IN37701649_55138.wav,Yoyetta_repetens,Cicadidae,http://creativecommons.org/licenses/by-nc/4.0/,bpscicada,https://www.inaturalist.org/observations/37701649,https://static.inaturalist.org/sounds/55138.wav?1579327288,,Yoyetta_repetens,Train,,0.268492,data\raw\species40\Train\Yoyetta_repetens_IN37701649_55138.wav
Aleeta_curvicosta_IN67285643_155925.mp3,Aleeta_curvicosta,Cicadidae,http://creativecommons.org/licenses/by/4.0/,Tim,https://www.inaturalist.org/observations/67285643,https://static.inaturalist.org/sounds/155925.mp3?1609298011,,Aleeta_curvicosta,Train,,0.03374,data\raw\species40\Train\Aleeta_curvicosta_IN67285643_155925.mp3
Conocephalus_fuscus_XC866549.wav,Conocephalus_fuscus,Orthoptera,//creativecommons.org/licenses/by-sa/4.0/,K.-G. Heller,https://xeno-canto.org/866549,https://xeno-canto.org/866549/download,,Conocephalus_fuscus,Train,25.0,0.375,data\raw\species40\Train\Conocephalus_fuscus_XC866549.wav
Tettigettalna_argentata_IN51260014_113785.mp3,Tettigettalna_argentata,Cicadidae,http://creativecommons.org/licenses/by-nc/4.0/,fernando_borracha,https://www.inaturalist.org/observations/51260014,https://static.inaturalist.org/sounds/113785.mp3?1593368671,,Tettigettalna_argentata,Train,,0.240515,data\raw\species40\Train\Tettigettalna_argentata_IN51260014_113785.mp3
Neotibicen_pruinosus_IN61605299_140372.wav,Neotibicen_pruinosus,Cicadidae,http://creativecommons.org/licenses/by-nc/4.0/,Jessica J,https://www.inaturalist.org/observations/61605299,https://static.inaturalist.org/sounds/140372.wav?1601758032,,Neotibicen_pruinosus,Train,,1.19803,data\raw\species40\Train\Neotibicen_pruinosus_IN61605299_140372.wav
Tettigonia_viridissima_IN183389412_812990.mp3,Tettigonia_viridissima,Orthoptera,http://creativecommons.org/licenses/by-nc/4.0/,fi0na97,https://www.inaturalist.org/observations/183389412,https://static.inaturalist.org/sounds/812990.m4a?1694801537,,Tettigonia_viridissima,Train,,0.364346,data\raw\species40\Train\Tettigonia_viridissima_IN183389412_812990.mp3
Gryllus_pennsylvanicus_IN59939518_136812.wav,Gryllus_pennsylvanicus,Orthoptera,http://creativecommons.org/licenses/by-nc/4.0/,Mike REVI Boyd,https://www.inaturalist.org/observations/59939518,https://static.inaturalist.org/sounds/136812.wav?1600410659,,Gryllus_pennsylvanicus,Train,,0.920725,data\raw\species40\Train\Gryllus_pennsylvanicus_IN59939518_136812.wav
Neotibicen_pruinosus_IN229815001_1134458.mp3,Neotibicen_pruinosus,Cicadidae,http://creativecommons.org/licenses/by-nc/4.0/,Camille Born,https://www.inaturalist.org/observations/229815001,https://static.inaturalist.org/sounds/1134458.m4a?1721178965,,Neotibicen_pruinosus,Train,,0.139289,data\raw\species40\Train\Neotibicen_pruinosus_IN229815001_1134458.mp3
Oecanthus_pellucens_XC927573.mp3,Oecanthus_pellucens,Orthoptera,//creativecommons.org/licenses/by-nc-sa/4.0/,brickegickel,https://xeno-canto.org/927573,https://xeno-canto.org/927573/download,"Tettigonia viridissima, Pteronemobius heydenii",Oecanthus_pellucens,Train,,0.665807,data\raw\species40\Train\Oecanthus_pellucens_XC927573.mp3
Cicada_barbara_IN125298153_494132.mp3,Cicada_barbara,Cicadidae,http://creativecommons.org/licenses/by-nc/4.0/,Sergio Chozas,https://www.inaturalist.org/observations/125298153,https://static.inaturalist.org/sounds/494132.m4a?1657286615,,Cicada_barbara,Train,,0.131432,data\raw\species40\Train\Cicada_barbara_IN125298153_494132.mp3
Eumodicogryllus_bordigalensis_XC846257.wav,Eumodicogryllus_bordigalensis,Orthoptera,//creativecommons.org/licenses/by-sa/4.0/,Baudewijn Odé,https://xeno-canto.org/846257,https://xeno-canto.org/846257/download,,Eumodicogryllus_bordigalensis,Train,,2.880782,data\raw\species40\Train\Eumodicogryllus_bordigalensis_XC846257.wav
Neotibicen_tibicen_IN84754402_263475.mp3,Neotibicen_tibicen,Cicadidae,http://creativecommons.org/licenses/by-nc-sa/4.0/,Lee Elliott,https://www.inaturalist.org/observations/84754402,https://static.inaturalist.org/sounds/263475.mp3?1624824369,,Neotibicen_tibicen,Train,,0.469768,data\raw\species40\Train\Neotibicen_tibicen_IN84754402_263475.mp3
Microcentrum_rhombifolium_IN56067987_129222.wav,Microcentrum_rhombifolium,Orthoptera,http://creativecommons.org/licenses/by-nc/4.0/,David Jeffrey Ringer,https://www.inaturalist.org/observations/56067987,https://static.inaturalist.org/sounds/129222.wav?1597094933,,Microcentrum_rhombifolium,Train,,1.640521,data\raw\species40\Train\Microcentrum_rhombifolium_IN56067987_129222.wav
Pholidoptera_griseoaptera_IN182834190_810548.mp3,Pholidoptera_griseoaptera,Orthoptera,http://creativecommons.org/licenses/by-nc/4.0/,Karol Łanocha,https://www.inaturalist.org/observations/182834190,https://static.inaturalist.org/sounds/810548.m4a?1694454127,,Pholidoptera_griseoaptera,Train,,0.429544,data\raw\species40\Train\Pholidoptera_griseoaptera_IN182834190_810548.mp3
Neotibicen_tibicen_IN164668683_719234.mp3,Neotibicen_tibicen,Cicadidae,http://creativecommons.org/licenses/by-nc/4.0/,Shannon @DirtNKids,https://www.inaturalist.org/observations/164668683,https://static.inaturalist.org/sounds/719234.m4a?1685469640,,Neotibicen_tibicen,Train,,0.166242,data\raw\species40\Train\Neotibicen_tibicen_IN164668683_719234.mp3
Gryllotalpa_gryllotalpa_IN212907250_1012509.mp3,Gryllotalpa_gryllotalpa,Orthoptera,http://creativecommons.org/licenses/by-nc/4.0/,Miriam Öttl,https://www.inaturalist.org/observations/212907250,https://static.inaturalist.org/sounds/1012509.m4a?1714664227,,Gryllotalpa_gryllotalpa,Train,,0.263128,data\raw\species40\Train\Gryllotalpa_gryllotalpa_IN212907250_1012509.mp3
Pseudochorthippus_parallelus_XC752284.wav,Pseudochorthippus_parallelus,Orthoptera,//creativecommons.org/licenses/by-sa/4.0/,Baudewijn Odé,https://xeno-canto.org/752284,https://xeno-canto.org/752284/download,,Pseudochorthippus_parallelus,Train,,2.575764,data\raw\species40\Train\Pseudochorthippus_parallelus_XC752284.wav
Aleeta_curvicosta_IN38077757_56062.wav,Aleeta_curvicosta,Cicadidae,http://creativecommons.org/licenses/by-nc/4.0/,Christie,https://www.inaturalist.org/observations/38077757,https://static.inaturalist.org/sounds/56062.wav?1580265702,,Aleeta_curvicosta,Train,,0.878584,data\raw\species40\Train\Aleeta_curvicosta_IN38077757_56062.wav
Galanga_labeculata_IN98267096_316580.mp3,Galanga_labeculata,Cicadidae,http://creativecommons.org/licenses/by-nc/4.0/,Ben McBurney,https://www.inaturalist.org/observations/98267096,https://static.inaturalist.org/sounds/316580.mp3?1634293775,,Galanga_labeculata,Train,,0.078004,data\raw\species40\Train\Galanga_labeculata_IN98267096_316580.mp3
Magicicada_cassini_IN70695895_169564.wav,Magicicada_cassini,Cicadidae,http://creativecommons.org/licenses/by-nc/4.0/,Linda Gilbert,https://www.inaturalist.org/observations/70695895,https://static.inaturalist.org/sounds/169564.wav?1615070413,,Magicicada_cassini,Train,,0.722427,data\raw\species40\Train\Magicicada_cassini_IN70695895_169564.wav
Gryllus_bimaculatus_IN87299908_275790.mp3,Gryllus_bimaculatus,Orthoptera,http://creativecommons.org/licenses/by-nc/4.0/,zighost,https://www.inaturalist.org/observations/87299908,https://static.inaturalist.org/sounds/275790.m4a?1626460207,,Gryllus_bimaculatus,Train,,1.104129,data\raw\species40\Train\Gryllus_bimaculatus_IN87299908_275790.mp3
Neotibicen_canicularis_IN173471244_771720.mp3,Neotibicen_canicularis,Cicadidae,http://creativecommons.org/licenses/by-nc/4.0/,Nicholas Sly,https://www.inaturalist.org/observations/173471244,https://static.inaturalist.org/sounds/771720.m4a?1689623309,,Neotibicen_canicularis,Train,,0.205574,data\raw\species40\Train\Neotibicen_canicularis_IN173471244_771720.mp3
Galanga_labeculata_IN61538948_140257.wav,Galanga_labeculata,Cicadidae,http://creativecommons.org/licenses/by-nc/4.0/,Christie,https://www.inaturalist.org/observations/61538948,https://static.inaturalist.org/sounds/140257.wav?1601699089,,Galanga_labeculata,Train,,0.707052,data\raw\species40\Train\Galanga_labeculata_IN61538948_140257.wav
Eumodicogryllus_bordigalensis_IN163705660_712181.wav,Eumodicogryllus_bordigalensis,Orthoptera,http://creativecommons.org/licenses/by-nc/4.0/,Benjamin Schmid,https://www.inaturalist.org/observations/163705660,https://static.inaturalist.org/sounds/712181.wav?1685046890,,Eumodicogryllus_bordigalensis,Train,,0.53179,data\raw\species40\Train\Eumodicogryllus_bordigalensis_IN163705660_712181.wav
Cyclochila_australasiae_IN36429971_52035.mp3,Cyclochila_australasiae,Cicadidae,http://creativecommons.org/licenses/by-nc/4.0/,Joel Poyitt,https://www.inaturalist.org/observations/36429971,https://static.inaturalist.org/sounds/52035.m4a?1575713202,,Cyclochila_australasiae,Train,,0.28786,data\raw\species40\Train\Cyclochila_australasiae_IN36429971_52035.mp3
Neotibicen_robinsonianus_IN54194165_124177.mp3,Neotibicen_robinsonianus,Cicadidae,http://creativecommons.org/licenses/by-nc/4.0/,Rob Van Epps,https://www.inaturalist.org/observations/54194165,https://static.inaturalist.org/sounds/124177.mp3?1595621023,,Neotibicen_robinsonianus,Train,,0.048014,data\raw\species40\Train\Neotibicen_robinsonianus_IN54194165_124177.mp3
Meimuna_opalifera_IN130303138_518193.mp3,Meimuna_opalifera,Cicadidae,http://creativecommons.org/licenses/by-nc/4.0/,grey_wagtail,https://www.inaturalist.org/observations/130303138,https://static.inaturalist.org/sounds/518193.m4a?1660170411,,Meimuna_opalifera,Train,,0.196623,data\raw\species40\Train\Meimuna_opalifera_IN130303138_518193.mp3
Tettigonia_viridissima_IN229752410_1134171.mp3,Tettigonia_viridissima,Orthoptera,http://creativecommons.org/licenses/by-nc/4.0/,Karol Łanocha,https://www.inaturalist.org/observations/229752410,https://static.inaturalist.org/sounds/1134171.m4a?1721155437,,Tettigonia_viridissima,Train,,0.197822,data\raw\species40\Train\Tettigonia_viridissima_IN229752410_1134171.mp3
Galanga_labeculata_IN36267409_51571.wav,Galanga_labeculata,Cicadidae,http://creativecommons.org/licenses/by-nc/4.0/,bpscicada,https://www.inaturalist.org/observations/36267409,https://static.inaturalist.org/sounds/51571.wav?1575235053,,Galanga_labeculata,Train,,1.018451,data\raw\species40\Train\Galanga_labeculata_IN36267409_51571.wav
Pholidoptera_griseoaptera_IN157019662_659014.mp3,Pholidoptera_griseoaptera,Orthoptera,http://creativecommons.org/licenses/by-nc/4.0/,mobbini,https://www.inaturalist.org/observations/157019662,https://static.inaturalist.org/sounds/659014.mp3?1682661442,,Pholidoptera_griseoaptera,Train,,0.098118,data\raw\species40\Train\Pholidoptera_griseoaptera_IN157019662_659014.mp3
Oecanthus_pellucens_IN16093890_25476.mp3,Oecanthus_pellucens,Orthoptera,http://creativecommons.org/licenses/by/4.0/,Roman,https://www.inaturalist.org/observations/16093890,https://static.inaturalist.org/sounds/25476.mp3?1535796911,,Oecanthus_pellucens,Train,,0.169411,data\raw\species40\Train\Oecanthus_pellucens_IN16093890_25476.mp3
Gryllus_pennsylvanicus_IN190348080_842872.wav,Gryllus_pennsylvanicus,Orthoptera,http://creativecommons.org/publicdomain/zero/1.0/,peakaytea,https://www.inaturalist.org/observations/190348080,https://static.inaturalist.org/sounds/842872.wav?1699396000,,Gryllus_pennsylvanicus,Train,,1.132982,data\raw\species40\Train\Gryllus_pennsylvanicus_IN190348080_842872.wav
Conocephalus_fuscus_XC847969.wav,Conocephalus_fuscus,Orthoptera,//creativecommons.org/licenses/by-sa/4.0/,Baudewijn Odé,https://xeno-canto.org/847969,https://xeno-canto.org/847969/download,,Conocephalus_fuscus,Train,,1.324316,data\raw\species40\Train\Conocephalus_fuscus_XC847969.wav
Neotibicen_canicularis_IN58725177_134771.wav,Neotibicen_canicularis,Cicadidae,http://creativecommons.org/licenses/by-nc/4.0/,bgaudubon,https://www.inaturalist.org/observations/58725177,https://static.inaturalist.org/sounds/134771.wav?1599407421,,Neotibicen_canicularis,Train,,0.370703,data\raw\species40\Train\Neotibicen_canicularis_IN58725177_134771.wav
Chorthippus_brunneus_IN177829809_790273.wav,Chorthippus_brunneus,Orthoptera,http://creativecommons.org/licenses/by-nc/4.0/,Maren,https://www.inaturalist.org/observations/177829809,https://static.inaturalist.org/sounds/790273.wav?1691764684,,Chorthippus_brunneus,Train,,0.835523,data\raw\species40\Train\Chorthippus_brunneus_IN177829809_790273.wav
Atrapsalta_corticina_IN36371921_51977.wav,Atrapsalta_corticina,Cicadidae,http://creativecommons.org/licenses/by-nc/4.0/,Christie,https://www.inaturalist.org/observations/36371921,https://static.inaturalist.org/sounds/51977.wav?1575668000,,Atrapsalta_corticina,Train,,0.303548,data\raw\species40\Train\Atrapsalta_corticina_IN36371921_51977.wav
Chorthippus_biguttulus_IN138555183_548751.wav,Chorthippus_biguttulus,Orthoptera,http://creativecommons.org/licenses/by-sa/4.0/,jfgodeau,https://www.inaturalist.org/observations/138555183,https://static.inaturalist.org/sounds/548751.wav?1665614140,,Chorthippus_biguttulus,Train,,0.515443,data\raw\species40\Train\Chorthippus_biguttulus_IN138555183_548751.wav
Chorthippus_brunneus_IN186970531_828279.mp3,Chorthippus_brunneus,Orthoptera,http://creativecommons.org/licenses/by-nc/4.0/,Martin Vukušić,https://www.inaturalist.org/observations/186970531,https://static.inaturalist.org/sounds/828279.m4a?1696928371,,Chorthippus_brunneus,Train,,0.105005,data\raw\species40\Train\Chorthippus_brunneus_IN186970531_828279.mp3
Cicada_barbara_IN128431296_509623.mp3,Cicada_barbara,Cicadidae,http://creativecommons.org/licenses/by-nc/4.0/,Nelson Conceição,https://www.inaturalist.org/observations/128431296,https://static.inaturalist.org/sounds/509623.mp3?1659091562,,Cicada_barbara,Train,,0.503151,data\raw\species40\Train\Cicada_barbara_IN128431296_509623.mp3
Oecanthus_pellucens_IN31430519_46007.wav,Oecanthus_pellucens,Orthoptera,http://creativecommons.org/licenses/by/4.0/,Roman,https://www.inaturalist.org/observations/31430519,https://static.inaturalist.org/sounds/46007.wav?1566680779,,Oecanthus_pellucens,Train,,0.849415,data\raw\species40\Train\Oecanthus_pellucens_IN31430519_46007.wav
Yoyetta_repetens_IN18886442_28249.wav,Yoyetta_repetens,Cicadidae,http://creativecommons.org/licenses/by-nc/4.0/,Nathan Emery,https://www.inaturalist.org/observations/18886442,https://static.inaturalist.org/sounds/28249.wav?1544650031,,Yoyetta_repetens,Train,,0.603443,data\raw\species40\Train\Yoyetta_repetens_IN18886442_28249.wav
Tettigettalna_argentata_IN31694600_46265.mp3,Tettigettalna_argentata,Cicadidae,http://creativecommons.org/licenses/by-nc/4.0/,Daniel Raposo,https://www.inaturalist.org/observations/31694600,https://static.inaturalist.org/sounds/46265.mp3?1567028709,,Tettigettalna_argentata,Train,,0.261013,data\raw\species40\Train\Tettigettalna_argentata_IN31694600_46265.mp3
Cystosoma_saundersii_IN18531169_27528.mp3,Cystosoma_saundersii,Cicadidae,http://creativecommons.org/licenses/by-nc/4.0/,Joel Poyitt,https://www.inaturalist.org/observations/18531169,https://static.inaturalist.org/sounds/27528.m4a?1648746671,,Cystosoma_saundersii,Train,,0.113644,data\raw\species40\Train\Cystosoma_saundersii_IN18531169_27528.mp3
Pholidoptera_griseoaptera_IN185033779_819669.mp3,Pholidoptera_griseoaptera,Orthoptera,http://creativecommons.org/licenses/by/4.0/,E. A.,https://www.inaturalist.org/observations/185033779,https://static.inaturalist.org/sounds/819669.m4a?1695750349,,Pholidoptera_griseoaptera,Train,,0.379316,data\raw\species40\Train\Pholidoptera_griseoaptera_IN185033779_819669.mp3
Popplepsalta_notialis_IN37444389_54484.mp3,Popplepsalta_notialis,Cicadidae,http://creativecommons.org/licenses/by-nc/4.0/,Joel Poyitt,https://www.inaturalist.org/observations/37444389,https://static.inaturalist.org/sounds/54484.m4a?1578622613,,Popplepsalta_notialis,Train,,0.181904,data\raw\species40\Train\Popplepsalta_notialis_IN37444389_54484.mp3
Magicicada_cassini_IN82855964_252522.mp3,Magicicada_cassini,Cicadidae,http://creativecommons.org/publicdomain/zero/1.0/,Martin Kalfatovic,https://www.inaturalist.org/observations/82855964,https://static.inaturalist.org/sounds/252522.m4a?1623599699,,Magicicada_cassini,Train,,0.227792,data\raw\species40\Train\Magicicada_cassini_IN82855964_252522.mp3
Neotibicen_robinsonianus_IN132164896_526076.mp3,Neotibicen_robinsonianus,Cicadidae,http://creativecommons.org/licenses/by-nc/4.0/,Kyle Aldinger,https://www.inaturalist.org/observations/132164896,https://static.inaturalist.org/sounds/526076.m4a?1661362074,,Neotibicen_robinsonianus,Train,,0.289517,data\raw\species40\Train\Neotibicen_robinsonianus_IN132164896_526076.mp3
Psaltoda_plaga_IN196971041_878794.mp3,Psaltoda_plaga,Cicadidae,http://creativecommons.org/licenses/by-nc/4.0/,beachcomber657,https://www.inaturalist.org/observations/196971041,https://static.inaturalist.org/sounds/878794.m4a?1705557667,,Psaltoda_plaga,Train,,0.482267,data\raw\species40\Train\Psaltoda_plaga_IN196971041_878794.mp3
Gryllus_pennsylvanicus_IN191057579_845870.mp3,Gryllus_pennsylvanicus,Orthoptera,http://creativecommons.org/licenses/by-nc/4.0/,kairune,https://www.inaturalist.org/observations/191057579,https://static.inaturalist.org/sounds/845870.mp3?1700017660,,Gryllus_pennsylvanicus,Train,,0.085744,data\raw\species40\Train\Gryllus_pennsylvanicus_IN191057579_845870.mp3
Galanga_labeculata_IN68126787_158832.wav,Galanga_labeculata,Cicadidae,http://creativecommons.org/licenses/by-nc/4.0/,Christie,https://www.inaturalist.org/observations/68126787,https://static.inaturalist.org/sounds/158832.wav?1610757901,,Galanga_labeculata,Train,,0.485132,data\raw\species40\Train\Galanga_labeculata_IN68126787_158832.wav
Magicicada_cassini_IN79267434_225242.mp3,Magicicada_cassini,Cicadidae,http://creativecommons.org/licenses/by-nc/4.0/,Nacho Macho321,https://www.inaturalist.org/observations/79267434,https://static.inaturalist.org/sounds/225242.m4a?1621343990,,Magicicada_cassini,Train,,0.146772,data\raw\species40\Train\Magicicada_cassini_IN79267434_225242.mp3
Tettigonia_viridissima_IN126083091_498362.mp3,Tettigonia_viridissima,Orthoptera,http://creativecommons.org/licenses/by-nc/4.0/,Jens Søgaard Hansen,https://www.inaturalist.org/observations/126083091,https://static.inaturalist.org/sounds/498362.m4a?1657729890,,Tettigonia_viridissima,Train,,0.299651,data\raw\species40\Train\Tettigonia_viridissima_IN126083091_498362.mp3
Chorthippus_brunneus_IN100084305_324308.mp3,Chorthippus_brunneus,Orthoptera,http://creativecommons.org/licenses/by-sa/4.0/,jfgodeau,https://www.inaturalist.org/observations/100084305,https://static.inaturalist.org/sounds/324308.mp3?1635875115,,Chorthippus_brunneus,Train,,0.075779,data\raw\species40\Train\Chorthippus_brunneus_IN100084305_324308.mp3
Aleeta_curvicosta_IN145641499_579823.mp3,Aleeta_curvicosta,Cicadidae,http://creativecommons.org/licenses/by-nc/4.0/,Joel Poyitt,https://www.inaturalist.org/observations/145641499,https://static.inaturalist.org/sounds/579823.m4a?1672635476,,Aleeta_curvicosta,Train,,0.203496,data\raw\species40\Train\Aleeta_curvicosta_IN145641499_579823.mp3
Cystosoma_saundersii_IN18052883_27005.mp3,Cystosoma_saundersii,Cicadidae,http://creativecommons.org/licenses/by-nc/4.0/,Joel Poyitt,https://www.inaturalist.org/observations/18052883,https://static.inaturalist.org/sounds/27005.m4a?1648745961,,Cystosoma_saundersii,Train,,0.151474,data\raw\species40\Train\Cystosoma_saundersii_IN18052883_27005.mp3
Pholidoptera_griseoaptera_IN61863332_140966.wav,Pholidoptera_griseoaptera,Orthoptera,http://creativecommons.org/licenses/by-sa/4.0/,Pierrette Nyssen,https://www.inaturalist.org/observations/61863332,https://static.inaturalist.org/sounds/140966.wav?1601995136,,Pholidoptera_griseoaptera,Train,,1.290438,data\raw\species40\Train\Pholidoptera_griseoaptera_IN61863332_140966.wav
Magicicada_cassini_IN221138531_1082195.mp3,Magicicada_cassini,Cicadidae,http://creativecommons.org/licenses/by/4.0/,Tom,https://www.inaturalist.org/observations/221138531,https://static.inaturalist.org/sounds/1082195.m4a?1717782887,,Magicicada_cassini,Train,,0.10667,data\raw\species40\Train\Magicicada_cassini_IN221138531_1082195.mp3
Galanga_labeculata_IN150299491_608870.mp3,Galanga_labeculata,Cicadidae,http://creativecommons.org/licenses/by-nc/4.0/,Ben McBurney,https://www.inaturalist.org/observations/150299491,https://static.inaturalist.org/sounds/608870.mp3?1678018756,,Galanga_labeculata,Train,,0.072033,data\raw\species40\Train\Galanga_labeculata_IN150299491_608870.mp3
Neotibicen_canicularis_IN196002156_872258.wav,Neotibicen_canicularis,Cicadidae,http://creativecommons.org/licenses/by-nc/4.0/,wanderingeden,https://www.inaturalist.org/observations/196002156,https://static.inaturalist.org/sounds/872258.wav?1704611266,,Neotibicen_canicularis,Train,,1.055873,data\raw\species40\Train\Neotibicen_canicularis_IN196002156_872258.wav
Pholidoptera_griseoaptera_XC751874.wav,Pholidoptera_griseoaptera,Orthoptera,//creativecommons.org/licenses/by-sa/4.0/,Baudewijn Odé,https://xeno-canto.org/751874,https://xeno-canto.org/751874/download,,Pholidoptera_griseoaptera,Train,19.0,2.694595,data\raw\species40\Train\Pholidoptera_griseoaptera_XC751874.wav
Chorthippus_brunneus_IN126824064_502164.mp3,Chorthippus_brunneus,Orthoptera,http://creativecommons.org/licenses/by/4.0/,E. A.,https://www.inaturalist.org/observations/126824064,https://static.inaturalist.org/sounds/502164.mp3?1658159073,,Chorthippus_brunneus,Train,,0.09206,data\raw\species40\Train\Chorthippus_brunneus_IN126824064_502164.mp3
Oecanthus_pellucens_IN143599746_904377.mp3,Oecanthus_pellucens,Orthoptera,http://creativecommons.org/licenses/by-nc/4.0/,mathieu_pelissie,https://www.inaturalist.org/observations/143599746,https://static.inaturalist.org/sounds/904377.mp3?1708551662,,Oecanthus_pellucens,Train,,0.130597,data\raw\species40\Train\Oecanthus_pellucens_IN143599746_904377.mp3
Neotibicen_pruinosus_IN104109460_342219.mp3,Neotibicen_pruinosus,Cicadidae,http://creativecommons.org/licenses/by-nc/4.0/,erik_p,https://www.inaturalist.org/observations/104109460,https://static.inaturalist.org/sounds/342219.m4a?1641053973,,Neotibicen_pruinosus,Train,,0.086432,data\raw\species40\Train\Neotibicen_pruinosus_IN104109460_342219.mp3
Tettigonia_cantans_IN124084766_486600.wav,Tettigonia_cantans,Orthoptera,http://creativecommons.org/licenses/by-nc/4.0/,Benjamin Schmid,https://www.inaturalist.org/observations/124084766,https://static.inaturalist.org/sounds/486600.wav?1656582805,,Tettigonia_cantans,Train,,0.420275,data\raw\species40\Train\Tettigonia_cantans_IN124084766_486600.wav
Roeseliana_roeselii_IN87549316_276962.mp3,Roeseliana_roeselii,Orthoptera,http://creativecommons.org/licenses/by-nc/4.0/,naturalistyak23,https://www.inaturalist.org/observations/87549316,https://static.inaturalist.org/sounds/276962.m4a?1626617234,,Roeseliana_roeselii,Train,,0.288028,data\raw\species40\Train\Roeseliana_roeselii_IN87549316_276962.mp3
Atrapsalta_corticina_IN102444831_335180.mp3,Atrapsalta_corticina,Cicadidae,http://creativecommons.org/licenses/by-nc/4.0/,cole_39,https://www.inaturalist.org/observations/102444831,https://static.inaturalist.org/sounds/335180.m4a?1638587593,,Atrapsalta_corticina,Train,,0.429407,data\raw\species40\Train\Atrapsalta_corticina_IN102444831_335180.mp3
Oecanthus_pellucens_IN57282383_132023.mp3,Oecanthus_pellucens,Orthoptera,http://creativecommons.org/licenses/by-nc/4.0/,Octávio Mateus,https://www.inaturalist.org/observations/57282383,https://static.inaturalist.org/sounds/132023.m4a?1598141939,,Oecanthus_pellucens,Train,,0.312985,data\raw\species40\Train\Oecanthus_pellucens_IN57282383_132023.mp3
Neotibicen_robinsonianus_IN94133550_303034.wav,Neotibicen_robinsonianus,Cicadidae,http://creativecommons.org/licenses/by-nc/4.0/,Raymond Little,https://www.inaturalist.org/observations/94133550,https://static.inaturalist.org/sounds/303034.wav?1631126991,,Neotibicen_robinsonianus,Train,,1.328431,data\raw\species40\Train\Neotibicen_robinsonianus_IN94133550_303034.wav
Decticus_albifrons_IN90514930_289418.mp3,Decticus_albifrons,Orthoptera,http://creativecommons.org/licenses/by-nc/4.0/,Daniel Raposo,https://www.inaturalist.org/observations/90514930,https://static.inaturalist.org/sounds/289418.mp3?1628503631,,Decticus_albifrons,Train,,0.161368,data\raw\species40\Train\Decticus_albifrons_IN90514930_289418.mp3
Tettigettalna_argentata_IN88584794_282046.wav,Tettigettalna_argentata,Cicadidae,http://creativecommons.org/licenses/by-nc/4.0/,Fernando Romão,https://www.inaturalist.org/observations/88584794,https://static.inaturalist.org/sounds/282046.wav?1627239245,,Tettigettalna_argentata,Train,,1.200666,data\raw\species40\Train\Tettigettalna_argentata_IN88584794_282046.wav
Oecanthus_pellucens_IN178328800_792388.mp3,Oecanthus_pellucens,Orthoptera,http://creativecommons.org/licenses/by-nc/4.0/,p_stipticus,https://www.inaturalist.org/observations/178328800,https://static.inaturalist.org/sounds/792388.mp3?1691997708,,Oecanthus_pellucens,Train,,0.040345,data\raw\species40\Train\Oecanthus_pellucens_IN178328800_792388.mp3
Neotibicen_robinsonianus_IN186730876_827255.wav,Neotibicen_robinsonianus,Cicadidae,http://creativecommons.org/licenses/by-nc/4.0/,Cosmic Cat,https://www.inaturalist.org/observations/186730876,https://static.inaturalist.org/sounds/827255.wav?1696789568,,Neotibicen_robinsonianus,Train,,0.525395,data\raw\species40\Train\Neotibicen_robinsonianus_IN186730876_827255.wav
Magicicada_septendecim_IN167258687_737225.mp3,Magicicada_septendecim,Cicadidae,http://creativecommons.org/licenses/by-nc/4.0/,lupinxxiii,https://www.inaturalist.org/observations/167258687,https://static.inaturalist.org/sounds/737225.m4a?1686689892,,Magicicada_septendecim,Train,,0.411679,data\raw\species40\Train\Magicicada_septendecim_IN167258687_737225.mp3
Neotibicen_canicularis_IN89523350_285650.wav,Neotibicen_canicularis,Cicadidae,http://creativecommons.org/licenses/by-nc/4.0/,Carter Dorscht,https://www.inaturalist.org/observations/89523350,https://static.inaturalist.org/sounds/285650.wav?1627843906,,Neotibicen_canicularis,Train,,0.766633,data\raw\species40\Train\Neotibicen_canicularis_IN89523350_285650.wav
Tettigonia_viridissima_IN131072405_521505.mp3,Tettigonia_viridissima,Orthoptera,http://creativecommons.org/licenses/by-nc/4.0/,luciedra,https://www.inaturalist.org/observations/131072405,https://static.inaturalist.org/sounds/521505.m4a?1660660773,,Tettigonia_viridissima,Train,,0.196824,data\raw\species40\Train\Tettigonia_viridissima_IN131072405_521505.mp3
Roeseliana_roeselii_IN228054061_1125493.mp3,Roeseliana_roeselii,Orthoptera,http://creativecommons.org/licenses/by-nc/4.0/,Kyle Aldinger,https://www.inaturalist.org/observations/228054061,https://static.inaturalist.org/sounds/1125493.m4a?1720457741,,Roeseliana_roeselii,Train,,0.277204,data\raw\species40\Train\Roeseliana_roeselii_IN228054061_1125493.mp3
Popplepsalta_notialis_IN36893800_53332.mp3,Popplepsalta_notialis,Cicadidae,http://creativecommons.org/licenses/by-nc/4.0/,Joel Poyitt,https://www.inaturalist.org/observations/36893800,https://static.inaturalist.org/sounds/53332.m4a?1577137470,,Popplepsalta_notialis,Train,,0.158387,data\raw\species40\Train\Popplepsalta_notialis_IN36893800_53332.mp3
Magicicada_septendecim_IN222071518_1089334.mp3,Magicicada_septendecim,Cicadidae,http://creativecommons.org/licenses/by/4.0/,Tom,https://www.inaturalist.org/observations/222071518,https://static.inaturalist.org/sounds/1089334.m4a?1718127323,,Magicicada_septendecim,Train,,0.166823,data\raw\species40\Train\Magicicada_septendecim_IN222071518_1089334.mp3
Neotibicen_pruinosus_IN143908975_571018.wav,Neotibicen_pruinosus,Cicadidae,http://creativecommons.org/licenses/by-nc/4.0/,Brian Wulker,https://www.inaturalist.org/observations/143908975,https://static.inaturalist.org/sounds/571018.wav?1670464947,,Neotibicen_pruinosus,Train,,2.684057,data\raw\species40\Train\Neotibicen_pruinosus_IN143908975_571018.wav
Neotibicen_tibicen_IN352534_247.mp3,Neotibicen_tibicen,Cicadidae,http://creativecommons.org/licenses/by-nc-sa/4.0/,Lee Elliott,https://www.inaturalist.org/observations/352534,https://static.inaturalist.org/sounds/247.mp3?1502824170,,Neotibicen_tibicen,Train,,0.263653,data\raw\species40\Train\Neotibicen_tibicen_IN352534_247.mp3
Pholidoptera_griseoaptera_XC867971.wav,Pholidoptera_griseoaptera,Orthoptera,//creativecommons.org/licenses/by-sa/4.0/,K.-G. Heller,https://xeno-canto.org/867971,https://xeno-canto.org/867971/download,,Pholidoptera_griseoaptera,Train,24.0,1.112282,data\raw\species40\Train\Pholidoptera_griseoaptera_XC867971.wav
Neotibicen_tibicen_IN181427261_805113.wav,Neotibicen_tibicen,Cicadidae,http://creativecommons.org/licenses/by-nc/4.0/,thecicadadude,https://www.inaturalist.org/observations/181427261,https://static.inaturalist.org/sounds/805113.wav?1693680473,,Neotibicen_tibicen,Train,,0.806698,data\raw\species40\Train\Neotibicen_tibicen_IN181427261_805113.wav
Microcentrum_rhombifolium_IN181829081_806721.wav,Microcentrum_rhombifolium,Orthoptera,http://creativecommons.org/licenses/by-nc/4.0/,Zac Peterson,https://www.inaturalist.org/observations/181829081,https://static.inaturalist.org/sounds/806721.wav?1693870941,,Microcentrum_rhombifolium,Train,,0.249809,data\raw\species40\Train\Microcentrum_rhombifolium_IN181829081_806721.wav
Tettigonia_viridissima_XC851907.wav,Tettigonia_viridissima,Orthoptera,//creativecommons.org/licenses/by-sa/4.0/,Baudewijn Odé,https://xeno-canto.org/851907,https://xeno-canto.org/851907/download,,Tettigonia_viridissima,Train,29.4,1.414471,data\raw\species40\Train\Tettigonia_viridissima_XC851907.wav
Pseudochorthippus_parallelus_IN171186333_760279.wav,Pseudochorthippus_parallelus,Orthoptera,http://creativecommons.org/licenses/by/4.0/,Daniel Linzbauer,https://www.inaturalist.org/observations/171186333,https://static.inaturalist.org/sounds/760279.wav?1688556861,,Pseudochorthippus_parallelus,Train,,0.851307,data\raw\species40\Train\Pseudochorthippus_parallelus_IN171186333_760279.wav
Magicicada_cassini_IN80284543_233454.mp3,Magicicada_cassini,Cicadidae,http://creativecommons.org/licenses/by-nc/4.0/,Roshan Vignarajah,https://www.inaturalist.org/observations/80284543,https://static.inaturalist.org/sounds/233454.m4a?1621978238,,Magicicada_cassini,Train,,0.29291,data\raw\species40\Train\Magicicada_cassini_IN80284543_233454.mp3
Popplepsalta_notialis_IN8245428_15799.wav,Popplepsalta_notialis,Cicadidae,http://creativecommons.org/licenses/by-nc/4.0/,Christie,https://www.inaturalist.org/observations/8245428,https://static.inaturalist.org/sounds/15799.wav?1507529570,,Popplepsalta_notialis,Train,,0.277732,data\raw\species40\Train\Popplepsalta_notialis_IN8245428_15799.wav
Neotibicen_robinsonianus_IN232571557_1147210.mp3,Neotibicen_robinsonianus,Cicadidae,http://creativecommons.org/licenses/by-nc/4.0/,cmciv,https://www.inaturalist.org/observations/232571557,https://static.inaturalist.org/sounds/1147210.mp3?1722286692,,Neotibicen_robinsonianus,Train,,0.062539,data\raw\species40\Train\Neotibicen_robinsonianus_IN232571557_1147210.mp3
Psaltoda_plaga_IN145936066_581633.mp3,Psaltoda_plaga,Cicadidae,http://creativecommons.org/licenses/by/4.0/,Thomas Mesaglio,https://www.inaturalist.org/observations/145936066,https://static.inaturalist.org/sounds/581633.m4a?1672970874,,Psaltoda_plaga,Train,,0.268622,data\raw\species40\Train\Psaltoda_plaga_IN145936066_581633.mp3
Conocephalus_fuscus_IN187908661_832281.mp3,Conocephalus_fuscus,Orthoptera,http://creativecommons.org/licenses/by-nc/4.0/,Africa Gomez,https://www.inaturalist.org/observations/187908661,https://static.inaturalist.org/sounds/832281.m4a?1697556700,,Conocephalus_fuscus,Train,,0.142352,data\raw\species40\Train\Conocephalus_fuscus_IN187908661_832281.mp3
Tettigonia_viridissima_XC850599.wav,Tettigonia_viridissima,Orthoptera,//creativecommons.org/licenses/by-sa/4.0/,Baudewijn Odé,https://xeno-canto.org/850599,https://xeno-canto.org/850599/download,,Tettigonia_viridissima,Train,,0.198543,data\raw\species40\Train\Tettigonia_viridissima_XC850599.wav
Gryllus_bimaculatus_IN90376850_289012.mp3,Gryllus_bimaculatus,Orthoptera,http://creativecommons.org/licenses/by-nc/4.0/,morisha,https://www.inaturalist.org/observations/90376850,https://static.inaturalist.org/sounds/289012.mp3?1628423591,,Gryllus_bimaculatus,Train,,0.540241,data\raw\species40\Train\Gryllus_bimaculatus_IN90376850_289012.mp3
Tettigonia_viridissima_IN34407870_48499.wav,Tettigonia_viridissima,Orthoptera,http://creativecommons.org/licenses/by-nc/4.0/,Luís Gordinho,https://www.inaturalist.org/observations/34407870,https://static.inaturalist.org/sounds/48499.wav?1571148674,,Tettigonia_viridissima,Train,,1.076755,data\raw\species40\Train\Tettigonia_viridissima_IN34407870_48499.wav
Neotibicen_tibicen_IN92593858_297156.wav,Neotibicen_tibicen,Cicadidae,http://creativecommons.org/licenses/by-nc/4.0/,assmann,https://www.inaturalist.org/observations/92593858,https://static.inaturalist.org/sounds/297156.wav?1630001920,,Neotibicen_tibicen,Train,,1.264792,data\raw\species40\Train\Neotibicen_tibicen_IN92593858_297156.wav
Tettigonia_cantans_XC751954.wav,Tettigonia_cantans,Orthoptera,//creativecommons.org/licenses/by-sa/4.0/,Baudewijn Odé,https://xeno-canto.org/751954,https://xeno-canto.org/751954/download,,Tettigonia_cantans,Train,15.0,2.58717,data\raw\species40\Train\Tettigonia_cantans_XC751954.wav
Popplepsalta_notialis_IN99060303_319905.wav,Popplepsalta_notialis,Cicadidae,http://creativecommons.org/licenses/by-nc/4.0/,david emery,https://www.inaturalist.org/observations/99060303,https://static.inaturalist.org/sounds/319905.wav?1634973942,,Popplepsalta_notialis,Train,,2.108909,data\raw\species40\Train\Popplepsalta_notialis_IN99060303_319905.wav
Cystosoma_saundersii_IN141606388_561545.mp3,Cystosoma_saundersii,Cicadidae,http://creativecommons.org/licenses/by-nc/4.0/,bpscicada,https://www.inaturalist.org/observations/141606388,https://static.inaturalist.org/sounds/561545.mp3?1668083868,,Cystosoma_saundersii,Train,,0.183817,data\raw\species40\Train\Cystosoma_saundersii_IN141606388_561545.mp3
Gryllotalpa_gryllotalpa_IN165272893_723454.mp3,Gryllotalpa_gryllotalpa,Orthoptera,http://creativecommons.org/licenses/by-nc/4.0/,Roman_Terentev,https://www.inaturalist.org/observations/165272893,https://static.inaturalist.org/sounds/723454.mp3?1685782044,,Gryllotalpa_gryllotalpa,Train,,1.458507,data\raw\species40\Train\Gryllotalpa_gryllotalpa_IN165272893_723454.mp3
Magicicada_septendecim_IN307954_9.wav,Magicicada_septendecim,Cicadidae,http://creativecommons.org/publicdomain/zero/1.0/,Ken-ichi Ueda,https://www.inaturalist.org/observations/307954,https://static.inaturalist.org/sounds/9.wav?1502823629,,Magicicada_septendecim,Train,,0.558123,data\raw\species40\Train\Magicicada_septendecim_IN307954_9.wav
Tettigonia_cantans_IN182518533_809374.mp3,Tettigonia_cantans,Orthoptera,http://creativecommons.org/licenses/by-nc/4.0/,pialep,https://www.inaturalist.org/observations/182518533,https://static.inaturalist.org/sounds/809374.mp3?1694287483,,Tettigonia_cantans,Train,,0.279205,data\raw\species40\Train\Tettigonia_cantans_IN182518533_809374.mp3
Pholidoptera_griseoaptera_IN64683386_148181.mp3,Pholidoptera_griseoaptera,Orthoptera,http://creativecommons.org/licenses/by-nc/4.0/,mobbini,https://www.inaturalist.org/observations/64683386,https://static.inaturalist.org/sounds/148181.mp3?1605122306,,Pholidoptera_griseoaptera,Train,,0.086861,data\raw\species40\Train\Pholidoptera_griseoaptera_IN64683386_148181.mp3
Neotibicen_tibicen_IN132393083_526915.mp3,Neotibicen_tibicen,Cicadidae,http://creativecommons.org/licenses/by-nc/4.0/,Lynette,https://www.inaturalist.org/observations/132393083,https://static.inaturalist.org/sounds/526915.m4a?1661515369,,Neotibicen_tibicen,Train,,0.583019,data\raw\species40\Train\Neotibicen_tibicen_IN132393083_526915.mp3
Oecanthus_pellucens_IN91455279_292588.mp3,Oecanthus_pellucens,Orthoptera,http://creativecommons.org/licenses/by-nc/4.0/,Daniel Raposo,https://www.inaturalist.org/observations/91455279,https://static.inaturalist.org/sounds/292588.mp3?1629147585,,Oecanthus_pellucens,Train,,0.14259,data\raw\species40\Train\Oecanthus_pellucens_IN91455279_292588.mp3
Cystosoma_saundersii_IN17495407_26535.mp3,Cystosoma_saundersii,Cicadidae,http://creativecommons.org/licenses/by-nc/4.0/,Joel Poyitt,https://www.inaturalist.org/observations/17495407,https://static.inaturalist.org/sounds/26535.m4a?1648745496,,Cystosoma_saundersii,Train,,0.200829,data\raw\species40\Train\Cystosoma_saundersii_IN17495407_26535.mp3
Atrapsalta_corticina_IN198252102_888694.mp3,Atrapsalta_corticina,Cicadidae,http://creativecommons.org/licenses/by-nc/4.0/,Kent Warner,https://www.inaturalist.org/observations/198252102,https://static.inaturalist.org/sounds/888694.m4a?1706920463,,Atrapsalta_corticina,Train,,0.130071,data\raw\species40\Train\Atrapsalta_corticina_IN198252102_888694.mp3
Roeseliana_roeselii_IN144861366_575343.mp3,Roeseliana_roeselii,Orthoptera,http://creativecommons.org/licenses/by-nc/4.0/,mobbini,https://www.inaturalist.org/observations/144861366,https://static.inaturalist.org/sounds/575343.mp3?1671724783,,Roeseliana_roeselii,Train,,0.082271,data\raw\species40\Train\Roeseliana_roeselii_IN144861366_575343.mp3
Atrapsalta_corticina_IN61743225_140685.wav,Atrapsalta_corticina,Cicadidae,http://creativecommons.org/licenses/by-nc/4.0/,bpscicada,https://www.inaturalist.org/observations/61743225,https://static.inaturalist.org/sounds/140685.wav?1601861997,,Atrapsalta_corticina,Train,,0.593759,data\raw\species40\Train\Atrapsalta_corticina_IN61743225_140685.wav
Gryllus_bimaculatus_XC767960.wav,Gryllus_bimaculatus,Orthoptera,//creativecommons.org/licenses/by-nc-sa/4.0/,Stanislas Wroza,https://xeno-canto.org/767960,https://xeno-canto.org/767960/download,,Gryllus_bimaculatus,Train,,2.80587,data\raw\species40\Train\Gryllus_bimaculatus_XC767960.wav
Cicada_barbara_IN182358562_808744.mp3,Cicada_barbara,Cicadidae,http://creativecommons.org/licenses/by-nc/4.0/,Nelson Conceição,https://www.inaturalist.org/observations/182358562,https://static.inaturalist.org/sounds/808744.mp3?1694199209,,Cicada_barbara,Train,,1.057902,data\raw\species40\Train\Cicada_barbara_IN182358562_808744.mp3
Tettigonia_cantans_IN171636877_762634.wav,Tettigonia_cantans,Orthoptera,http://creativecommons.org/licenses/by-nc/4.0/,maximion,https://www.inaturalist.org/observations/171636877,https://static.inaturalist.org/sounds/762634.wav?1688769003,,Tettigonia_cantans,Train,,0.083904,data\raw\species40\Train\Tettigonia_cantans_IN171636877_762634.wav
Magicicada_cassini_IN80398078_234603.mp3,Magicicada_cassini,Cicadidae,http://creativecommons.org/licenses/by-nc/4.0/,Jessee J. Smith,https://www.inaturalist.org/observations/80398078,https://static.inaturalist.org/sounds/234603.m4a?1622056685,,Magicicada_cassini,Train,,0.179167,data\raw\species40\Train\Magicicada_cassini_IN80398078_234603.mp3
Neotibicen_robinsonianus_IN13791828_23558.wav,Neotibicen_robinsonianus,Cicadidae,http://creativecommons.org/licenses/by-nc/4.0/,Dan Johnson,https://www.inaturalist.org/observations/13791828,https://static.inaturalist.org/sounds/23558.mpga?1530025024,,Neotibicen_robinsonianus,Train,,1.25611,data\raw\species40\Train\Neotibicen_robinsonianus_IN13791828_23558.wav
Gryllus_pennsylvanicus_IN93114770_299504.mp3,Gryllus_pennsylvanicus,Orthoptera,http://creativecommons.org/licenses/by-nc/4.0/,Alora,https://www.inaturalist.org/observations/93114770,https://static.inaturalist.org/sounds/299504.m4a?1630380934,,Gryllus_pennsylvanicus,Train,,0.166686,data\raw\species40\Train\Gryllus_pennsylvanicus_IN93114770_299504.mp3
Atrapsalta_corticina_IN149008063_599390.mp3,Atrapsalta_corticina,Cicadidae,http://creativecommons.org/licenses/by-nc/4.0/,Colin Trainor,https://www.inaturalist.org/observations/149008063,https://static.inaturalist.org/sounds/599390.m4a?1676685407,,Atrapsalta_corticina,Train,,0.512546,data\raw\species40\Train\Atrapsalta_corticina_IN149008063_599390.mp3
Microcentrum_rhombifolium_IN183998076_815449.mp3,Microcentrum_rhombifolium,Orthoptera,http://creativecommons.org/licenses/by-nc/4.0/,Larry Chen,https://www.inaturalist.org/observations/183998076,https://static.inaturalist.org/sounds/815449.m4a?1695141530,,Microcentrum_rhombifolium,Train,,0.607844,data\raw\species40\Train\Microcentrum_rhombifolium_IN183998076_815449.mp3
Conocephalus_fuscus_XC853264.wav,Conocephalus_fuscus,Orthoptera,//creativecommons.org/licenses/by-sa/4.0/,Baudewijn Odé,https://xeno-canto.org/853264,https://xeno-canto.org/853264/download,Tettigonia viridissima,Conocephalus_fuscus,Train,,1.406601,data\raw\species40\Train\Conocephalus_fuscus_XC853264.wav
Psaltoda_plaga_IN20215947_31041.wav,Psaltoda_plaga,Cicadidae,http://creativecommons.org/licenses/by-nc/4.0/,Christie,https://www.inaturalist.org/observations/20215947,https://static.inaturalist.org/sounds/31041.wav?1549696287,,Psaltoda_plaga,Train,,0.480258,data\raw\species40\Train\Psaltoda_plaga_IN20215947_31041.wav
Pseudochorthippus_parallelus_IN172980122_769394.mp3,Pseudochorthippus_parallelus,Orthoptera,http://creativecommons.org/licenses/by/4.0/,E. A.,https://www.inaturalist.org/observations/172980122,https://static.inaturalist.org/sounds/769394.m4a?1689412883,,Pseudochorthippus_parallelus,Train,,0.761618,data\raw\species40\Train\Pseudochorthippus_parallelus_IN172980122_769394.mp3
Meimuna_opalifera_IN94689538_304968.mp3,Meimuna_opalifera,Cicadidae,http://creativecommons.org/licenses/by-nc/4.0/,syltetoejsglas,https://www.inaturalist.org/observations/94689538,https://static.inaturalist.org/sounds/304968.m4a?1631522929,,Meimuna_opalifera,Train,,0.293126,data\raw\species40\Train\Meimuna_opalifera_IN94689538_304968.mp3
Neotibicen_tibicen_IN227314269_1121763.mp3,Neotibicen_tibicen,Cicadidae,http://creativecommons.org/licenses/by/4.0/,L.J. Lamera,https://www.inaturalist.org/observations/227314269,https://static.inaturalist.org/sounds/1121763.m4a?1720192943,,Neotibicen_tibicen,Train,,0.061233,data\raw\species40\Train\Neotibicen_tibicen_IN227314269_1121763.mp3
Tettigonia_viridissima_XC923033.mp3,Tettigonia_viridissima,Orthoptera,//creativecommons.org/licenses/by-nc-sa/4.0/,Guido O. Keijl,https://xeno-canto.org/923033,https://xeno-canto.org/923033/download,,Tettigonia_viridissima,Train,,0.229025,data\raw\species40\Train\Tettigonia_viridissima_XC923033.mp3
Neotibicen_tibicen_IN58181505_133809.mp3,Neotibicen_tibicen,Cicadidae,http://creativecommons.org/licenses/by-nc/4.0/,mstelljes,https://www.inaturalist.org/observations/58181505,https://static.inaturalist.org/sounds/133809.mp3?1598904946,,Neotibicen_tibicen,Train,,0.331342,data\raw\species40\Train\Neotibicen_tibicen_IN58181505_133809.mp3
Pholidoptera_griseoaptera_IN105567418_349919.mp3,Pholidoptera_griseoaptera,Orthoptera,http://creativecommons.org/licenses/by-nc/4.0/,mobbini,https://www.inaturalist.org/observations/105567418,https://static.inaturalist.org/sounds/349919.mp3?1643137932,,Pholidoptera_griseoaptera,Train,,0.094277,data\raw\species40\Train\Pholidoptera_griseoaptera_IN105567418_349919.mp3
Neotibicen_pruinosus_IN228554122_1128058.mp3,Neotibicen_pruinosus,Cicadidae,http://creativecommons.org/licenses/by-nc/4.0/,MC Barnhart,https://www.inaturalist.org/observations/228554122,https://static.inaturalist.org/sounds/1128058.m4a?1720660424,,Neotibicen_pruinosus,Train,,0.391875,data\raw\species40\Train\Neotibicen_pruinosus_IN228554122_1128058.mp3
Meimuna_opalifera_IN91379769_292763.mp3,Meimuna_opalifera,Cicadidae,http://creativecommons.org/licenses/by/4.0/,chiuluan,https://www.inaturalist.org/observations/91379769,https://static.inaturalist.org/sounds/292763.mp3?1629198290,,Meimuna_opalifera,Train,,0.306471,data\raw\species40\Train\Meimuna_opalifera_IN91379769_292763.mp3
Tettigettalna_argentata_IN130429373_518703.mp3,Tettigettalna_argentata,Cicadidae,http://creativecommons.org/licenses/by-nc/4.0/,elisabraz,https://www.inaturalist.org/observations/130429373,https://static.inaturalist.org/sounds/518703.mp3?1660254511,,Tettigettalna_argentata,Train,,0.208247,data\raw\species40\Train\Tettigettalna_argentata_IN130429373_518703.mp3
Cicada_barbara_IN88585883_282050.wav,Cicada_barbara,Cicadidae,http://creativecommons.org/licenses/by-nc/4.0/,Fernando Romão,https://www.inaturalist.org/observations/88585883,https://static.inaturalist.org/sounds/282050.wav?1627239632,,Cicada_barbara,Train,,1.716252,data\raw\species40\Train\Cicada_barbara_IN88585883_282050.wav
Phaneroptera_nana_XC876322.wav,Phaneroptera_nana,Orthoptera,//creativecommons.org/licenses/by-sa/4.0/,Dragan Chobanov,https://xeno-canto.org/876322,https://xeno-canto.org/876322/download,,Phaneroptera_nana,Train,22.0,1.429504,data\raw\species40\Train\Phaneroptera_nana_XC876322.wav
Psaltoda_plaga_IN9808815_17709.mp3,Psaltoda_plaga,Cicadidae,http://creativecommons.org/licenses/by-nc/4.0/,Joel Poyitt,https://www.inaturalist.org/observations/9808815,https://static.inaturalist.org/sounds/17709.m4a?1518256311,,Psaltoda_plaga,Train,,0.192834,data\raw\species40\Train\Psaltoda_plaga_IN9808815_17709.mp3
Pseudochorthippus_parallelus_IN94806878_305346.mp3,Pseudochorthippus_parallelus,Orthoptera,http://creativecommons.org/licenses/by-nc/4.0/,gernotkunz,https://www.inaturalist.org/observations/94806878,https://static.inaturalist.org/sounds/305346.m4a?1631617606,,Pseudochorthippus_parallelus,Train,,0.473763,data\raw\species40\Train\Pseudochorthippus_parallelus_IN94806878_305346.mp3
Cystosoma_saundersii_IN150194365_608002.mp3,Cystosoma_saundersii,Cicadidae,http://creativecommons.org/licenses/by-nc/4.0/,Ben McBurney,https://www.inaturalist.org/observations/150194365,https://static.inaturalist.org/sounds/608002.mp3?1677920202,,Cystosoma_saundersii,Train,,0.115174,data\raw\species40\Train\Cystosoma_saundersii_IN150194365_608002.mp3
Chorthippus_biguttulus_XC752616.wav,Chorthippus_biguttulus,Orthoptera,//creativecommons.org/licenses/by-sa/4.0/,Baudewijn Odé,https://xeno-canto.org/752616,https://xeno-canto.org/752616/download,,Chorthippus_biguttulus,Train,,2.558247,data\raw\species40\Train\Chorthippus_biguttulus_XC752616.wav
Decticus_albifrons_IN179872178_798482.mp3,Decticus_albifrons,Orthoptera,http://creativecommons.org/licenses/by-nc/4.0/,flamelnico,https://www.inaturalist.org/observations/179872178,https://static.inaturalist.org/sounds/798482.m4a?1692819784,,Decticus_albifrons,Train,,0.337741,data\raw\species40\Train\Decticus_albifrons_IN179872178_798482.mp3
Psaltoda_plaga_IN39829107_61096.mp3,Psaltoda_plaga,Cicadidae,http://creativecommons.org/licenses/by-nc/4.0/,Joel Poyitt,https://www.inaturalist.org/observations/39829107,https://static.inaturalist.org/sounds/61096.m4a?1583901183,,Psaltoda_plaga,Train,,0.11293,data\raw\species40\Train\Psaltoda_plaga_IN39829107_61096.mp3
Cystosoma_saundersii_IN191925678_849963.mp3,Cystosoma_saundersii,Cicadidae,http://creativecommons.org/licenses/by-nc/4.0/,Joel Poyitt,https://www.inaturalist.org/observations/191925678,https://static.inaturalist.org/sounds/849963.m4a?1700816697,,Cystosoma_saundersii,Train,,0.088082,data\raw\species40\Train\Cystosoma_saundersii_IN191925678_849963.mp3
Atrapsalta_corticina_IN37474204_54584.mp3,Atrapsalta_corticina,Cicadidae,http://creativecommons.org/licenses/by-nc/4.0/,Joel Poyitt,https://www.inaturalist.org/observations/37474204,https://static.inaturalist.org/sounds/54584.m4a?1578713218,,Atrapsalta_corticina,Train,,0.141559,data\raw\species40\Train\Atrapsalta_corticina_IN37474204_54584.mp3
Microcentrum_rhombifolium_IN132355309_526784.mp3,Microcentrum_rhombifolium,Orthoptera,http://creativecommons.org/licenses/by-nc/4.0/,Stephen Bucklin,https://www.inaturalist.org/observations/132355309,https://static.inaturalist.org/sounds/526784.m4a?1661486267,,Microcentrum_rhombifolium,Train,,0.242867,data\raw\species40\Train\Microcentrum_rhombifolium_IN132355309_526784.mp3
Platycleis_albopunctata_IN230362279_1137269.mp3,Platycleis_albopunctata,Orthoptera,http://creativecommons.org/licenses/by-nc/4.0/,Martin Vukušić,https://www.inaturalist.org/observations/230362279,https://static.inaturalist.org/sounds/1137269.m4a?1721420399,,Platycleis_albopunctata,Train,,0.31458,data\raw\species40\Train\Platycleis_albopunctata_IN230362279_1137269.mp3
Neotibicen_robinsonianus_IN174164261_774888.mp3,Neotibicen_robinsonianus,Cicadidae,http://creativecommons.org/licenses/by-nc/4.0/,larryjones51,https://www.inaturalist.org/observations/174164261,https://static.inaturalist.org/sounds/774888.m4a?1689973673,,Neotibicen_robinsonianus,Train,,0.18672,data\raw\species40\Train\Neotibicen_robinsonianus_IN174164261_774888.mp3
Neotibicen_canicularis_IN95345142_307084.mp3,Neotibicen_canicularis,Cicadidae,http://creativecommons.org/licenses/by-nc/4.0/,Kyle Aldinger,https://www.inaturalist.org/observations/95345142,https://static.inaturalist.org/sounds/307084.m4a?1632017539,,Neotibicen_canicularis,Train,,0.211031,data\raw\species40\Train\Neotibicen_canicularis_IN95345142_307084.mp3
Chorthippus_biguttulus_IN140080528_554899.mp3,Chorthippus_biguttulus,Orthoptera,http://creativecommons.org/licenses/by/4.0/,E. A.,https://www.inaturalist.org/observations/140080528,https://static.inaturalist.org/sounds/554899.mp3?1666808806,,Chorthippus_biguttulus,Train,,0.102864,data\raw\species40\Train\Chorthippus_biguttulus_IN140080528_554899.mp3
Psaltoda_plaga_IN21506089_32842.mp3,Psaltoda_plaga,Cicadidae,http://creativecommons.org/licenses/by-nc/4.0/,Joel Poyitt,https://www.inaturalist.org/observations/21506089,https://static.inaturalist.org/sounds/32842.m4a?1553316347,,Psaltoda_plaga,Train,,0.286884,data\raw\species40\Train\Psaltoda_plaga_IN21506089_32842.mp3
Neotibicen_robinsonianus_IN132162806_526067.mp3,Neotibicen_robinsonianus,Cicadidae,http://creativecommons.org/licenses/by-nc/4.0/,Ashley M Bradford,https://www.inaturalist.org/observations/132162806,https://static.inaturalist.org/sounds/526067.m4a?1661361141,,Neotibicen_robinsonianus,Train,,0.59652,data\raw\species40\Train\Neotibicen_robinsonianus_IN132162806_526067.mp3
Cicada_barbara_IN175705950_781251.wav,Cicada_barbara,Cicadidae,http://creativecommons.org/licenses/by-nc/4.0/,Nelson Conceição,https://www.inaturalist.org/observations/175705950,https://static.inaturalist.org/sounds/781251.wav?1690716095,,Cicada_barbara,Train,,1.940514,data\raw\species40\Train\Cicada_barbara_IN175705950_781251.wav
Conocephalus_fuscus_XC926359.wav,Conocephalus_fuscus,Orthoptera,//creativecommons.org/licenses/by-nc-sa/4.0/,"Rocío Ríos, Julia Guerra",https://xeno-canto.org/926359,https://xeno-canto.org/926359/download,,Conocephalus_fuscus,Train,29.0,1.614527,data\raw\species40\Train\Conocephalus_fuscus_XC926359.wav
Cystosoma_saundersii_IN65392549_150206.wav,Cystosoma_saundersii,Cicadidae,http://creativecommons.org/licenses/by-nc/4.0/,Joel Poyitt,https://www.inaturalist.org/observations/65392549,https://static.inaturalist.org/sounds/150206.wav?1606036677,,Cystosoma_saundersii,Train,,0.799193,data\raw\species40\Train\Cystosoma_saundersii_IN65392549_150206.wav
Neotibicen_pruinosus_IN97194325_312955.mp3,Neotibicen_pruinosus,Cicadidae,http://creativecommons.org/licenses/by-nc/4.0/,Caleb Helsel,https://www.inaturalist.org/observations/97194325,https://static.inaturalist.org/sounds/312955.m4a?1633389572,,Neotibicen_pruinosus,Train,,0.095759,data\raw\species40\Train\Neotibicen_pruinosus_IN97194325_312955.mp3
Psaltoda_plaga_IN107296111_360833.mp3,Psaltoda_plaga,Cicadidae,http://creativecommons.org/licenses/by-nc/4.0/,Ben McBurney,https://www.inaturalist.org/observations/107296111,https://static.inaturalist.org/sounds/360833.mp3?1645588330,,Psaltoda_plaga,Train,,0.160604,data\raw\species40\Train\Psaltoda_plaga_IN107296111_360833.mp3
Roeseliana_roeselii_IN183062852_811562.mp3,Roeseliana_roeselii,Orthoptera,http://creativecommons.org/licenses/by-nc/4.0/,Karol Łanocha,https://www.inaturalist.org/observations/183062852,https://static.inaturalist.org/sounds/811562.m4a?1694602553,,Roeseliana_roeselii,Train,,0.359143,data\raw\species40\Train\Roeseliana_roeselii_IN183062852_811562.mp3
Cicada_barbara_IN173060594_769796.mp3,Cicada_barbara,Cicadidae,http://creativecommons.org/licenses/by-nc/4.0/,Nelson Conceição,https://www.inaturalist.org/observations/173060594,https://static.inaturalist.org/sounds/769796.mp3?1689444205,,Cicada_barbara,Train,,0.378835,data\raw\species40\Train\Cicada_barbara_IN173060594_769796.mp3
Eumodicogryllus_bordigalensis_XC846242.wav,Eumodicogryllus_bordigalensis,Orthoptera,//creativecommons.org/licenses/by-sa/4.0/,Baudewijn Odé,https://xeno-canto.org/846242,https://xeno-canto.org/846242/download,,Eumodicogryllus_bordigalensis,Train,20.0,2.41529,data\raw\species40\Train\Eumodicogryllus_bordigalensis_XC846242.wav
Gryllotalpa_gryllotalpa_IN117288935_440623.wav,Gryllotalpa_gryllotalpa,Orthoptera,http://creativecommons.org/licenses/by-sa/4.0/,jfgodeau,https://www.inaturalist.org/observations/117288935,https://static.inaturalist.org/sounds/440623.wav?1652696919,,Gryllotalpa_gryllotalpa,Train,,0.532195,data\raw\species40\Train\Gryllotalpa_gryllotalpa_IN117288935_440623.wav
Eumodicogryllus_bordigalensis_IN94744900_305169.mp3,Eumodicogryllus_bordigalensis,Orthoptera,http://creativecommons.org/licenses/by-nc/4.0/,zighost,https://www.inaturalist.org/observations/94744900,https://static.inaturalist.org/sounds/305169.m4a?1631562712,,Eumodicogryllus_bordigalensis,Train,,2.388865,data\raw\species40\Train\Eumodicogryllus_bordigalensis_IN94744900_305169.mp3
Cystosoma_saundersii_IN16652564_25946.wav,Cystosoma_saundersii,Cicadidae,http://creativecommons.org/licenses/by-nc/4.0/,Nathan Emery,https://www.inaturalist.org/observations/16652564,https://static.inaturalist.org/sounds/25946.wav?1537264407,,Cystosoma_saundersii,Train,,0.572407,data\raw\species40\Train\Cystosoma_saundersii_IN16652564_25946.wav
Popplepsalta_notialis_IN142627521_566003.mp3,Popplepsalta_notialis,Cicadidae,http://creativecommons.org/licenses/by-nc/4.0/,Joel Poyitt,https://www.inaturalist.org/observations/142627521,https://static.inaturalist.org/sounds/566003.m4a?1669152642,,Popplepsalta_notialis,Train,,0.320428,data\raw\species40\Train\Popplepsalta_notialis_IN142627521_566003.mp3
Popplepsalta_notialis_IN8263657_15752.wav,Popplepsalta_notialis,Cicadidae,http://creativecommons.org/licenses/by-nc/4.0/,Nathan Emery,https://www.inaturalist.org/observations/8263657,https://static.inaturalist.org/sounds/15752.wav?1507173124,,Popplepsalta_notialis,Train,,0.60818,data\raw\species40\Train\Popplepsalta_notialis_IN8263657_15752.wav
Magicicada_cassini_IN165348234_724073.mp3,Magicicada_cassini,Cicadidae,http://creativecommons.org/licenses/by/4.0/,Tom,https://www.inaturalist.org/observations/165348234,https://static.inaturalist.org/sounds/724073.m4a?1685815336,,Magicicada_cassini,Train,,0.302567,data\raw\species40\Train\Magicicada_cassini_IN165348234_724073.mp3
Cyclochila_australasiae_IN148666876_596926.wav,Cyclochila_australasiae,Cicadidae,http://creativecommons.org/licenses/by-nc/4.0/,Lava,https://www.inaturalist.org/observations/148666876,https://static.inaturalist.org/sounds/596926.wav?1676260129,,Cyclochila_australasiae,Train,,0.562715,data\raw\species40\Train\Cyclochila_australasiae_IN148666876_596926.wav
Chorthippus_biguttulus_IN184423423_817288.mp3,Chorthippus_biguttulus,Orthoptera,http://creativecommons.org/licenses/by-nc/4.0/,mobbini,https://www.inaturalist.org/observations/184423423,https://static.inaturalist.org/sounds/817288.mp3?1695409750,,Chorthippus_biguttulus,Train,,0.060205,data\raw\species40\Train\Chorthippus_biguttulus_IN184423423_817288.mp3
Neotibicen_canicularis_IN55080071_126770.mp3,Neotibicen_canicularis,Cicadidae,http://creativecommons.org/licenses/by-nc/4.0/,Chalon Boesel,https://www.inaturalist.org/observations/55080071,https://static.inaturalist.org/sounds/126770.m4a?1596315226,,Neotibicen_canicularis,Train,,0.338544,data\raw\species40\Train\Neotibicen_canicularis_IN55080071_126770.mp3
Neotibicen_robinsonianus_IN177071230_787204.mp3,Neotibicen_robinsonianus,Cicadidae,http://creativecommons.org/licenses/by-nc/4.0/,S.M.I,https://www.inaturalist.org/observations/177071230,https://static.inaturalist.org/sounds/787204.m4a?1691363657,,Neotibicen_robinsonianus,Train,,0.340476,data\raw\species40\Train\Neotibicen_robinsonianus_IN177071230_787204.mp3
Atrapsalta_corticina_IN9525791_17379.wav,Atrapsalta_corticina,Cicadidae,http://creativecommons.org/licenses/by-nc/4.0/,Christie,https://www.inaturalist.org/observations/9525791,https://static.inaturalist.org/sounds/17379.wav?1516937464,,Atrapsalta_corticina,Train,,0.309829,data\raw\species40\Train\Atrapsalta_corticina_IN9525791_17379.wav
Neotibicen_pruinosus_IN230513256_1138077.mp3,Neotibicen_pruinosus,Cicadidae,http://creativecommons.org/licenses/by/4.0/,L.J. Lamera,https://www.inaturalist.org/observations/230513256,https://static.inaturalist.org/sounds/1138077.m4a?1721488794,,Neotibicen_pruinosus,Train,,0.135903,data\raw\species40\Train\Neotibicen_pruinosus_IN230513256_1138077.mp3
Roeseliana_roeselii_IN225702629_1112301.mp3,Roeseliana_roeselii,Orthoptera,http://creativecommons.org/licenses/by-nc/4.0/,sirhck,https://www.inaturalist.org/observations/225702629,https://static.inaturalist.org/sounds/1112301.m4a?1719578115,,Roeseliana_roeselii,Train,,0.25023,data\raw\species40\Train\Roeseliana_roeselii_IN225702629_1112301.mp3
Psaltoda_plaga_IN19888067_30661.wav,Psaltoda_plaga,Cicadidae,http://creativecommons.org/licenses/by-nc/4.0/,Christie,https://www.inaturalist.org/observations/19888067,https://static.inaturalist.org/sounds/30661.wav?1548579972,,Psaltoda_plaga,Train,,0.73389,data\raw\species40\Train\Psaltoda_plaga_IN19888067_30661.wav
Magicicada_cassini_IN222338352_1091038.wav,Magicicada_cassini,Cicadidae,http://creativecommons.org/licenses/by-nc/4.0/,Erin Faulkner,https://www.inaturalist.org/observations/222338352,https://static.inaturalist.org/sounds/1091038.wav?1718233080,,Magicicada_cassini,Train,,1.016438,data\raw\species40\Train\Magicicada_cassini_IN222338352_1091038.wav
Neotibicen_canicularis_IN30236993_45057.mp3,Neotibicen_canicularis,Cicadidae,http://creativecommons.org/licenses/by-nc/4.0/,Jonathan Fréchette,https://www.inaturalist.org/observations/30236993,https://static.inaturalist.org/sounds/45057.m4a?1648758572,,Neotibicen_canicularis,Train,,0.4144,data\raw\species40\Train\Neotibicen_canicularis_IN30236993_45057.mp3
Phaneroptera_nana_XC868248.wav,Phaneroptera_nana,Orthoptera,//creativecommons.org/licenses/by-sa/4.0/,K.-G. Heller,https://xeno-canto.org/868248,https://xeno-canto.org/868248/download,,Phaneroptera_nana,Train,22.0,0.86951,data\raw\species40\Train\Phaneroptera_nana_XC868248.wav
Gryllus_bimaculatus_IN226318792_1115980.mp3,Gryllus_bimaculatus,Orthoptera,http://creativecommons.org/licenses/by-nc/4.0/,Axel Gosseries,https://www.inaturalist.org/observations/226318792,https://static.inaturalist.org/sounds/1115980.m4a?1719789603,,Gryllus_bimaculatus,Train,,0.250513,data\raw\species40\Train\Gryllus_bimaculatus_IN226318792_1115980.mp3
Neotibicen_canicularis_IN144936439_575635.mp3,Neotibicen_canicularis,Cicadidae,http://creativecommons.org/licenses/by-nc/4.0/,Eric Keith,https://www.inaturalist.org/observations/144936439,https://static.inaturalist.org/sounds/575635.mp3?1671822065,,Neotibicen_canicularis,Train,,0.235247,data\raw\species40\Train\Neotibicen_canicularis_IN144936439_575635.mp3
Popplepsalta_notialis_IN35393040_49941.wav,Popplepsalta_notialis,Cicadidae,http://creativecommons.org/licenses/by-nc/4.0/,Nathan Emery,https://www.inaturalist.org/observations/35393040,https://static.inaturalist.org/sounds/49941.wav?1573090395,,Popplepsalta_notialis,Train,,2.041173,data\raw\species40\Train\Popplepsalta_notialis_IN35393040_49941.wav
Cystosoma_saundersii_IN36056596_51107.mp3,Cystosoma_saundersii,Cicadidae,http://creativecommons.org/licenses/by-nc/4.0/,Joel Poyitt,https://www.inaturalist.org/observations/36056596,https://static.inaturalist.org/sounds/51107.m4a?1574684744,,Cystosoma_saundersii,Train,,0.08178,data\raw\species40\Train\Cystosoma_saundersii_IN36056596_51107.mp3
Atrapsalta_corticina_IN35551735_50175.wav,Atrapsalta_corticina,Cicadidae,http://creativecommons.org/licenses/by-nc/4.0/,Christie,https://www.inaturalist.org/observations/35551735,https://static.inaturalist.org/sounds/50175.wav?1573433565,,Atrapsalta_corticina,Train,,0.498843,data\raw\species40\Train\Atrapsalta_corticina_IN35551735_50175.wav
Tettigonia_cantans_IN127717171_506440.mp3,Tettigonia_cantans,Orthoptera,http://creativecommons.org/licenses/by/4.0/,E. A.,https://www.inaturalist.org/observations/127717171,https://static.inaturalist.org/sounds/506440.mp3?1658686837,,Tettigonia_cantans,Train,,0.088232,data\raw\species40\Train\Tettigonia_cantans_IN127717171_506440.mp3
Atrapsalta_corticina_IN140224557_555435.mp3,Atrapsalta_corticina,Cicadidae,http://creativecommons.org/licenses/by-nc/4.0/,bpscicada,https://www.inaturalist.org/observations/140224557,https://static.inaturalist.org/sounds/555435.mp3?1666934014,,Atrapsalta_corticina,Train,,0.077305,data\raw\species40\Train\Atrapsalta_corticina_IN140224557_555435.mp3
Tettigettalna_argentata_IN128431301_509630.mp3,Tettigettalna_argentata,Cicadidae,http://creativecommons.org/licenses/by-nc/4.0/,Nelson Conceição,https://www.inaturalist.org/observations/128431301,https://static.inaturalist.org/sounds/509630.mp3?1659092320,,Tettigettalna_argentata,Train,,0.386235,data\raw\species40\Train\Tettigettalna_argentata_IN128431301_509630.mp3
Pholidoptera_griseoaptera_IN185022198_819584.mp3,Pholidoptera_griseoaptera,Orthoptera,http://creativecommons.org/licenses/by-nc/4.0/,Tomáš Dvořák,https://www.inaturalist.org/observations/185022198,https://static.inaturalist.org/sounds/819584.m4a?1695745122,,Pholidoptera_griseoaptera,Train,,0.091572,data\raw\species40\Train\Pholidoptera_griseoaptera_IN185022198_819584.mp3
Cystosoma_saundersii_IN209720886_986339.wav,Cystosoma_saundersii,Cicadidae,http://creativecommons.org/publicdomain/zero/1.0/,Richard Fuller,https://www.inaturalist.org/observations/209720886,https://static.inaturalist.org/sounds/986339.wav?1714157924,,Cystosoma_saundersii,Train,,2.317426,data\raw\species40\Train\Cystosoma_saundersii_IN209720886_986339.wav
Cicada_barbara_IN53975535_123633.wav,Cicada_barbara,Cicadidae,http://creativecommons.org/licenses/by-nc/4.0/,Antonio Xeira,https://www.inaturalist.org/observations/53975535,https://static.inaturalist.org/sounds/123633.wav?1595441773,,Cicada_barbara,Train,,0.938183,data\raw\species40\Train\Cicada_barbara_IN53975535_123633.wav
Cyclochila_australasiae_IN61761616_140723.mp3,Cyclochila_australasiae,Cicadidae,http://creativecommons.org/licenses/by-nc/4.0/,aarong,https://www.inaturalist.org/observations/61761616,https://static.inaturalist.org/sounds/140723.m4a?1601886351,,Cyclochila_australasiae,Train,,0.17401,data\raw\species40\Train\Cyclochila_australasiae_IN61761616_140723.mp3
Henicopsaltria_eydouxii_IN9674247_17474.mp3,Henicopsaltria_eydouxii,Cicadidae,http://creativecommons.org/licenses/by-nc/4.0/,Carole Riley,https://www.inaturalist.org/observations/9674247,https://static.inaturalist.org/sounds/17474.m4a?1517355341,,Henicopsaltria_eydouxii,Train,,0.838173,data\raw\species40\Train\Henicopsaltria_eydouxii_IN9674247_17474.mp3
Pseudochorthippus_parallelus_XC777827.wav,Pseudochorthippus_parallelus,Orthoptera,//creativecommons.org/licenses/by-nc-sa/4.0/,Benjamin Drillat,https://xeno-canto.org/777827,https://xeno-canto.org/777827/download,,Pseudochorthippus_parallelus,Train,,2.775671,data\raw\species40\Train\Pseudochorthippus_parallelus_XC777827.wav
Tettigettalna_argentata_IN222627995_1093150.wav,Tettigettalna_argentata,Cicadidae,http://creativecommons.org/licenses/by-nc/4.0/,Nelson Conceição,https://www.inaturalist.org/observations/222627995,https://static.inaturalist.org/sounds/1093150.wav?1718368637,,Tettigettalna_argentata,Train,,1.872451,data\raw\species40\Train\Tettigettalna_argentata_IN222627995_1093150.wav
Yoyetta_repetens_IN35268176_49794.wav,Yoyetta_repetens,Cicadidae,http://creativecommons.org/licenses/by-nc/4.0/,Christie,https://www.inaturalist.org/observations/35268176,https://static.inaturalist.org/sounds/49794.wav?1572835029,,Yoyetta_repetens,Train,,1.243107,data\raw\species40\Train\Yoyetta_repetens_IN35268176_49794.wav
Roeseliana_roeselii_IN141769509_562432.mp3,Roeseliana_roeselii,Orthoptera,http://creativecommons.org/licenses/by-nc/4.0/,mobbini,https://www.inaturalist.org/observations/141769509,https://static.inaturalist.org/sounds/562432.mp3?1668246607,,Roeseliana_roeselii,Train,,0.106662,data\raw\species40\Train\Roeseliana_roeselii_IN141769509_562432.mp3
Henicopsaltria_eydouxii_IN147181550_587825.wav,Henicopsaltria_eydouxii,Cicadidae,http://creativecommons.org/licenses/by-nc/4.0/,Christie,https://www.inaturalist.org/observations/147181550,https://static.inaturalist.org/sounds/587825.wav?1674464413,,Henicopsaltria_eydouxii,Train,,0.384561,data\raw\species40\Train\Henicopsaltria_eydouxii_IN147181550_587825.wav
Tettigettalna_argentata_IN84097056_259678.mp3,Tettigettalna_argentata,Cicadidae,http://creativecommons.org/licenses/by-nc/4.0/,Daniel Raposo,https://www.inaturalist.org/observations/84097056,https://static.inaturalist.org/sounds/259678.mp3?1624392923,,Tettigettalna_argentata,Train,,0.164246,data\raw\species40\Train\Tettigettalna_argentata_IN84097056_259678.mp3
Eumodicogryllus_bordigalensis_IN121916650_472726.wav,Eumodicogryllus_bordigalensis,Orthoptera,http://creativecommons.org/licenses/by-nc/4.0/,Benjamin Schmid,https://www.inaturalist.org/observations/121916650,https://static.inaturalist.org/sounds/472726.wav?1655322239,,Eumodicogryllus_bordigalensis,Train,,0.4469,data\raw\species40\Train\Eumodicogryllus_bordigalensis_IN121916650_472726.wav
Neotibicen_pruinosus_IN62496833_142468.mp3,Neotibicen_pruinosus,Cicadidae,http://creativecommons.org/licenses/by-nc/4.0/,nlyles,https://www.inaturalist.org/observations/62496833,https://static.inaturalist.org/sounds/142468.m4a?1602611651,,Neotibicen_pruinosus,Train,,0.153717,data\raw\species40\Train\Neotibicen_pruinosus_IN62496833_142468.mp3
Pholidoptera_griseoaptera_IN185923070_823759.mp3,Pholidoptera_griseoaptera,Orthoptera,http://creativecommons.org/licenses/by-nc/4.0/,Isa Klee,https://www.inaturalist.org/observations/185923070,https://static.inaturalist.org/sounds/823759.m4a?1696264825,,Pholidoptera_griseoaptera,Train,,0.252242,data\raw\species40\Train\Pholidoptera_griseoaptera_IN185923070_823759.mp3
Gryllotalpa_gryllotalpa_IN115621795_426596.mp3,Gryllotalpa_gryllotalpa,Orthoptera,http://creativecommons.org/licenses/by-nc/4.0/,albertgabriel,https://www.inaturalist.org/observations/115621795,https://static.inaturalist.org/sounds/426596.m4a?1651782099,,Gryllotalpa_gryllotalpa,Train,,0.29958,data\raw\species40\Train\Gryllotalpa_gryllotalpa_IN115621795_426596.mp3
Cyclochila_australasiae_IN35403831_50090.wav,Cyclochila_australasiae,Cicadidae,http://creativecommons.org/licenses/by-nc/4.0/,Christie,https://www.inaturalist.org/observations/35403831,https://static.inaturalist.org/sounds/50090.wav?1573278961,,Cyclochila_australasiae,Train,,1.370733,data\raw\species40\Train\Cyclochila_australasiae_IN35403831_50090.wav
Neotibicen_pruinosus_IN125109204_493009.mp3,Neotibicen_pruinosus,Cicadidae,http://creativecommons.org/licenses/by/4.0/,Daniel J. Layton,https://www.inaturalist.org/observations/125109204,https://static.inaturalist.org/sounds/493009.m4a?1657157268,,Neotibicen_pruinosus,Train,,0.383615,data\raw\species40\Train\Neotibicen_pruinosus_IN125109204_493009.mp3
Neotibicen_robinsonianus_IN178203904_791937.mp3,Neotibicen_robinsonianus,Cicadidae,http://creativecommons.org/licenses/by-nc/4.0/,jeffrocks,https://www.inaturalist.org/observations/178203904,https://static.inaturalist.org/sounds/791937.m4a?1691944178,,Neotibicen_robinsonianus,Train,,0.116619,data\raw\species40\Train\Neotibicen_robinsonianus_IN178203904_791937.mp3
Henicopsaltria_eydouxii_IN197041391_879324.mp3,Henicopsaltria_eydouxii,Cicadidae,http://creativecommons.org/licenses/by-nc/4.0/,Joel Poyitt,https://www.inaturalist.org/observations/197041391,https://static.inaturalist.org/sounds/879324.m4a?1705640573,,Henicopsaltria_eydouxii,Train,,0.193324,data\raw\species40\Train\Henicopsaltria_eydouxii_IN197041391_879324.mp3
Pholidoptera_griseoaptera_IN184287954_816666.mp3,Pholidoptera_griseoaptera,Orthoptera,http://creativecommons.org/licenses/by-nc/4.0/,Karol Łanocha,https://www.inaturalist.org/observations/184287954,https://static.inaturalist.org/sounds/816666.m4a?1695318576,,Pholidoptera_griseoaptera,Train,,0.415051,data\raw\species40\Train\Pholidoptera_griseoaptera_IN184287954_816666.mp3
Henicopsaltria_eydouxii_IN195550707_869564.mp3,Henicopsaltria_eydouxii,Cicadidae,http://creativecommons.org/licenses/by/4.0/,Thomas Mesaglio,https://www.inaturalist.org/observations/195550707,https://static.inaturalist.org/sounds/869564.m4a?1704179914,,Henicopsaltria_eydouxii,Train,,0.305671,data\raw\species40\Train\Henicopsaltria_eydouxii_IN195550707_869564.mp3
Cystosoma_saundersii_IN105305203_348207.mp3,Cystosoma_saundersii,Cicadidae,http://creativecommons.org/licenses/by-nc/4.0/,Joel Poyitt,https://www.inaturalist.org/observations/105305203,https://static.inaturalist.org/sounds/348207.m4a?1642757723,,Cystosoma_saundersii,Train,,0.110996,data\raw\species40\Train\Cystosoma_saundersii_IN105305203_348207.mp3
Chorthippus_mollis_XC914857.wav,Chorthippus_mollis,Orthoptera,//creativecommons.org/licenses/by-nc-sa/4.0/,Cedric Mroczko,https://xeno-canto.org/914857,https://xeno-canto.org/914857/download,,Chorthippus_mollis,Train,,0.456245,data\raw\species40\Train\Chorthippus_mollis_XC914857.wav
Cystosoma_saundersii_IN18470320_27437.mp3,Cystosoma_saundersii,Cicadidae,http://creativecommons.org/licenses/by-nc/4.0/,Joel Poyitt,https://www.inaturalist.org/observations/18470320,https://static.inaturalist.org/sounds/27437.m4a?1648746489,,Cystosoma_saundersii,Train,,0.131502,data\raw\species40\Train\Cystosoma_saundersii_IN18470320_27437.mp3
Popplepsalta_notialis_IN35384693_49936.wav,Popplepsalta_notialis,Cicadidae,http://creativecommons.org/licenses/by-nc/4.0/,Christie,https://www.inaturalist.org/observations/35384693,https://static.inaturalist.org/sounds/49936.wav?1573075322,,Popplepsalta_notialis,Train,,0.659272,data\raw\species40\Train\Popplepsalta_notialis_IN35384693_49936.wav
Cicada_barbara_IN173060590_769791.mp3,Cicada_barbara,Cicadidae,http://creativecommons.org/licenses/by-nc/4.0/,Nelson Conceição,https://www.inaturalist.org/observations/173060590,https://static.inaturalist.org/sounds/769791.mp3?1689443932,,Cicada_barbara,Train,,0.473506,data\raw\species40\Train\Cicada_barbara_IN173060590_769791.mp3
Popplepsalta_notialis_IN39909832_61359.mp3,Popplepsalta_notialis,Cicadidae,http://creativecommons.org/licenses/by-nc/4.0/,Joel Poyitt,https://www.inaturalist.org/observations/39909832,https://static.inaturalist.org/sounds/61359.m4a?1584066731,,Popplepsalta_notialis,Train,,0.667872,data\raw\species40\Train\Popplepsalta_notialis_IN39909832_61359.mp3
Gryllotalpa_gryllotalpa_IN167262454_737246.mp3,Gryllotalpa_gryllotalpa,Orthoptera,http://creativecommons.org/licenses/by-nc/4.0/,cpu,https://www.inaturalist.org/observations/167262454,https://static.inaturalist.org/sounds/737246.m4a?1686691289,,Gryllotalpa_gryllotalpa,Train,,0.199069,data\raw\species40\Train\Gryllotalpa_gryllotalpa_IN167262454_737246.mp3
Decticus_albifrons_IN125063180_492716.mp3,Decticus_albifrons,Orthoptera,http://creativecommons.org/licenses/by-nc/4.0/,elisabraz,https://www.inaturalist.org/observations/125063180,https://static.inaturalist.org/sounds/492716.mp3?1657134072,,Decticus_albifrons,Train,,0.374897,data\raw\species40\Train\Decticus_albifrons_IN125063180_492716.mp3
Neotibicen_robinsonianus_IN172409356_766423.wav,Neotibicen_robinsonianus,Cicadidae,http://creativecommons.org/licenses/by-nc/4.0/,thoscole,https://www.inaturalist.org/observations/172409356,https://static.inaturalist.org/sounds/766423.wav?1689112043,,Neotibicen_robinsonianus,Train,,0.234005,data\raw\species40\Train\Neotibicen_robinsonianus_IN172409356_766423.wav
Tettigettalna_argentata_IN177801803_790147.mp3,Tettigettalna_argentata,Cicadidae,http://creativecommons.org/licenses/by-nc/4.0/,Nelson Conceição,https://www.inaturalist.org/observations/177801803,https://static.inaturalist.org/sounds/790147.mp3?1691749821,,Tettigettalna_argentata,Train,,1.069266,data\raw\species40\Train\Tettigettalna_argentata_IN177801803_790147.mp3
Yoyetta_repetens_IN10064167_18102.mp3,Yoyetta_repetens,Cicadidae,http://creativecommons.org/licenses/by-nc/4.0/,Joel Poyitt,https://www.inaturalist.org/observations/10064167,https://static.inaturalist.org/sounds/18102.m4a?1520051985,,Yoyetta_repetens,Train,,0.249473,data\raw\species40\Train\Yoyetta_repetens_IN10064167_18102.mp3
Cystosoma_saundersii_IN36430039_52038.mp3,Cystosoma_saundersii,Cicadidae,http://creativecommons.org/licenses/by-nc/4.0/,Joel Poyitt,https://www.inaturalist.org/observations/36430039,https://static.inaturalist.org/sounds/52038.m4a?1575713576,,Cystosoma_saundersii,Train,,0.147519,data\raw\species40\Train\Cystosoma_saundersii_IN36430039_52038.mp3
Chorthippus_biguttulus_IN181069539_803678.mp3,Chorthippus_biguttulus,Orthoptera,http://creativecommons.org/licenses/by/4.0/,E. A.,https://www.inaturalist.org/observations/181069539,https://static.inaturalist.org/sounds/803678.m4a?1693498456,,Chorthippus_biguttulus,Train,,0.204406,data\raw\species40\Train\Chorthippus_biguttulus_IN181069539_803678.mp3
Yoyetta_repetens_IN36244681_51504.wav,Yoyetta_repetens,Cicadidae,http://creativecommons.org/licenses/by-nc/4.0/,bpscicada,https://www.inaturalist.org/observations/36244681,https://static.inaturalist.org/sounds/51504.wav?1575178768,,Yoyetta_repetens,Train,,1.597375,data\raw\species40\Train\Yoyetta_repetens_IN36244681_51504.wav
Neotibicen_canicularis_IN92045341_294950.wav,Neotibicen_canicularis,Cicadidae,http://creativecommons.org/licenses/by-nc/4.0/,Brent Musser,https://www.inaturalist.org/observations/92045341,https://static.inaturalist.org/sounds/294950.wav?1629594936,,Neotibicen_canicularis,Train,,0.676729,data\raw\species40\Train\Neotibicen_canicularis_IN92045341_294950.wav
Platycleis_albopunctata_XC751528.wav,Platycleis_albopunctata,Orthoptera,//creativecommons.org/licenses/by-sa/4.0/,Baudewijn Odé,https://xeno-canto.org/751528,https://xeno-canto.org/751528/download,,Platycleis_albopunctata,Train,,0.899488,data\raw\species40\Train\Platycleis_albopunctata_XC751528.wav
Atrapsalta_corticina_IN145307155_577945.mp3,Atrapsalta_corticina,Cicadidae,http://creativecommons.org/licenses/by-nc/4.0/,Colin Trainor,https://www.inaturalist.org/observations/145307155,https://static.inaturalist.org/sounds/577945.m4a?1672280268,,Atrapsalta_corticina,Train,,0.363518,data\raw\species40\Train\Atrapsalta_corticina_IN145307155_577945.mp3
Cicada_barbara_IN86261587_271091.mp3,Cicada_barbara,Cicadidae,http://creativecommons.org/licenses/by-nc/4.0/,Pedro Parreira,https://www.inaturalist.org/observations/86261587,https://static.inaturalist.org/sounds/271091.m4a?1625825350,,Cicada_barbara,Train,,0.260428,data\raw\species40\Train\Cicada_barbara_IN86261587_271091.mp3
Roeseliana_roeselii_IN176000637_782656.wav,Roeseliana_roeselii,Orthoptera,http://creativecommons.org/licenses/by-nc/4.0/,Benjamin Schmid,https://www.inaturalist.org/observations/176000637,https://static.inaturalist.org/sounds/782656.wav?1690837776,,Roeseliana_roeselii,Train,,1.120602,data\raw\species40\Train\Roeseliana_roeselii_IN176000637_782656.wav
Cicada_barbara_IN88917588_283315.mp3,Cicada_barbara,Cicadidae,http://creativecommons.org/licenses/by-nc/4.0/,elda_veiga,https://www.inaturalist.org/observations/88917588,https://static.inaturalist.org/sounds/283315.m4a?1627462246,,Cicada_barbara,Train,,0.76393,data\raw\species40\Train\Cicada_barbara_IN88917588_283315.mp3
Cystosoma_saundersii_IN61560007_140306.wav,Cystosoma_saundersii,Cicadidae,http://creativecommons.org/licenses/by-nc/4.0/,Joel Poyitt,https://www.inaturalist.org/observations/61560007,https://static.inaturalist.org/sounds/140306.mpga?1601729849,,Cystosoma_saundersii,Train,,0.855574,data\raw\species40\Train\Cystosoma_saundersii_IN61560007_140306.wav
Neotibicen_canicularis_IN226191935_1115225.mp3,Neotibicen_canicularis,Cicadidae,http://creativecommons.org/licenses/by-nc/4.0/,Austin,https://www.inaturalist.org/observations/226191935,https://static.inaturalist.org/sounds/1115225.m4a?1719758368,,Neotibicen_canicularis,Train,,0.133892,data\raw\species40\Train\Neotibicen_canicularis_IN226191935_1115225.mp3
Cicada_barbara_IN183486781_849305.mp3,Cicada_barbara,Cicadidae,http://creativecommons.org/licenses/by-nc/4.0/,Joan Ventura,https://www.inaturalist.org/observations/183486781,https://static.inaturalist.org/sounds/849305.mp3?1700692449,,Cicada_barbara,Train,,0.118131,data\raw\species40\Train\Cicada_barbara_IN183486781_849305.mp3
Decticus_albifrons_IN123809908_484578.mp3,Decticus_albifrons,Orthoptera,http://creativecommons.org/licenses/by-nc/4.0/,Nelson Conceição,https://www.inaturalist.org/observations/123809908,https://static.inaturalist.org/sounds/484578.mp3?1656410410,,Decticus_albifrons,Train,,0.356779,data\raw\species40\Train\Decticus_albifrons_IN123809908_484578.mp3
Yoyetta_repetens_IN147227689_588163.mp3,Yoyetta_repetens,Cicadidae,http://creativecommons.org/licenses/by-nc/4.0/,Joel Poyitt,https://www.inaturalist.org/observations/147227689,https://static.inaturalist.org/sounds/588163.m4a?1674517888,,Yoyetta_repetens,Train,,0.132179,data\raw\species40\Train\Yoyetta_repetens_IN147227689_588163.mp3
Neotibicen_pruinosus_IN168566545_745948.mp3,Neotibicen_pruinosus,Cicadidae,http://creativecommons.org/licenses/by-nc/4.0/,rekanter,https://www.inaturalist.org/observations/168566545,https://static.inaturalist.org/sounds/745948.m4a?1687301056,,Neotibicen_pruinosus,Train,,0.740135,data\raw\species40\Train\Neotibicen_pruinosus_IN168566545_745948.mp3
Cicada_barbara_IN86983138_274485.wav,Cicada_barbara,Cicadidae,http://creativecommons.org/licenses/by-nc/4.0/,joaotomas,https://www.inaturalist.org/observations/86983138,https://static.inaturalist.org/sounds/274485.wav?1626272001,,Cicada_barbara,Train,,2.005438,data\raw\species40\Train\Cicada_barbara_IN86983138_274485.wav
Neotibicen_tibicen_IN175379590_780003.mp3,Neotibicen_tibicen,Cicadidae,http://creativecommons.org/licenses/by-nc-sa/4.0/,Lee Elliott,https://www.inaturalist.org/observations/175379590,https://static.inaturalist.org/sounds/780003.mp3?1690556837,,Neotibicen_tibicen,Train,,0.537313,data\raw\species40\Train\Neotibicen_tibicen_IN175379590_780003.mp3
Tettigonia_cantans_IN86703498_273275.mp3,Tettigonia_cantans,Orthoptera,http://creativecommons.org/licenses/by-nc/4.0/,C.Huber,https://www.inaturalist.org/observations/86703498,https://static.inaturalist.org/sounds/273275.m4a?1626092983,,Tettigonia_cantans,Train,,0.214,data\raw\species40\Train\Tettigonia_cantans_IN86703498_273275.mp3
Meimuna_opalifera_IN179119690_795589.mp3,Meimuna_opalifera,Cicadidae,http://creativecommons.org/licenses/by-nc/4.0/,Seongwoon_Lee,https://www.inaturalist.org/observations/179119690,https://static.inaturalist.org/sounds/795589.m4a?1692438643,,Meimuna_opalifera,Train,,0.292905,data\raw\species40\Train\Meimuna_opalifera_IN179119690_795589.mp3
Decticus_albifrons_IN179245589_796052.mp3,Decticus_albifrons,Orthoptera,http://creativecommons.org/licenses/by-nc/4.0/,plopuccetti,https://www.inaturalist.org/observations/179245589,https://static.inaturalist.org/sounds/796052.m4a?1692487143,,Decticus_albifrons,Train,,0.383348,data\raw\species40\Train\Decticus_albifrons_IN179245589_796052.mp3
Neotibicen_tibicen_IN56078487_129231.wav,Neotibicen_tibicen,Cicadidae,http://creativecommons.org/licenses/by-nc/4.0/,Kyle Brown,https://www.inaturalist.org/observations/56078487,https://static.inaturalist.org/sounds/129231.wav?1597102687,,Neotibicen_tibicen,Train,,0.667832,data\raw\species40\Train\Neotibicen_tibicen_IN56078487_129231.wav
Pseudochorthippus_parallelus_XC882128.mp3,Pseudochorthippus_parallelus,Orthoptera,//creativecommons.org/licenses/by-nc-sa/4.0/,Noud van den Berg,https://xeno-canto.org/882128,https://xeno-canto.org/882128/download,Passer domesticus,Pseudochorthippus_parallelus,Train,,0.255631,data\raw\species40\Train\Pseudochorthippus_parallelus_XC882128.mp3
Cyclochila_australasiae_IN98958802_319372.mp3,Cyclochila_australasiae,Cicadidae,http://creativecommons.org/licenses/by-nc/4.0/,aarong,https://www.inaturalist.org/observations/98958802,https://static.inaturalist.org/sounds/319372.m4a?1634891936,,Cyclochila_australasiae,Train,,0.183311,data\raw\species40\Train\Cyclochila_australasiae_IN98958802_319372.mp3
Pholidoptera_griseoaptera_XC751506.wav,Pholidoptera_griseoaptera,Orthoptera,//creativecommons.org/licenses/by-sa/4.0/,Baudewijn Odé,https://xeno-canto.org/751506,https://xeno-canto.org/751506/download,,Pholidoptera_griseoaptera,Train,,1.526524,data\raw\species40\Train\Pholidoptera_griseoaptera_XC751506.wav
Gryllus_bimaculatus_IN222813874_1094526.mp3,Gryllus_bimaculatus,Orthoptera,http://creativecommons.org/licenses/by-nc/4.0/,Stefan Greif,https://www.inaturalist.org/observations/222813874,https://static.inaturalist.org/sounds/1094526.m4a?1718441295,,Gryllus_bimaculatus,Train,,0.220237,data\raw\species40\Train\Gryllus_bimaculatus_IN222813874_1094526.mp3
Yoyetta_repetens_IN199956928_903798.mp3,Yoyetta_repetens,Cicadidae,http://creativecommons.org/licenses/by-nc/4.0/,Joel Poyitt,https://www.inaturalist.org/observations/199956928,https://static.inaturalist.org/sounds/903798.m4a?1708483094,,Yoyetta_repetens,Train,,0.133495,data\raw\species40\Train\Yoyetta_repetens_IN199956928_903798.mp3
Chorthippus_brunneus_IN133738978_531227.mp3,Chorthippus_brunneus,Orthoptera,http://creativecommons.org/licenses/by/4.0/,E. A.,https://www.inaturalist.org/observations/133738978,https://static.inaturalist.org/sounds/531227.mp3?1662368656,,Chorthippus_brunneus,Train,,0.097568,data\raw\species40\Train\Chorthippus_brunneus_IN133738978_531227.mp3
Neotibicen_robinsonianus_IN88679828_282393.mp3,Neotibicen_robinsonianus,Cicadidae,http://creativecommons.org/licenses/by-nc/4.0/,boverser,https://www.inaturalist.org/observations/88679828,https://static.inaturalist.org/sounds/282393.m4a?1627303221,,Neotibicen_robinsonianus,Train,,0.254247,data\raw\species40\Train\Neotibicen_robinsonianus_IN88679828_282393.mp3
Meimuna_opalifera_IN132237721_526375.wav,Meimuna_opalifera,Cicadidae,http://creativecommons.org/licenses/by-nc/4.0/,WATANABE Hitoshi 渡辺仁,https://www.inaturalist.org/observations/132237721,https://static.inaturalist.org/sounds/526375.wav?1661403363,,Meimuna_opalifera,Train,,0.683455,data\raw\species40\Train\Meimuna_opalifera_IN132237721_526375.wav
Meimuna_opalifera_IN95489073_307509.mp3,Meimuna_opalifera,Cicadidae,http://creativecommons.org/licenses/by-nc/4.0/,syltetoejsglas,https://www.inaturalist.org/observations/95489073,https://static.inaturalist.org/sounds/307509.m4a?1632103800,,Meimuna_opalifera,Train,,0.516362,data\raw\species40\Train\Meimuna_opalifera_IN95489073_307509.mp3
Neotibicen_tibicen_IN126829678_502198.mp3,Neotibicen_tibicen,Cicadidae,http://creativecommons.org/licenses/by-nc/4.0/,Michael W Plauché,https://www.inaturalist.org/observations/126829678,https://static.inaturalist.org/sounds/502198.m4a?1658161428,,Neotibicen_tibicen,Train,,0.222203,data\raw\species40\Train\Neotibicen_tibicen_IN126829678_502198.mp3
Tettigettalna_argentata_IN86314276_271370.mp3,Tettigettalna_argentata,Cicadidae,http://creativecommons.org/licenses/by-nc/4.0/,hiporame,https://www.inaturalist.org/observations/86314276,https://static.inaturalist.org/sounds/271370.m4a?1625858601,,Tettigettalna_argentata,Train,,0.407203,data\raw\species40\Train\Tettigettalna_argentata_IN86314276_271370.mp3
Decticus_albifrons_XC804524.mp3,Decticus_albifrons,Orthoptera,//creativecommons.org/licenses/by-nc-sa/4.0/,Gautier Laurent,https://xeno-canto.org/804524,https://xeno-canto.org/804524/download,,Decticus_albifrons,Train,,0.076438,data\raw\species40\Train\Decticus_albifrons_XC804524.mp3
Henicopsaltria_eydouxii_IN103861645_341238.mp3,Henicopsaltria_eydouxii,Cicadidae,http://creativecommons.org/licenses/by-nc/4.0/,Joel Poyitt,https://www.inaturalist.org/observations/103861645,https://static.inaturalist.org/sounds/341238.m4a?1640744627,,Henicopsaltria_eydouxii,Train,,0.21053,data\raw\species40\Train\Henicopsaltria_eydouxii_IN103861645_341238.mp3
Meimuna_opalifera_IN93819252_301933.mp3,Meimuna_opalifera,Cicadidae,http://creativecommons.org/licenses/by-nc/4.0/,syltetoejsglas,https://www.inaturalist.org/observations/93819252,https://static.inaturalist.org/sounds/301933.m4a?1630900300,,Meimuna_opalifera,Train,,0.255553,data\raw\species40\Train\Meimuna_opalifera_IN93819252_301933.mp3
Roeseliana_roeselii_IN229233886_1131846.mp3,Roeseliana_roeselii,Orthoptera,http://creativecommons.org/licenses/by-nc/4.0/,Karol Łanocha,https://www.inaturalist.org/observations/229233886,https://static.inaturalist.org/sounds/1131846.m4a?1720956197,,Roeseliana_roeselii,Train,,0.159051,data\raw\species40\Train\Roeseliana_roeselii_IN229233886_1131846.mp3
Yoyetta_repetens_IN197041763_879327.mp3,Yoyetta_repetens,Cicadidae,http://creativecommons.org/licenses/by-nc/4.0/,Joel Poyitt,https://www.inaturalist.org/observations/197041763,https://static.inaturalist.org/sounds/879327.m4a?1705641027,,Yoyetta_repetens,Train,,0.144605,data\raw\species40\Train\Yoyetta_repetens_IN197041763_879327.mp3
Magicicada_septendecim_IN80607222_236884.mp3,Magicicada_septendecim,Cicadidae,http://creativecommons.org/licenses/by-nc/4.0/,cmciv,https://www.inaturalist.org/observations/80607222,https://static.inaturalist.org/sounds/236884.mp3?1622209166,,Magicicada_septendecim,Train,,0.291111,data\raw\species40\Train\Magicicada_septendecim_IN80607222_236884.mp3
Yoyetta_repetens_IN9864710_17780.mp3,Yoyetta_repetens,Cicadidae,http://creativecommons.org/licenses/by-nc/4.0/,Joel Poyitt,https://www.inaturalist.org/observations/9864710,https://static.inaturalist.org/sounds/17780.m4a?1518669522,,Yoyetta_repetens,Train,,0.202066,data\raw\species40\Train\Yoyetta_repetens_IN9864710_17780.mp3
Cyclochila_australasiae_IN18122797_27186.wav,Cyclochila_australasiae,Cicadidae,http://creativecommons.org/licenses/by-nc/4.0/,Christie,https://www.inaturalist.org/observations/18122797,https://static.inaturalist.org/sounds/27186.wav?1541409066,,Cyclochila_australasiae,Train,,0.455549,data\raw\species40\Train\Cyclochila_australasiae_IN18122797_27186.wav
Yoyetta_repetens_IN36334029_51691.wav,Yoyetta_repetens,Cicadidae,http://creativecommons.org/licenses/by-nc/4.0/,Christie,https://www.inaturalist.org/observations/36334029,https://static.inaturalist.org/sounds/51691.wav?1575421533,,Yoyetta_repetens,Train,,0.640225,data\raw\species40\Train\Yoyetta_repetens_IN36334029_51691.wav
Magicicada_septendecim_IN81949639_246940.mp3,Magicicada_septendecim,Cicadidae,http://creativecommons.org/licenses/by-nc/4.0/,kikifireball,https://www.inaturalist.org/observations/81949639,https://static.inaturalist.org/sounds/246940.m4a?1623022772,,Magicicada_septendecim,Train,,0.290642,data\raw\species40\Train\Magicicada_septendecim_IN81949639_246940.mp3
Gryllus_bimaculatus_IN59822349_136639.mp3,Gryllus_bimaculatus,Orthoptera,http://creativecommons.org/licenses/by-nc/4.0/,Joachim Wimmer,https://www.inaturalist.org/observations/59822349,https://static.inaturalist.org/sounds/136639.m4a?1600293621,,Gryllus_bimaculatus,Train,,0.147398,data\raw\species40\Train\Gryllus_bimaculatus_IN59822349_136639.mp3
Tettigettalna_argentata_IN129007406_512168.mp3,Tettigettalna_argentata,Cicadidae,http://creativecommons.org/licenses/by-nc/4.0/,Nelson Conceição,https://www.inaturalist.org/observations/129007406,https://static.inaturalist.org/sounds/512168.mp3?1659374861,,Tettigettalna_argentata,Train,,2.188337,data\raw\species40\Train\Tettigettalna_argentata_IN129007406_512168.mp3
Cicada_barbara_IN172888869_768966.mp3,Cicada_barbara,Cicadidae,http://creativecommons.org/licenses/by/4.0/,Duarte Frade,https://www.inaturalist.org/observations/172888869,https://static.inaturalist.org/sounds/768966.mp3?1689361354,,Cicada_barbara,Train,,0.474383,data\raw\species40\Train\Cicada_barbara_IN172888869_768966.mp3
Popplepsalta_notialis_IN103068008_337589.wav,Popplepsalta_notialis,Cicadidae,http://creativecommons.org/licenses/by-nc/4.0/,Christie,https://www.inaturalist.org/observations/103068008,https://static.inaturalist.org/sounds/337589.wav?1639524955,,Popplepsalta_notialis,Train,,0.996082,data\raw\species40\Train\Popplepsalta_notialis_IN103068008_337589.wav
Yoyetta_repetens_IN96855884_311876.mp3,Yoyetta_repetens,Cicadidae,http://creativecommons.org/licenses/by-nc/4.0/,Joel Poyitt,https://www.inaturalist.org/observations/96855884,https://static.inaturalist.org/sounds/311876.m4a?1633145151,,Yoyetta_repetens,Train,,0.46691,data\raw\species40\Train\Yoyetta_repetens_IN96855884_311876.mp3
Magicicada_cassini_IN222723988_1093960.mp3,Magicicada_cassini,Cicadidae,http://creativecommons.org/licenses/by-nc/4.0/,shewholistens,https://www.inaturalist.org/observations/222723988,https://static.inaturalist.org/sounds/1093960.m4a?1718399839,,Magicicada_cassini,Train,,0.137903,data\raw\species40\Train\Magicicada_cassini_IN222723988_1093960.mp3
Tettigettalna_argentata_IN128137167_508331.mp3,Tettigettalna_argentata,Cicadidae,http://creativecommons.org/licenses/by-nc/4.0/,Daniel J. Aguirre Howes,https://www.inaturalist.org/observations/128137167,https://static.inaturalist.org/sounds/508331.m4a?1658928173,,Tettigettalna_argentata,Train,,0.270124,data\raw\species40\Train\Tettigettalna_argentata_IN128137167_508331.mp3
Chorthippus_biguttulus_XC929871.wav,Chorthippus_biguttulus,Orthoptera,//creativecommons.org/licenses/by-nc-sa/4.0/,Dominik Arend,https://xeno-canto.org/929871,https://xeno-canto.org/929871/download,,Chorthippus_biguttulus,Train,,0.735689,data\raw\species40\Train\Chorthippus_biguttulus_XC929871.wav
Gryllotalpa_gryllotalpa_IN212404931_1008892.mp3,Gryllotalpa_gryllotalpa,Orthoptera,http://creativecommons.org/licenses/by-nc/4.0/,Lennart Mak,https://www.inaturalist.org/observations/212404931,https://static.inaturalist.org/sounds/1008892.m4a?1714515073,,Gryllotalpa_gryllotalpa,Train,,0.171909,data\raw\species40\Train\Gryllotalpa_gryllotalpa_IN212404931_1008892.mp3
Magicicada_septendecim_IN79135592_224068.wav,Magicicada_septendecim,Cicadidae,http://creativecommons.org/licenses/by-nc/4.0/,Sarah Lou H,https://www.inaturalist.org/observations/79135592,https://static.inaturalist.org/sounds/224068.wav?1621251321,,Magicicada_septendecim,Train,,0.457576,data\raw\species40\Train\Magicicada_septendecim_IN79135592_224068.wav
Meimuna_opalifera_IN184485132_817611.mp3,Meimuna_opalifera,Cicadidae,http://creativecommons.org/licenses/by-nc/4.0/,lava_chen,https://www.inaturalist.org/observations/184485132,https://static.inaturalist.org/sounds/817611.mp3?1695443039,,Meimuna_opalifera,Train,,0.478893,data\raw\species40\Train\Meimuna_opalifera_IN184485132_817611.mp3
Henicopsaltria_eydouxii_IN70791568_170011.mp3,Henicopsaltria_eydouxii,Cicadidae,http://creativecommons.org/licenses/by/4.0/,Tim,https://www.inaturalist.org/observations/70791568,https://static.inaturalist.org/sounds/170011.mp3?1615171440,,Henicopsaltria_eydouxii,Train,,0.214286,data\raw\species40\Train\Henicopsaltria_eydouxii_IN70791568_170011.mp3
Microcentrum_rhombifolium_IN137687203_545458.mp3,Microcentrum_rhombifolium,Orthoptera,http://creativecommons.org/licenses/by/4.0/,L.J. Lamera,https://www.inaturalist.org/observations/137687203,https://static.inaturalist.org/sounds/545458.m4a?1665008332,,Microcentrum_rhombifolium,Train,,0.056215,data\raw\species40\Train\Microcentrum_rhombifolium_IN137687203_545458.mp3
Gryllus_bimaculatus_IN106599051_356299.mp3,Gryllus_bimaculatus,Orthoptera,http://creativecommons.org/licenses/by-nc/4.0/,Nelson Conceição,https://www.inaturalist.org/observations/106599051,https://static.inaturalist.org/sounds/356299.mp3?1644661190,,Gryllus_bimaculatus,Train,,0.04001,data\raw\species40\Train\Gryllus_bimaculatus_IN106599051_356299.mp3
Magicicada_cassini_IN217379726_1051991.mp3,Magicicada_cassini,Cicadidae,http://creativecommons.org/licenses/by/4.0/,Tom,https://www.inaturalist.org/observations/217379726,https://static.inaturalist.org/sounds/1051991.m4a?1716330971,,Magicicada_cassini,Train,,0.176754,data\raw\species40\Train\Magicicada_cassini_IN217379726_1051991.mp3
Neotibicen_tibicen_IN230501664_1138011.mp3,Neotibicen_tibicen,Cicadidae,http://creativecommons.org/licenses/by-nc-sa/4.0/,davidenrique,https://www.inaturalist.org/observations/230501664,https://static.inaturalist.org/sounds/1138011.mp3?1721485216,,Neotibicen_tibicen,Train,,0.640782,data\raw\species40\Train\Neotibicen_tibicen_IN230501664_1138011.mp3
Chorthippus_biguttulus_IN178952638_794939.mp3,Chorthippus_biguttulus,Orthoptera,http://creativecommons.org/licenses/by/4.0/,E. A.,https://www.inaturalist.org/observations/178952638,https://static.inaturalist.org/sounds/794939.m4a?1692341621,,Chorthippus_biguttulus,Train,,0.160051,data\raw\species40\Train\Chorthippus_biguttulus_IN178952638_794939.mp3
Neotibicen_canicularis_IN175721055_781352.mp3,Neotibicen_canicularis,Cicadidae,http://creativecommons.org/licenses/by-nc/4.0/,jmac2463,https://www.inaturalist.org/observations/175721055,https://static.inaturalist.org/sounds/781352.m4a?1690723103,,Neotibicen_canicularis,Train,,0.177407,data\raw\species40\Train\Neotibicen_canicularis_IN175721055_781352.mp3
Pseudochorthippus_parallelus_XC913594.wav,Pseudochorthippus_parallelus,Orthoptera,//creativecommons.org/licenses/by-nc-sa/4.0/,Cedric Mroczko,https://xeno-canto.org/913594,https://xeno-canto.org/913594/download,,Pseudochorthippus_parallelus,Train,,2.481157,data\raw\species40\Train\Pseudochorthippus_parallelus_XC913594.wav
Cyclochila_australasiae_IN145492232_578975.mp3,Cyclochila_australasiae,Cicadidae,http://creativecommons.org/licenses/by-nc/4.0/,jhannan,https://www.inaturalist.org/observations/145492232,https://static.inaturalist.org/sounds/578975.m4a?1672480462,,Cyclochila_australasiae,Train,,0.176907,data\raw\species40\Train\Cyclochila_australasiae_IN145492232_578975.mp3
Chorthippus_mollis_IN150075077_607100.mp3,Chorthippus_mollis,Orthoptera,http://creativecommons.org/licenses/by-nc/4.0/,mobbini,https://www.inaturalist.org/observations/150075077,https://static.inaturalist.org/sounds/607100.mp3?1677785373,,Chorthippus_mollis,Train,,0.082658,data\raw\species40\Train\Chorthippus_mollis_IN150075077_607100.mp3
Neotibicen_robinsonianus_IN89513381_285637.wav,Neotibicen_robinsonianus,Cicadidae,http://creativecommons.org/licenses/by-nc/4.0/,George Keller,https://www.inaturalist.org/observations/89513381,https://static.inaturalist.org/sounds/285637.wav?1627840475,,Neotibicen_robinsonianus,Train,,1.617368,data\raw\species40\Train\Neotibicen_robinsonianus_IN89513381_285637.wav
Pseudochorthippus_parallelus_XC785392.mp3,Pseudochorthippus_parallelus,Orthoptera,//creativecommons.org/licenses/by-nc-sa/4.0/,Cedric Mroczko,https://xeno-canto.org/785392,https://xeno-canto.org/785392/download,,Pseudochorthippus_parallelus,Train,25.0,0.052041,data\raw\species40\Train\Pseudochorthippus_parallelus_XC785392.mp3
Chorthippus_brunneus_IN33133227_47334.wav,Chorthippus_brunneus,Orthoptera,http://creativecommons.org/licenses/by/4.0/,Alexis,https://www.inaturalist.org/observations/33133227,https://static.inaturalist.org/sounds/47334.wav?1569079510,,Chorthippus_brunneus,Train,,0.459883,data\raw\species40\Train\Chorthippus_brunneus_IN33133227_47334.wav
Tettigettalna_argentata_IN225285065_1109826.wav,Tettigettalna_argentata,Cicadidae,http://creativecommons.org/licenses/by/4.0/,Yves Bas,https://www.inaturalist.org/observations/225285065,https://static.inaturalist.org/sounds/1109826.wav?1719402442,,Tettigettalna_argentata,Train,,0.964362,data\raw\species40\Train\Tettigettalna_argentata_IN225285065_1109826.wav
Gryllus_pennsylvanicus_IN132499945_527302.mp3,Gryllus_pennsylvanicus,Orthoptera,http://creativecommons.org/licenses/by-nc/4.0/,Liam Ragan,https://www.inaturalist.org/observations/132499945,https://static.inaturalist.org/sounds/527302.m4a?1661667758,,Gryllus_pennsylvanicus,Train,,0.143924,data\raw\species40\Train\Gryllus_pennsylvanicus_IN132499945_527302.mp3
Cystosoma_saundersii_IN94547641_304543.mp3,Cystosoma_saundersii,Cicadidae,http://creativecommons.org/licenses/by-nc/4.0/,Joel Poyitt,https://www.inaturalist.org/observations/94547641,https://static.inaturalist.org/sounds/304543.m4a?1631435058,,Cystosoma_saundersii,Train,,0.078836,data\raw\species40\Train\Cystosoma_saundersii_IN94547641_304543.mp3
Magicicada_septendecim_IN80982789_240103.mp3,Magicicada_septendecim,Cicadidae,http://creativecommons.org/licenses/by-nc/4.0/,harrier,https://www.inaturalist.org/observations/80982789,https://static.inaturalist.org/sounds/240103.m4a?1622427511,,Magicicada_septendecim,Train,,0.177765,data\raw\species40\Train\Magicicada_septendecim_IN80982789_240103.mp3
Chorthippus_brunneus_XC751372.wav,Chorthippus_brunneus,Orthoptera,//creativecommons.org/licenses/by-sa/4.0/,Baudewijn Odé,https://xeno-canto.org/751372,https://xeno-canto.org/751372/download,,Chorthippus_brunneus,Train,,1.900244,data\raw\species40\Train\Chorthippus_brunneus_XC751372.wav
Gryllus_bimaculatus_XC841007.wav,Gryllus_bimaculatus,Orthoptera,//creativecommons.org/licenses/by-nc-sa/4.0/,Giuseppe Speranza,https://xeno-canto.org/841007,https://xeno-canto.org/841007/download,,Gryllus_bimaculatus,Train,23.0,1.161077,data\raw\species40\Train\Gryllus_bimaculatus_XC841007.wav
Pholidoptera_griseoaptera_IN232542335_1147117.mp3,Pholidoptera_griseoaptera,Orthoptera,http://creativecommons.org/licenses/by/4.0/,E. A.,https://www.inaturalist.org/observations/232542335,https://static.inaturalist.org/sounds/1147117.m4a?1722277971,,Pholidoptera_griseoaptera,Train,,0.281077,data\raw\species40\Train\Pholidoptera_griseoaptera_IN232542335_1147117.mp3
Neotibicen_robinsonianus_IN181392357_805012.wav,Neotibicen_robinsonianus,Cicadidae,http://creativecommons.org/licenses/by/4.0/,John Abrams,https://www.inaturalist.org/observations/181392357,https://static.inaturalist.org/sounds/805012.wav?1693668852,,Neotibicen_robinsonianus,Train,,0.877219,data\raw\species40\Train\Neotibicen_robinsonianus_IN181392357_805012.wav
Chorthippus_biguttulus_IN229871283_1134772.mp3,Chorthippus_biguttulus,Orthoptera,http://creativecommons.org/licenses/by-nc/4.0/,admss,https://www.inaturalist.org/observations/229871283,https://static.inaturalist.org/sounds/1134772.mp3?1721212729,,Chorthippus_biguttulus,Train,,0.110021,data\raw\species40\Train\Chorthippus_biguttulus_IN229871283_1134772.mp3
Cystosoma_saundersii_IN183055068_811508.wav,Cystosoma_saundersii,Cicadidae,http://creativecommons.org/licenses/by-nc/4.0/,david emery,https://www.inaturalist.org/observations/183055068,https://static.inaturalist.org/sounds/811508.wav?1694594159,,Cystosoma_saundersii,Train,,2.310433,data\raw\species40\Train\Cystosoma_saundersii_IN183055068_811508.wav
Roeseliana_roeselii_IN177795177_790125.mp3,Roeseliana_roeselii,Orthoptera,http://creativecommons.org/licenses/by/4.0/,mariusfaiss,https://www.inaturalist.org/observations/177795177,https://static.inaturalist.org/sounds/790125.m4a?1691745227,,Roeseliana_roeselii,Train,,0.350934,data\raw\species40\Train\Roeseliana_roeselii_IN177795177_790125.mp3
Popplepsalta_notialis_IN102342225_334770.wav,Popplepsalta_notialis,Cicadidae,http://creativecommons.org/licenses/by-nc/4.0/,Christie,https://www.inaturalist.org/observations/102342225,https://static.inaturalist.org/sounds/334770.wav?1638436511,,Popplepsalta_notialis,Train,,0.387432,data\raw\species40\Train\Popplepsalta_notialis_IN102342225_334770.wav
Tettigettalna_argentata_IN91687934_293526.mp3,Tettigettalna_argentata,Cicadidae,http://creativecommons.org/licenses/by-nc/4.0/,Nelson Conceição,https://www.inaturalist.org/observations/91687934,https://static.inaturalist.org/sounds/293526.mp3?1629327151,,Tettigettalna_argentata,Train,,0.615346,data\raw\species40\Train\Tettigettalna_argentata_IN91687934_293526.mp3
Chorthippus_biguttulus_IN106936474_358425.mp3,Chorthippus_biguttulus,Orthoptera,http://creativecommons.org/licenses/by-nc/4.0/,mobbini,https://www.inaturalist.org/observations/106936474,https://static.inaturalist.org/sounds/358425.mp3?1645127577,,Chorthippus_biguttulus,Train,,0.157935,data\raw\species40\Train\Chorthippus_biguttulus_IN106936474_358425.mp3
Neotibicen_pruinosus_IN55342703_127408.wav,Neotibicen_pruinosus,Cicadidae,http://creativecommons.org/licenses/by/4.0/,Bee Ostrowsky,https://www.inaturalist.org/observations/55342703,https://static.inaturalist.org/sounds/127408.wav?1596502341,,Neotibicen_pruinosus,Train,,0.576517,data\raw\species40\Train\Neotibicen_pruinosus_IN55342703_127408.wav
Neotibicen_robinsonianus_IN85343541_266368.wav,Neotibicen_robinsonianus,Cicadidae,http://creativecommons.org/licenses/by-nc/4.0/,Em,https://www.inaturalist.org/observations/85343541,https://static.inaturalist.org/sounds/266368.wav?1625238958,,Neotibicen_robinsonianus,Train,,0.734579,data\raw\species40\Train\Neotibicen_robinsonianus_IN85343541_266368.wav
Cystosoma_saundersii_IN18515168_27485.mp3,Cystosoma_saundersii,Cicadidae,http://creativecommons.org/licenses/by-nc/4.0/,Joel Poyitt,https://www.inaturalist.org/observations/18515168,https://static.inaturalist.org/sounds/27485.m4a?1648746609,,Cystosoma_saundersii,Train,,0.136926,data\raw\species40\Train\Cystosoma_saundersii_IN18515168_27485.mp3
Pholidoptera_griseoaptera_IN231404253_1142289.mp3,Pholidoptera_griseoaptera,Orthoptera,http://creativecommons.org/publicdomain/zero/1.0/,ahabo,https://www.inaturalist.org/observations/231404253,https://static.inaturalist.org/sounds/1142289.m4a?1721828213,,Pholidoptera_griseoaptera,Train,,0.170267,data\raw\species40\Train\Pholidoptera_griseoaptera_IN231404253_1142289.mp3
Neotibicen_robinsonianus_IN129456697_514434.mp3,Neotibicen_robinsonianus,Cicadidae,http://creativecommons.org/licenses/by-nc/4.0/,joystersm,https://www.inaturalist.org/observations/129456697,https://static.inaturalist.org/sounds/514434.m4a?1659644743,,Neotibicen_robinsonianus,Train,,0.218372,data\raw\species40\Train\Neotibicen_robinsonianus_IN129456697_514434.mp3
Neotibicen_tibicen_IN90293786_288733.mp3,Neotibicen_tibicen,Cicadidae,http://creativecommons.org/licenses/by-nc/4.0/,jeanw,https://www.inaturalist.org/observations/90293786,https://static.inaturalist.org/sounds/288733.m4a?1628361753,,Neotibicen_tibicen,Train,,0.414182,data\raw\species40\Train\Neotibicen_tibicen_IN90293786_288733.mp3
Neotibicen_tibicen_IN194042503_860399.wav,Neotibicen_tibicen,Cicadidae,http://creativecommons.org/licenses/by-nc/4.0/,Brian Wulker,https://www.inaturalist.org/observations/194042503,https://static.inaturalist.org/sounds/860399.wav?1702666971,,Neotibicen_tibicen,Train,,0.866906,data\raw\species40\Train\Neotibicen_tibicen_IN194042503_860399.wav
Gryllus_bimaculatus_IN199184929_896198.mp3,Gryllus_bimaculatus,Orthoptera,http://creativecommons.org/licenses/by-nc/4.0/,James Bailey,https://www.inaturalist.org/observations/199184929,https://static.inaturalist.org/sounds/896198.m4a?1707825020,,Gryllus_bimaculatus,Train,,0.32653,data\raw\species40\Train\Gryllus_bimaculatus_IN199184929_896198.mp3
Chorthippus_brunneus_IN87025323_274689.mp3,Chorthippus_brunneus,Orthoptera,http://creativecommons.org/licenses/by/4.0/,bitsnbirds,https://www.inaturalist.org/observations/87025323,https://static.inaturalist.org/sounds/274689.m4a?1626291098,,Chorthippus_brunneus,Train,,0.446039,data\raw\species40\Train\Chorthippus_brunneus_IN87025323_274689.mp3
Henicopsaltria_eydouxii_IN196264168_874175.wav,Henicopsaltria_eydouxii,Cicadidae,http://creativecommons.org/licenses/by-nc/4.0/,Christie,https://www.inaturalist.org/observations/196264168,https://static.inaturalist.org/sounds/874175.wav?1704963797,,Henicopsaltria_eydouxii,Train,,0.384214,data\raw\species40\Train\Henicopsaltria_eydouxii_IN196264168_874175.wav
Magicicada_cassini_IN80016488_231060.wav,Magicicada_cassini,Cicadidae,http://creativecommons.org/licenses/by-nc/4.0/,George Keller,https://www.inaturalist.org/observations/80016488,https://static.inaturalist.org/sounds/231060.wav?1621805107,,Magicicada_cassini,Train,,0.619077,data\raw\species40\Train\Magicicada_cassini_IN80016488_231060.wav
Decticus_albifrons_IN175562251_780734.wav,Decticus_albifrons,Orthoptera,http://creativecommons.org/licenses/by/4.0/,Rafael Carbonell Font,https://www.inaturalist.org/observations/175562251,https://static.inaturalist.org/sounds/780734.wav?1690647577,,Decticus_albifrons,Train,,1.166148,data\raw\species40\Train\Decticus_albifrons_IN175562251_780734.wav
Gryllotalpa_gryllotalpa_IN161285954_694261.mp3,Gryllotalpa_gryllotalpa,Orthoptera,http://creativecommons.org/licenses/by-nc/4.0/,Philip Schaffer,https://www.inaturalist.org/observations/161285954,https://static.inaturalist.org/sounds/694261.mp3?1683921852,,Gryllotalpa_gryllotalpa,Train,,0.083304,data\raw\species40\Train\Gryllotalpa_gryllotalpa_IN161285954_694261.mp3
Tettigettalna_argentata_IN144144712_573508.mp3,Tettigettalna_argentata,Cicadidae,http://creativecommons.org/licenses/by-nc/4.0/,Axel Gosseries,https://www.inaturalist.org/observations/144144712,https://static.inaturalist.org/sounds/573508.m4a?1671210338,,Tettigettalna_argentata,Train,,0.777334,data\raw\species40\Train\Tettigettalna_argentata_IN144144712_573508.mp3
Chorthippus_brunneus_IN130496372_518975.mp3,Chorthippus_brunneus,Orthoptera,http://creativecommons.org/licenses/by/4.0/,E. A.,https://www.inaturalist.org/observations/130496372,https://static.inaturalist.org/sounds/518975.mp3?1660312784,,Chorthippus_brunneus,Train,,0.087619,data\raw\species40\Train\Chorthippus_brunneus_IN130496372_518975.mp3
Gryllus_pennsylvanicus_IN200304236_906575.mp3,Gryllus_pennsylvanicus,Orthoptera,http://creativecommons.org/licenses/by-nc/4.0/,Rostyslav Yurechko,https://www.inaturalist.org/observations/200304236,https://static.inaturalist.org/sounds/906575.mp3?1708800824,,Gryllus_pennsylvanicus,Train,,0.832756,data\raw\species40\Train\Gryllus_pennsylvanicus_IN200304236_906575.mp3
Henicopsaltria_eydouxii_IN196304050_873999.mp3,Henicopsaltria_eydouxii,Cicadidae,http://creativecommons.org/licenses/by-nc/4.0/,Joel Poyitt,https://www.inaturalist.org/observations/196304050,https://static.inaturalist.org/sounds/873999.m4a?1704922229,,Henicopsaltria_eydouxii,Train,,0.252054,data\raw\species40\Train\Henicopsaltria_eydouxii_IN196304050_873999.mp3
Roeseliana_roeselii_IN143179557_568167.mp3,Roeseliana_roeselii,Orthoptera,http://creativecommons.org/licenses/by-nc/4.0/,mobbini,https://www.inaturalist.org/observations/143179557,https://static.inaturalist.org/sounds/568167.mp3?1669646844,,Roeseliana_roeselii,Train,,0.012642,data\raw\species40\Train\Roeseliana_roeselii_IN143179557_568167.mp3
Cyclochila_australasiae_IN34820132_49160.wav,Cyclochila_australasiae,Cicadidae,http://creativecommons.org/licenses/by-nc/4.0/,Nathan Emery,https://www.inaturalist.org/observations/34820132,https://static.inaturalist.org/sounds/49160.wav?1571906674,,Cyclochila_australasiae,Train,,0.410713,data\raw\species40\Train\Cyclochila_australasiae_IN34820132_49160.wav
Eumodicogryllus_bordigalensis_IN185930768_823798.mp3,Eumodicogryllus_bordigalensis,Orthoptera,http://creativecommons.org/licenses/by-nc/4.0/,Isa Klee,https://www.inaturalist.org/observations/185930768,https://static.inaturalist.org/sounds/823798.m4a?1696269135,,Eumodicogryllus_bordigalensis,Train,,0.271289,data\raw\species40\Train\Eumodicogryllus_bordigalensis_IN185930768_823798.mp3
Tettigettalna_argentata_IN122138080_474327.wav,Tettigettalna_argentata,Cicadidae,http://creativecommons.org/publicdomain/zero/1.0/,elodie8162,https://www.inaturalist.org/observations/122138080,https://static.inaturalist.org/sounds/474327.wav?1655458536,,Tettigettalna_argentata,Train,,1.384811,data\raw\species40\Train\Tettigettalna_argentata_IN122138080_474327.wav
Phaneroptera_nana_IN185462559_821574.mp3,Phaneroptera_nana,Orthoptera,http://creativecommons.org/licenses/by-nc/4.0/,elaphus9,https://www.inaturalist.org/observations/185462559,https://static.inaturalist.org/sounds/821574.mp3?1696012840,,Phaneroptera_nana,Train,,0.172361,data\raw\species40\Train\Phaneroptera_nana_IN185462559_821574.mp3
Tettigettalna_argentata_IN123888003_485081.mp3,Tettigettalna_argentata,Cicadidae,http://creativecommons.org/licenses/by-nc/4.0/,Nelson Conceição,https://www.inaturalist.org/observations/123888003,https://static.inaturalist.org/sounds/485081.mp3?1656450009,,Tettigettalna_argentata,Train,,0.948256,data\raw\species40\Train\Tettigettalna_argentata_IN123888003_485081.mp3
Tettigonia_cantans_IN183877230_814948.mp3,Tettigonia_cantans,Orthoptera,http://creativecommons.org/licenses/by/4.0/,E. A.,https://www.inaturalist.org/observations/183877230,https://static.inaturalist.org/sounds/814948.m4a?1695061973,,Tettigonia_cantans,Train,,0.702514,data\raw\species40\Train\Tettigonia_cantans_IN183877230_814948.mp3
Meimuna_opalifera_IN182912774_810862.wav,Meimuna_opalifera,Cicadidae,http://creativecommons.org/licenses/by-nc/4.0/,eco2005,https://www.inaturalist.org/observations/182912774,https://static.inaturalist.org/sounds/810862.wav?1694500223,,Meimuna_opalifera,Train,,2.352522,data\raw\species40\Train\Meimuna_opalifera_IN182912774_810862.wav
Gryllus_pennsylvanicus_IN58047632_133577.mp3,Gryllus_pennsylvanicus,Orthoptera,http://creativecommons.org/licenses/by-nc/4.0/,David F. Fraser,https://www.inaturalist.org/observations/58047632,https://static.inaturalist.org/sounds/133577.m4a?1598807310,,Gryllus_pennsylvanicus,Train,,0.409781,data\raw\species40\Train\Gryllus_pennsylvanicus_IN58047632_133577.mp3
Pholidoptera_griseoaptera_IN183173299_812004.mp3,Pholidoptera_griseoaptera,Orthoptera,http://creativecommons.org/licenses/by-nc/4.0/,Karol Łanocha,https://www.inaturalist.org/observations/183173299,https://static.inaturalist.org/sounds/812004.m4a?1694664123,,Pholidoptera_griseoaptera,Train,,0.202156,data\raw\species40\Train\Pholidoptera_griseoaptera_IN183173299_812004.mp3
Microcentrum_rhombifolium_IN92686640_297830.mp3,Microcentrum_rhombifolium,Orthoptera,http://creativecommons.org/licenses/by-nc/4.0/,dbeadle,https://www.inaturalist.org/observations/92686640,https://static.inaturalist.org/sounds/297830.mp3?1630083035,,Microcentrum_rhombifolium,Train,,0.051344,data\raw\species40\Train\Microcentrum_rhombifolium_IN92686640_297830.mp3
Chorthippus_brunneus_IN177398077_788501.wav,Chorthippus_brunneus,Orthoptera,http://creativecommons.org/licenses/by-nc/4.0/,Benjamin Schmid,https://www.inaturalist.org/observations/177398077,https://static.inaturalist.org/sounds/788501.wav?1691525241,,Chorthippus_brunneus,Train,,0.357848,data\raw\species40\Train\Chorthippus_brunneus_IN177398077_788501.wav
Tettigonia_cantans_IN177013377_787034.mp3,Tettigonia_cantans,Orthoptera,http://creativecommons.org/licenses/by-nc/4.0/,gianlucacic92,https://www.inaturalist.org/observations/177013377,https://static.inaturalist.org/sounds/787034.m4a?1691345789,,Tettigonia_cantans,Train,,0.176855,data\raw\species40\Train\Tettigonia_cantans_IN177013377_787034.mp3
Tettigettalna_argentata_IN89543958_285722.mp3,Tettigettalna_argentata,Cicadidae,http://creativecommons.org/licenses/by-nc/4.0/,Nelson Conceição,https://www.inaturalist.org/observations/89543958,https://static.inaturalist.org/sounds/285722.mp3?1627851114,,Tettigettalna_argentata,Train,,0.338911,data\raw\species40\Train\Tettigettalna_argentata_IN89543958_285722.mp3
Magicicada_septendecim_IN82958751_253154.mp3,Magicicada_septendecim,Cicadidae,http://creativecommons.org/licenses/by-nc/4.0/,Ty Smith,https://www.inaturalist.org/observations/82958751,https://static.inaturalist.org/sounds/253154.m4a?1623646839,,Magicicada_septendecim,Train,,0.067518,data\raw\species40\Train\Magicicada_septendecim_IN82958751_253154.mp3
Meimuna_opalifera_IN178122165_791611.mp3,Meimuna_opalifera,Cicadidae,http://creativecommons.org/licenses/by-nc/4.0/,kang-min-ho,https://www.inaturalist.org/observations/178122165,https://static.inaturalist.org/sounds/791611.m4a?1691902804,,Meimuna_opalifera,Train,,0.160594,data\raw\species40\Train\Meimuna_opalifera_IN178122165_791611.mp3
Henicopsaltria_eydouxii_IN37862816_55529.mp3,Henicopsaltria_eydouxii,Cicadidae,http://creativecommons.org/licenses/by/4.0/,Thomas Mesaglio,https://www.inaturalist.org/observations/37862816,https://static.inaturalist.org/sounds/55529.m4a?1579747271,,Henicopsaltria_eydouxii,Train,,0.214695,data\raw\species40\Train\Henicopsaltria_eydouxii_IN37862816_55529.mp3
Cyclochila_australasiae_IN19045070_28326.wav,Cyclochila_australasiae,Cicadidae,http://creativecommons.org/licenses/by-nc/4.0/,Christie,https://www.inaturalist.org/observations/19045070,https://static.inaturalist.org/sounds/28326.wav?1544952981,,Cyclochila_australasiae,Train,,0.478767,data\raw\species40\Train\Cyclochila_australasiae_IN19045070_28326.wav
Pseudochorthippus_parallelus_IN136777108_542186.mp3,Pseudochorthippus_parallelus,Orthoptera,http://creativecommons.org/licenses/by-nc/4.0/,Тимофей Палкин,https://www.inaturalist.org/observations/136777108,https://static.inaturalist.org/sounds/542186.m4a?1664344499,,Pseudochorthippus_parallelus,Train,,0.360449,data\raw\species40\Train\Pseudochorthippus_parallelus_IN136777108_542186.mp3
Pholidoptera_griseoaptera_IN104032361_341881.mp3,Pholidoptera_griseoaptera,Orthoptera,http://creativecommons.org/licenses/by-nc/4.0/,mobbini,https://www.inaturalist.org/observations/104032361,https://static.inaturalist.org/sounds/341881.mp3?1640962376,,Pholidoptera_griseoaptera,Train,,0.162273,data\raw\species40\Train\Pholidoptera_griseoaptera_IN104032361_341881.mp3
Meimuna_opalifera_IN97768522_314795.mp3,Meimuna_opalifera,Cicadidae,http://creativecommons.org/licenses/by-nc/4.0/,李成華,https://www.inaturalist.org/observations/97768522,https://static.inaturalist.org/sounds/314795.m4a?1633875054,,Meimuna_opalifera,Train,,0.507757,data\raw\species40\Train\Meimuna_opalifera_IN97768522_314795.mp3
Roeseliana_roeselii_IN227985136_1125163.mp3,Roeseliana_roeselii,Orthoptera,http://creativecommons.org/licenses/by-nc/4.0/,Karol Łanocha,https://www.inaturalist.org/observations/227985136,https://static.inaturalist.org/sounds/1125163.m4a?1720433450,,Roeseliana_roeselii,Train,,0.198028,data\raw\species40\Train\Roeseliana_roeselii_IN227985136_1125163.mp3
Neotibicen_robinsonianus_IN131461929_523028.mp3,Neotibicen_robinsonianus,Cicadidae,http://creativecommons.org/licenses/by-nc/4.0/,Peter M Martin,https://www.inaturalist.org/observations/131461929,https://static.inaturalist.org/sounds/523028.m4a?1660922286,,Neotibicen_robinsonianus,Train,,0.395642,data\raw\species40\Train\Neotibicen_robinsonianus_IN131461929_523028.mp3
Henicopsaltria_eydouxii_IN145735747_580434.mp3,Henicopsaltria_eydouxii,Cicadidae,http://creativecommons.org/licenses/by-nc/4.0/,Joel Poyitt,https://www.inaturalist.org/observations/145735747,https://static.inaturalist.org/sounds/580434.m4a?1672730368,,Henicopsaltria_eydouxii,Train,,0.40571,data\raw\species40\Train\Henicopsaltria_eydouxii_IN145735747_580434.mp3
Eumodicogryllus_bordigalensis_IN220009995_1073966.wav,Eumodicogryllus_bordigalensis,Orthoptera,http://creativecommons.org/licenses/by-nc/4.0/,Johannes Feichtinger,https://www.inaturalist.org/observations/220009995,https://static.inaturalist.org/sounds/1073966.wav?1717341703,,Eumodicogryllus_bordigalensis,Train,,0.53247,data\raw\species40\Train\Eumodicogryllus_bordigalensis_IN220009995_1073966.wav
Henicopsaltria_eydouxii_IN193694977_858892.wav,Henicopsaltria_eydouxii,Cicadidae,http://creativecommons.org/licenses/by-nc/4.0/,Christie,https://www.inaturalist.org/observations/193694977,https://static.inaturalist.org/sounds/858892.wav?1702285691,,Henicopsaltria_eydouxii,Train,,1.304421,data\raw\species40\Train\Henicopsaltria_eydouxii_IN193694977_858892.wav
Gryllus_pennsylvanicus_IN132210343_526227.mp3,Gryllus_pennsylvanicus,Orthoptera,http://creativecommons.org/licenses/by-nc/4.0/,Jo Moore,https://www.inaturalist.org/observations/132210343,https://static.inaturalist.org/sounds/526227.m4a?1661385498,,Gryllus_pennsylvanicus,Train,,0.077617,data\raw\species40\Train\Gryllus_pennsylvanicus_IN132210343_526227.mp3
Chorthippus_brunneus_IN182809590_810456.mp3,Chorthippus_brunneus,Orthoptera,http://creativecommons.org/licenses/by-nc/4.0/,David Nayer,https://www.inaturalist.org/observations/182809590,https://static.inaturalist.org/sounds/810456.mp3?1694442497,,Chorthippus_brunneus,Train,,0.036861,data\raw\species40\Train\Chorthippus_brunneus_IN182809590_810456.mp3
Phaneroptera_nana_XC830150.mp3,Phaneroptera_nana,Orthoptera,//creativecommons.org/licenses/by-nc-sa/4.0/,Fraser Simpson,https://xeno-canto.org/830150,https://xeno-canto.org/830150/download,,Phaneroptera_nana,Train,23.0,0.126081,data\raw\species40\Train\Phaneroptera_nana_XC830150.mp3
Pseudochorthippus_parallelus_XC752314.wav,Pseudochorthippus_parallelus,Orthoptera,//creativecommons.org/licenses/by-sa/4.0/,Baudewijn Odé,https://xeno-canto.org/752314,https://xeno-canto.org/752314/download,,Pseudochorthippus_parallelus,Train,,2.623893,data\raw\species40\Train\Pseudochorthippus_parallelus_XC752314.wav
Chorthippus_brunneus_IN172340539_766187.mp3,Chorthippus_brunneus,Orthoptera,http://creativecommons.org/publicdomain/zero/1.0/,ahabo,https://www.inaturalist.org/observations/172340539,https://static.inaturalist.org/sounds/766187.m4a?1689086904,,Chorthippus_brunneus,Train,,0.19497,data\raw\species40\Train\Chorthippus_brunneus_IN172340539_766187.mp3
Roeseliana_roeselii_IN182789288_810358.mp3,Roeseliana_roeselii,Orthoptera,http://creativecommons.org/licenses/by-nc/4.0/,Karol Łanocha,https://www.inaturalist.org/observations/182789288,https://static.inaturalist.org/sounds/810358.m4a?1694429735,,Roeseliana_roeselii,Train,,0.316391,data\raw\species40\Train\Roeseliana_roeselii_IN182789288_810358.mp3
Pseudochorthippus_parallelus_IN169456722_751328.mp3,Pseudochorthippus_parallelus,Orthoptera,http://creativecommons.org/licenses/by-nc/4.0/,Mike Kerry,https://www.inaturalist.org/observations/169456722,https://static.inaturalist.org/sounds/751328.mp3?1687724572,,Pseudochorthippus_parallelus,Train,,0.384915,data\raw\species40\Train\Pseudochorthippus_parallelus_IN169456722_751328.mp3
Chorthippus_brunneus_IN181781155_806577.mp3,Chorthippus_brunneus,Orthoptera,http://creativecommons.org/licenses/by/4.0/,E. A.,https://www.inaturalist.org/observations/181781155,https://static.inaturalist.org/sounds/806577.m4a?1693852937,,Chorthippus_brunneus,Train,,0.182986,data\raw\species40\Train\Chorthippus_brunneus_IN181781155_806577.mp3
Cyclochila_australasiae_IN64130720_146740.mp3,Cyclochila_australasiae,Cicadidae,http://creativecommons.org/licenses/by-nc/4.0/,Joel Poyitt,https://www.inaturalist.org/observations/64130720,https://static.inaturalist.org/sounds/146740.m4a?1604437045,,Cyclochila_australasiae,Train,,0.192269,data\raw\species40\Train\Cyclochila_australasiae_IN64130720_146740.mp3
Conocephalus_fuscus_XC848033.wav,Conocephalus_fuscus,Orthoptera,//creativecommons.org/licenses/by-sa/4.0/,Baudewijn Odé,https://xeno-canto.org/848033,https://xeno-canto.org/848033/download,,Conocephalus_fuscus,Train,,1.258729,data\raw\species40\Train\Conocephalus_fuscus_XC848033.wav
Gryllotalpa_gryllotalpa_IN154857737_643181.wav,Gryllotalpa_gryllotalpa,Orthoptera,http://creativecommons.org/licenses/by-nc/4.0/,Илья Оголь,https://www.inaturalist.org/observations/154857737,https://static.inaturalist.org/sounds/643181.wav?1681498843,,Gryllotalpa_gryllotalpa,Train,,0.180805,data\raw\species40\Train\Gryllotalpa_gryllotalpa_IN154857737_643181.wav
Gryllotalpa_gryllotalpa_IN156121581_652800.mp3,Gryllotalpa_gryllotalpa,Orthoptera,http://creativecommons.org/licenses/by-nc/4.0/,Miriam Öttl,https://www.inaturalist.org/observations/156121581,https://static.inaturalist.org/sounds/652800.mp3?1682196124,,Gryllotalpa_gryllotalpa,Train,,0.105669,data\raw\species40\Train\Gryllotalpa_gryllotalpa_IN156121581_652800.mp3
Pseudochorthippus_parallelus_IN136550513_541429.mp3,Pseudochorthippus_parallelus,Orthoptera,http://creativecommons.org/licenses/by-nc/4.0/,Тимофей Палкин,https://www.inaturalist.org/observations/136550513,https://static.inaturalist.org/sounds/541429.m4a?1664183092,,Pseudochorthippus_parallelus,Train,,0.115956,data\raw\species40\Train\Pseudochorthippus_parallelus_IN136550513_541429.mp3
Magicicada_septendecim_IN220393658_1076877.mp3,Magicicada_septendecim,Cicadidae,http://creativecommons.org/licenses/by-nc/4.0/,Senna Bryce Robeson,https://www.inaturalist.org/observations/220393658,https://static.inaturalist.org/sounds/1076877.m4a?1717470378,,Magicicada_septendecim,Train,,0.185404,data\raw\species40\Train\Magicicada_septendecim_IN220393658_1076877.mp3
Cyclochila_australasiae_IN36248833_51513.mp3,Cyclochila_australasiae,Cicadidae,http://creativecommons.org/licenses/by-nc/4.0/,Joel Poyitt,https://www.inaturalist.org/observations/36248833,https://static.inaturalist.org/sounds/51513.m4a?1575192635,,Cyclochila_australasiae,Train,,0.162725,data\raw\species40\Train\Cyclochila_australasiae_IN36248833_51513.mp3
Gryllus_bimaculatus_IN175201819_779249.mp3,Gryllus_bimaculatus,Orthoptera,http://creativecommons.org/licenses/by-nc/4.0/,vallridaura,https://www.inaturalist.org/observations/175201819,https://static.inaturalist.org/sounds/779249.mp3?1690465224,,Gryllus_bimaculatus,Train,,0.214272,data\raw\species40\Train\Gryllus_bimaculatus_IN175201819_779249.mp3
Henicopsaltria_eydouxii_IN148492662_595839.mp3,Henicopsaltria_eydouxii,Cicadidae,http://creativecommons.org/licenses/by-nc/4.0/,Joel Poyitt,https://www.inaturalist.org/observations/148492662,https://static.inaturalist.org/sounds/595839.m4a?1676086445,,Henicopsaltria_eydouxii,Train,,0.139507,data\raw\species40\Train\Henicopsaltria_eydouxii_IN148492662_595839.mp3
Gryllotalpa_gryllotalpa_IN211727000_1003826.mp3,Gryllotalpa_gryllotalpa,Orthoptera,http://creativecommons.org/licenses/by-nc/4.0/,henrikepaw,https://www.inaturalist.org/observations/211727000,https://static.inaturalist.org/sounds/1003826.m4a?1714413730,,Gryllotalpa_gryllotalpa,Train,,0.07024,data\raw\species40\Train\Gryllotalpa_gryllotalpa_IN211727000_1003826.mp3
Gryllus_pennsylvanicus_IN180761745_802355.wav,Gryllus_pennsylvanicus,Orthoptera,http://creativecommons.org/licenses/by-nc/4.0/,Sarah Bowman,https://www.inaturalist.org/observations/180761745,https://static.inaturalist.org/sounds/802355.wav?1693314323,,Gryllus_pennsylvanicus,Train,,2.963377,data\raw\species40\Train\Gryllus_pennsylvanicus_IN180761745_802355.wav
Chorthippus_biguttulus_IN137950965_546506.mp3,Chorthippus_biguttulus,Orthoptera,http://creativecommons.org/licenses/by/4.0/,Johan Kjær Prehn,https://www.inaturalist.org/observations/137950965,https://static.inaturalist.org/sounds/546506.mp3?1665216910,,Chorthippus_biguttulus,Train,,0.02375,data\raw\species40\Train\Chorthippus_biguttulus_IN137950965_546506.mp3
Platycleis_albopunctata_XC830647.mp3,Platycleis_albopunctata,Orthoptera,//creativecommons.org/licenses/by-nc-sa/4.0/,Fraser Simpson,https://xeno-canto.org/830647,https://xeno-canto.org/830647/download,,Platycleis_albopunctata,Train,18.0,0.179046,data\raw\species40\Train\Platycleis_albopunctata_XC830647.mp3
Meimuna_opalifera_IN130577206_519403.mp3,Meimuna_opalifera,Cicadidae,http://creativecommons.org/licenses/by-nc/4.0/,grey_wagtail,https://www.inaturalist.org/observations/130577206,https://static.inaturalist.org/sounds/519403.m4a?1660355448,,Meimuna_opalifera,Train,,0.144636,data\raw\species40\Train\Meimuna_opalifera_IN130577206_519403.mp3
Magicicada_septendecim_IN81072403_240758.mp3,Magicicada_septendecim,Cicadidae,http://creativecommons.org/licenses/by-nc/4.0/,Carrie Seltzer,https://www.inaturalist.org/observations/81072403,https://static.inaturalist.org/sounds/240758.m4a?1622487889,,Magicicada_septendecim,Train,,0.146616,data\raw\species40\Train\Magicicada_septendecim_IN81072403_240758.mp3
Chorthippus_brunneus_IN223844693_1101148.wav,Chorthippus_brunneus,Orthoptera,http://creativecommons.org/licenses/by/4.0/,Daniel Linzbauer,https://www.inaturalist.org/observations/223844693,https://static.inaturalist.org/sounds/1101148.wav?1718831142,,Chorthippus_brunneus,Train,,0.452447,data\raw\species40\Train\Chorthippus_brunneus_IN223844693_1101148.wav
Gryllus_bimaculatus_IN140966132_558528.wav,Gryllus_bimaculatus,Orthoptera,http://creativecommons.org/licenses/by/4.0/,Yves Bas,https://www.inaturalist.org/observations/140966132,https://static.inaturalist.org/sounds/558528.wav?1667473484,,Gryllus_bimaculatus,Train,,0.5575,data\raw\species40\Train\Gryllus_bimaculatus_IN140966132_558528.wav
Tettigonia_cantans_IN132399449_526944.wav,Tettigonia_cantans,Orthoptera,http://creativecommons.org/licenses/by-nc/4.0/,maximion,https://www.inaturalist.org/observations/132399449,https://static.inaturalist.org/sounds/526944.wav?1661519381,,Tettigonia_cantans,Train,,0.171953,data\raw\species40\Train\Tettigonia_cantans_IN132399449_526944.wav
Roeseliana_roeselii_IN130279211_518121.mp3,Roeseliana_roeselii,Orthoptera,http://creativecommons.org/licenses/by-nc/4.0/,Philip Holdridge,https://www.inaturalist.org/observations/130279211,https://static.inaturalist.org/sounds/518121.mp3?1660158540,,Roeseliana_roeselii,Train,,0.079543,data\raw\species40\Train\Roeseliana_roeselii_IN130279211_518121.mp3
Roeseliana_roeselii_IN128117725_508250.mp3,Roeseliana_roeselii,Orthoptera,http://creativecommons.org/licenses/by-nc/4.0/,markussehnal,https://www.inaturalist.org/observations/128117725,https://static.inaturalist.org/sounds/508250.m4a?1658914289,,Roeseliana_roeselii,Train,,0.219535,data\raw\species40\Train\Roeseliana_roeselii_IN128117725_508250.mp3
Pseudochorthippus_parallelus_IN181750179_806429.mp3,Pseudochorthippus_parallelus,Orthoptera,http://creativecommons.org/licenses/by-nc/4.0/,Miriam Öttl,https://www.inaturalist.org/observations/181750179,https://static.inaturalist.org/sounds/806429.m4a?1693841366,,Pseudochorthippus_parallelus,Train,,0.044206,data\raw\species40\Train\Pseudochorthippus_parallelus_IN181750179_806429.mp3
Tettigonia_cantans_IN88382046_281230.mp3,Tettigonia_cantans,Orthoptera,http://creativecommons.org/licenses/by-nc/4.0/,gernotkunz,https://www.inaturalist.org/observations/88382046,https://static.inaturalist.org/sounds/281230.m4a?1627132311,,Tettigonia_cantans,Train,,0.120675,data\raw\species40\Train\Tettigonia_cantans_IN88382046_281230.mp3
Chorthippus_brunneus_IN173016783_769624.wav,Chorthippus_brunneus,Orthoptera,http://creativecommons.org/licenses/by-nc/4.0/,Benjamin Schmid,https://www.inaturalist.org/observations/173016783,https://static.inaturalist.org/sounds/769624.wav?1689431386,,Chorthippus_brunneus,Train,,0.931263,data\raw\species40\Train\Chorthippus_brunneus_IN173016783_769624.wav
Microcentrum_rhombifolium_IN93117300_299507.mp3,Microcentrum_rhombifolium,Orthoptera,http://creativecommons.org/licenses/by-nc/4.0/,Carl-Adam Wegenschimmel,https://www.inaturalist.org/observations/93117300,https://static.inaturalist.org/sounds/299507.m4a?1630383025,,Microcentrum_rhombifolium,Train,,0.468273,data\raw\species40\Train\Microcentrum_rhombifolium_IN93117300_299507.mp3
Popplepsalta_notialis_IN143002781_567624.mp3,Popplepsalta_notialis,Cicadidae,http://creativecommons.org/licenses/by-nc/4.0/,Joel Poyitt,https://www.inaturalist.org/observations/143002781,https://static.inaturalist.org/sounds/567624.m4a?1669523130,,Popplepsalta_notialis,Train,,0.261313,data\raw\species40\Train\Popplepsalta_notialis_IN143002781_567624.mp3
Meimuna_opalifera_IN135736426_538440.wav,Meimuna_opalifera,Cicadidae,http://creativecommons.org/licenses/by-nc/4.0/,Chen Shu,https://www.inaturalist.org/observations/135736426,https://static.inaturalist.org/sounds/538440.wav?1663640424,,Meimuna_opalifera,Train,,1.406263,data\raw\species40\Train\Meimuna_opalifera_IN135736426_538440.wav
Conocephalus_fuscus_XC766852.wav,Conocephalus_fuscus,Orthoptera,//creativecommons.org/licenses/by-nc-sa/4.0/,Stanislas Wroza,https://xeno-canto.org/766852,https://xeno-canto.org/766852/download,,Conocephalus_fuscus,Train,,2.338045,data\raw\species40\Train\Conocephalus_fuscus_XC766852.wav
Chorthippus_biguttulus_IN147895806_591931.wav,Chorthippus_biguttulus,Orthoptera,http://creativecommons.org/licenses/by-nc/4.0/,Natalia Ionina,https://www.inaturalist.org/observations/147895806,https://static.inaturalist.org/sounds/591931.wav?1675356353,,Chorthippus_biguttulus,Train,,0.676321,data\raw\species40\Train\Chorthippus_biguttulus_IN147895806_591931.wav
Tettigonia_cantans_IN89962958_287483.mp3,Tettigonia_cantans,Orthoptera,http://creativecommons.org/licenses/by/4.0/,Александр Ермаков,https://www.inaturalist.org/observations/89962958,https://static.inaturalist.org/sounds/287483.mp3?1628115936,,Tettigonia_cantans,Train,,0.218996,data\raw\species40\Train\Tettigonia_cantans_IN89962958_287483.mp3
Phaneroptera_nana_IN133967346_531855.wav,Phaneroptera_nana,Orthoptera,http://creativecommons.org/licenses/by-nc/4.0/,hanajos,https://www.inaturalist.org/observations/133967346,https://static.inaturalist.org/sounds/531855.wav?1662501301,,Phaneroptera_nana,Train,,0.756594,data\raw\species40\Train\Phaneroptera_nana_IN133967346_531855.wav
Cyclochila_australasiae_IN8756052_17177.wav,Cyclochila_australasiae,Cicadidae,http://creativecommons.org/licenses/by-nc/4.0/,Nathan Emery,https://www.inaturalist.org/observations/8756052,https://static.inaturalist.org/sounds/17177.wav?1515984357,,Cyclochila_australasiae,Train,,0.69107,data\raw\species40\Train\Cyclochila_australasiae_IN8756052_17177.wav
Cyclochila_australasiae_IN139297322_551983.mp3,Cyclochila_australasiae,Cicadidae,http://creativecommons.org/licenses/by/4.0/,ianrainbow,https://www.inaturalist.org/observations/139297322,https://static.inaturalist.org/sounds/551983.m4a?1666240565,,Cyclochila_australasiae,Train,,0.225013,data\raw\species40\Train\Cyclochila_australasiae_IN139297322_551983.mp3
Eumodicogryllus_bordigalensis_IN132914156_528601.wav,Eumodicogryllus_bordigalensis,Orthoptera,http://creativecommons.org/licenses/by-nc/4.0/,anetteffm,https://www.inaturalist.org/observations/132914156,https://static.inaturalist.org/sounds/528601.wav?1661835130,,Eumodicogryllus_bordigalensis,Train,,1.035371,data\raw\species40\Train\Eumodicogryllus_bordigalensis_IN132914156_528601.wav
Gryllus_pennsylvanicus_IN132874748_528441.wav,Gryllus_pennsylvanicus,Orthoptera,http://creativecommons.org/licenses/by-nc/4.0/,Richard Hedley,https://www.inaturalist.org/observations/132874748,https://static.inaturalist.org/sounds/528441.wav?1661809050,,Gryllus_pennsylvanicus,Train,,0.534738,data\raw\species40\Train\Gryllus_pennsylvanicus_IN132874748_528441.wav
Cyclochila_australasiae_IN18533424_27764.wav,Cyclochila_australasiae,Cicadidae,http://creativecommons.org/licenses/by-nc/4.0/,Christie,https://www.inaturalist.org/observations/18533424,https://static.inaturalist.org/sounds/27764.wav?1543571973,,Cyclochila_australasiae,Train,,0.587473,data\raw\species40\Train\Cyclochila_australasiae_IN18533424_27764.wav
Meimuna_opalifera_IN131429250_522909.mp3,Meimuna_opalifera,Cicadidae,http://creativecommons.org/licenses/by-nc/4.0/,koki_yamazaki,https://www.inaturalist.org/observations/131429250,https://static.inaturalist.org/sounds/522909.m4a?1660896358,,Meimuna_opalifera,Train,,0.281292,data\raw\species40\Train\Meimuna_opalifera_IN131429250_522909.mp3
Magicicada_septendecim_IN222066774_1089291.mp3,Magicicada_septendecim,Cicadidae,http://creativecommons.org/licenses/by/4.0/,Tom,https://www.inaturalist.org/observations/222066774,https://static.inaturalist.org/sounds/1089291.m4a?1718125929,,Magicicada_septendecim,Train,,0.175872,data\raw\species40\Train\Magicicada_septendecim_IN222066774_1089291.mp3
Neotibicen_canicularis_IN196664582_875552.wav,Neotibicen_canicularis,Cicadidae,http://creativecommons.org/licenses/by-nc/4.0/,Penguin,https://www.inaturalist.org/observations/196664582,https://static.inaturalist.org/sounds/875552.wav?1705243006,,Neotibicen_canicularis,Train,,0.713816,data\raw\species40\Train\Neotibicen_canicularis_IN196664582_875552.wav
Meimuna_opalifera_IN96446827_310419.mp3,Meimuna_opalifera,Cicadidae,http://creativecommons.org/licenses/by-nc/4.0/,syltetoejsglas,https://www.inaturalist.org/observations/96446827,https://static.inaturalist.org/sounds/310419.m4a?1632805485,,Meimuna_opalifera,Train,,0.305822,data\raw\species40\Train\Meimuna_opalifera_IN96446827_310419.mp3
Tettigonia_cantans_IN57463934_132409.mp3,Tettigonia_cantans,Orthoptera,http://creativecommons.org/licenses/by/4.0/,Jeremy Barker,https://www.inaturalist.org/observations/57463934,https://static.inaturalist.org/sounds/132409.m4a?1598291445,,Tettigonia_cantans,Train,,0.146053,data\raw\species40\Train\Tettigonia_cantans_IN57463934_132409.mp3
Roeseliana_roeselii_XC816622.mp3,Roeseliana_roeselii,Orthoptera,//creativecommons.org/licenses/by-nc-sa/4.0/,Vincent Pourchaire,https://xeno-canto.org/816622,https://xeno-canto.org/816622/download,,Roeseliana_roeselii,Train,28.0,0.939585,data\raw\species40\Train\Roeseliana_roeselii_XC816622.mp3
Decticus_albifrons_IN225907654_1113654.mp3,Decticus_albifrons,Orthoptera,http://creativecommons.org/licenses/by-nc/4.0/,thibaut_ferraille,https://www.inaturalist.org/observations/225907654,https://static.inaturalist.org/sounds/1113654.mp3?1719663022,,Decticus_albifrons,Train,,0.032447,data\raw\species40\Train\Decticus_albifrons_IN225907654_1113654.mp3
Meimuna_opalifera_IN130343792_518406.mp3,Meimuna_opalifera,Cicadidae,http://creativecommons.org/licenses/by-nc/4.0/,goronon,https://www.inaturalist.org/observations/130343792,https://static.inaturalist.org/sounds/518406.m4a?1660201225,,Meimuna_opalifera,Train,,0.173201,data\raw\species40\Train\Meimuna_opalifera_IN130343792_518406.mp3
Popplepsalta_notialis_IN34763204_49046.wav,Popplepsalta_notialis,Cicadidae,http://creativecommons.org/licenses/by-nc/4.0/,Christie,https://www.inaturalist.org/observations/34763204,https://static.inaturalist.org/sounds/49046.wav?1571793817,,Popplepsalta_notialis,Train,,1.316628,data\raw\species40\Train\Popplepsalta_notialis_IN34763204_49046.wav
Cyclochila_australasiae_IN149289175_596925.wav,Cyclochila_australasiae,Cicadidae,http://creativecommons.org/licenses/by-nc/4.0/,Lava,https://www.inaturalist.org/observations/149289175,https://static.inaturalist.org/sounds/596925.wav?1676259854,,Cyclochila_australasiae,Train,,0.423188,data\raw\species40\Train\Cyclochila_australasiae_IN149289175_596925.wav
Roeseliana_roeselii_XC847743.wav,Roeseliana_roeselii,Orthoptera,//creativecommons.org/licenses/by-sa/4.0/,Baudewijn Odé,https://xeno-canto.org/847743,https://xeno-canto.org/847743/download,Pseudochorthippus parallelus,Roeseliana_roeselii,Train,22.0,2.785467,data\raw\species40\Train\Roeseliana_roeselii_XC847743.wav
Tettigonia_cantans_IN232070320_1144981.mp3,Tettigonia_cantans,Orthoptera,http://creativecommons.org/licenses/by/4.0/,E. A.,https://www.inaturalist.org/observations/232070320,https://static.inaturalist.org/sounds/1144981.m4a?1722100781,,Tettigonia_cantans,Train,,0.16985,data\raw\species40\Train\Tettigonia_cantans_IN232070320_1144981.mp3
Chorthippus_biguttulus_IN183482572_813386.mp3,Chorthippus_biguttulus,Orthoptera,http://creativecommons.org/licenses/by-nc/4.0/,Karol Łanocha,https://www.inaturalist.org/observations/183482572,https://static.inaturalist.org/sounds/813386.m4a?1694862158,,Chorthippus_biguttulus,Train,,0.280215,data\raw\species40\Train\Chorthippus_biguttulus_IN183482572_813386.mp3
Tettigonia_cantans_IN185757150_822999.mp3,Tettigonia_cantans,Orthoptera,http://creativecommons.org/licenses/by-nc/4.0/,gianlucacic92,https://www.inaturalist.org/observations/185757150,https://static.inaturalist.org/sounds/822999.m4a?1696177841,,Tettigonia_cantans,Train,,0.195867,data\raw\species40\Train\Tettigonia_cantans_IN185757150_822999.mp3
Tettigonia_cantans_IN54209218_124222.mp3,Tettigonia_cantans,Orthoptera,http://creativecommons.org/licenses/by-sa/4.0/,jfgodeau,https://www.inaturalist.org/observations/54209218,https://static.inaturalist.org/sounds/124222.mp3?1595630622,,Tettigonia_cantans,Train,,0.189802,data\raw\species40\Train\Tettigonia_cantans_IN54209218_124222.mp3
Conocephalus_fuscus_IN134213540_532616.mp3,Conocephalus_fuscus,Orthoptera,http://creativecommons.org/licenses/by-nc/4.0/,Тимофей Палкин,https://www.inaturalist.org/observations/134213540,https://static.inaturalist.org/sounds/532616.m4a?1662667491,,Conocephalus_fuscus,Train,,0.348377,data\raw\species40\Train\Conocephalus_fuscus_IN134213540_532616.mp3
Popplepsalta_notialis_IN62877357_143485.wav,Popplepsalta_notialis,Cicadidae,http://creativecommons.org/licenses/by-nc/4.0/,Joel Poyitt,https://www.inaturalist.org/observations/62877357,https://static.inaturalist.org/sounds/143485.mpga?1603013221,,Popplepsalta_notialis,Train,,1.010767,data\raw\species40\Train\Popplepsalta_notialis_IN62877357_143485.wav
Popplepsalta_notialis_IN36334045_51690.wav,Popplepsalta_notialis,Cicadidae,http://creativecommons.org/licenses/by-nc/4.0/,Christie,https://www.inaturalist.org/observations/36334045,https://static.inaturalist.org/sounds/51690.wav?1575421523,,Popplepsalta_notialis,Train,,0.894848,data\raw\species40\Train\Popplepsalta_notialis_IN36334045_51690.wav
Microcentrum_rhombifolium_IN186487822_826236.mp3,Microcentrum_rhombifolium,Orthoptera,http://creativecommons.org/licenses/by-nc/4.0/,D.J. McNeil,https://www.inaturalist.org/observations/186487822,https://static.inaturalist.org/sounds/826236.m4a?1696643989,,Microcentrum_rhombifolium,Train,,0.099855,data\raw\species40\Train\Microcentrum_rhombifolium_IN186487822_826236.mp3
Chorthippus_brunneus_XC815884.wav,Chorthippus_brunneus,Orthoptera,//creativecommons.org/licenses/by-nc-sa/4.0/,Stuart Fisher,https://xeno-canto.org/815884,https://xeno-canto.org/815884/download,,Chorthippus_brunneus,Train,20.0,2.20159,data\raw\species40\Train\Chorthippus_brunneus_XC815884.wav
Gryllus_bimaculatus_IN135975118_539343.mp3,Gryllus_bimaculatus,Orthoptera,http://creativecommons.org/licenses/by-nc/4.0/,Benjamin ZELVELDER,https://www.inaturalist.org/observations/135975118,https://static.inaturalist.org/sounds/539343.m4a?1663800680,,Gryllus_bimaculatus,Train,,0.089452,data\raw\species40\Train\Gryllus_bimaculatus_IN135975118_539343.mp3
Popplepsalta_notialis_IN19060702_28345.wav,Popplepsalta_notialis,Cicadidae,http://creativecommons.org/licenses/by-nc/4.0/,Christie,https://www.inaturalist.org/observations/19060702,https://static.inaturalist.org/sounds/28345.wav?1545012411,,Popplepsalta_notialis,Train,,2.542789,data\raw\species40\Train\Popplepsalta_notialis_IN19060702_28345.wav
Phaneroptera_nana_XC752728.wav,Phaneroptera_nana,Orthoptera,//creativecommons.org/licenses/by-nc-sa/4.0/,Rob Felix,https://xeno-canto.org/752728,https://xeno-canto.org/752728/download,,Phaneroptera_nana,Train,20.0,2.266541,data\raw\species40\Train\Phaneroptera_nana_XC752728.wav
Cyclochila_australasiae_IN65406480_150267.mp3,Cyclochila_australasiae,Cicadidae,http://creativecommons.org/licenses/by/4.0/,Tim,https://www.inaturalist.org/observations/65406480,https://static.inaturalist.org/sounds/150267.mp3?1606055619,,Cyclochila_australasiae,Train,,0.03698,data\raw\species40\Train\Cyclochila_australasiae_IN65406480_150267.mp3
Chorthippus_biguttulus_IN135935822_539179.mp3,Chorthippus_biguttulus,Orthoptera,http://creativecommons.org/licenses/by/4.0/,E. A.,https://www.inaturalist.org/observations/135935822,https://static.inaturalist.org/sounds/539179.mp3?1663781089,,Chorthippus_biguttulus,Train,,0.105794,data\raw\species40\Train\Chorthippus_biguttulus_IN135935822_539179.mp3
Meimuna_opalifera_IN94411201_304086.mp3,Meimuna_opalifera,Cicadidae,http://creativecommons.org/licenses/by-nc/4.0/,fossiluncle,https://www.inaturalist.org/observations/94411201,https://static.inaturalist.org/sounds/304086.m4a?1631344942,,Meimuna_opalifera,Train,,0.161629,data\raw\species40\Train\Meimuna_opalifera_IN94411201_304086.mp3
Neotibicen_canicularis_IN90766188_290311.mp3,Neotibicen_canicularis,Cicadidae,http://creativecommons.org/licenses/by-nc/4.0/,Jean-Guy Papineau,https://www.inaturalist.org/observations/90766188,https://static.inaturalist.org/sounds/290311.m4a?1628684917,,Neotibicen_canicularis,Train,,0.117382,data\raw\species40\Train\Neotibicen_canicularis_IN90766188_290311.mp3
Pseudochorthippus_parallelus_IN127357680_504788.mp3,Pseudochorthippus_parallelus,Orthoptera,http://creativecommons.org/licenses/by/4.0/,E. A.,https://www.inaturalist.org/observations/127357680,https://static.inaturalist.org/sounds/504788.mp3?1658497801,,Pseudochorthippus_parallelus,Train,,0.170536,data\raw\species40\Train\Pseudochorthippus_parallelus_IN127357680_504788.mp3
Chorthippus_biguttulus_IN178824940_794393.mp3,Chorthippus_biguttulus,Orthoptera,http://creativecommons.org/licenses/by/4.0/,E. A.,https://www.inaturalist.org/observations/178824940,https://static.inaturalist.org/sounds/794393.m4a?1692274442,,Chorthippus_biguttulus,Train,,0.243792,data\raw\species40\Train\Chorthippus_biguttulus_IN178824940_794393.mp3
Roeseliana_roeselii_IN195015814_866340.mp3,Roeseliana_roeselii,Orthoptera,http://creativecommons.org/licenses/by-nc/4.0/,Марина Горбунова-Ëлкина,https://www.inaturalist.org/observations/195015814,https://static.inaturalist.org/sounds/866340.mp3?1703713937,,Roeseliana_roeselii,Train,,0.178832,data\raw\species40\Train\Roeseliana_roeselii_IN195015814_866340.mp3
Chorthippus_biguttulus_IN136039769_539605.mp3,Chorthippus_biguttulus,Orthoptera,http://creativecommons.org/licenses/by-nc/4.0/,gernotkunz,https://www.inaturalist.org/observations/136039769,https://static.inaturalist.org/sounds/539605.m4a?1663857905,,Chorthippus_biguttulus,Train,,0.286942,data\raw\species40\Train\Chorthippus_biguttulus_IN136039769_539605.mp3
Cyclochila_australasiae_IN8647401_16137.wav,Cyclochila_australasiae,Cicadidae,http://creativecommons.org/licenses/by-nc/4.0/,Christie,https://www.inaturalist.org/observations/8647401,https://static.inaturalist.org/sounds/16137.wav?1510024411,,Cyclochila_australasiae,Train,,0.30561,data\raw\species40\Train\Cyclochila_australasiae_IN8647401_16137.wav
Gryllus_bimaculatus_IN99143632_320293.mp3,Gryllus_bimaculatus,Orthoptera,http://creativecommons.org/licenses/by-nc/4.0/,elisabraz,https://www.inaturalist.org/observations/99143632,https://static.inaturalist.org/sounds/320293.mp3?1635028576,,Gryllus_bimaculatus,Train,,0.438577,data\raw\species40\Train\Gryllus_bimaculatus_IN99143632_320293.mp3
Cyclochila_australasiae_IN190771528_844638.mp3,Cyclochila_australasiae,Cicadidae,http://creativecommons.org/licenses/by-nc/4.0/,Christie,https://www.inaturalist.org/observations/190771528,https://static.inaturalist.org/sounds/844638.m4a?1699779238,,Cyclochila_australasiae,Train,,0.214951,data\raw\species40\Train\Cyclochila_australasiae_IN190771528_844638.mp3
Chorthippus_brunneus_XC754049.mp3,Chorthippus_brunneus,Orthoptera,//creativecommons.org/licenses/by-nc-sa/4.0/,Dimitri,https://xeno-canto.org/754049,https://xeno-canto.org/754049/download,,Chorthippus_brunneus,Train,,0.126597,data\raw\species40\Train\Chorthippus_brunneus_XC754049.mp3
Tettigonia_cantans_IN173176477_770285.mp3,Tettigonia_cantans,Orthoptera,http://creativecommons.org/licenses/by-nc/4.0/,Dmitriy Fetisov,https://www.inaturalist.org/observations/173176477,https://static.inaturalist.org/sounds/770285.mp3?1689500034,,Tettigonia_cantans,Train,,0.174681,data\raw\species40\Train\Tettigonia_cantans_IN173176477_770285.mp3
Roeseliana_roeselii_IN141273205_559935.mp3,Roeseliana_roeselii,Orthoptera,http://creativecommons.org/licenses/by-nc/4.0/,mobbini,https://www.inaturalist.org/observations/141273205,https://static.inaturalist.org/sounds/559935.mp3?1667749460,,Roeseliana_roeselii,Train,,0.101313,data\raw\species40\Train\Roeseliana_roeselii_IN141273205_559935.mp3
Pseudochorthippus_parallelus_IN180415785_800864.mp3,Pseudochorthippus_parallelus,Orthoptera,http://creativecommons.org/licenses/by-nc/4.0/,Karol Łanocha,https://www.inaturalist.org/observations/180415785,https://static.inaturalist.org/sounds/800864.m4a?1693131944,,Pseudochorthippus_parallelus,Train,,0.568533,data\raw\species40\Train\Pseudochorthippus_parallelus_IN180415785_800864.mp3
Gryllotalpa_gryllotalpa_IN115429216_425256.wav,Gryllotalpa_gryllotalpa,Orthoptera,http://creativecommons.org/licenses/by-nc/4.0/,lvdr,https://www.inaturalist.org/observations/115429216,https://static.inaturalist.org/sounds/425256.wav?1651692219,,Gryllotalpa_gryllotalpa,Train,,1.496926,data\raw\species40\Train\Gryllotalpa_gryllotalpa_IN115429216_425256.wav
Magicicada_septendecim_IN79654096_228357.wav,Magicicada_septendecim,Cicadidae,http://creativecommons.org/licenses/by-nc/4.0/,Paul Z,https://www.inaturalist.org/observations/79654096,https://static.inaturalist.org/sounds/228357.wav?1621611674,,Magicicada_septendecim,Train,,1.068433,data\raw\species40\Train\Magicicada_septendecim_IN79654096_228357.wav
Roeseliana_roeselii_IN84956209_264494.mp3,Roeseliana_roeselii,Orthoptera,http://creativecommons.org/licenses/by-nc/4.0/,Дмитрий,https://www.inaturalist.org/observations/84956209,https://static.inaturalist.org/sounds/264494.mp3?1624962670,,Roeseliana_roeselii,Train,,0.469152,data\raw\species40\Train\Roeseliana_roeselii_IN84956209_264494.mp3
Eumodicogryllus_bordigalensis_IN127594523_505918.mp3,Eumodicogryllus_bordigalensis,Orthoptera,http://creativecommons.org/licenses/by-nc/4.0/,migr,https://www.inaturalist.org/observations/127594523,https://static.inaturalist.org/sounds/505918.m4a?1658620068,,Eumodicogryllus_bordigalensis,Train,,0.987334,data\raw\species40\Train\Eumodicogryllus_bordigalensis_IN127594523_505918.mp3
Gryllus_pennsylvanicus_IN35893015_50755.wav,Gryllus_pennsylvanicus,Orthoptera,http://creativecommons.org/licenses/by-nc/4.0/,Julien Piolain,https://www.inaturalist.org/observations/35893015,https://static.inaturalist.org/sounds/50755.wav?1574278020,,Gryllus_pennsylvanicus,Train,,0.897772,data\raw\species40\Train\Gryllus_pennsylvanicus_IN35893015_50755.wav
Tettigonia_cantans_IN179794133_798212.mp3,Tettigonia_cantans,Orthoptera,http://creativecommons.org/licenses/by-nc/4.0/,frank007,https://www.inaturalist.org/observations/179794133,https://static.inaturalist.org/sounds/798212.mp3?1692775067,,Tettigonia_cantans,Train,,0.176037,data\raw\species40\Train\Tettigonia_cantans_IN179794133_798212.mp3
Gryllus_bimaculatus_IN199185056_896215.mp3,Gryllus_bimaculatus,Orthoptera,http://creativecommons.org/licenses/by-nc/4.0/,James Bailey,https://www.inaturalist.org/observations/199185056,https://static.inaturalist.org/sounds/896215.m4a?1707825204,,Gryllus_bimaculatus,Train,,0.325685,data\raw\species40\Train\Gryllus_bimaculatus_IN199185056_896215.mp3
Gryllus_bimaculatus_IN163190040_708681.mp3,Gryllus_bimaculatus,Orthoptera,http://creativecommons.org/licenses/by/4.0/,Ben Jobson,https://www.inaturalist.org/observations/163190040,https://static.inaturalist.org/sounds/708681.mp3?1684787697,,Gryllus_bimaculatus,Train,,0.092125,data\raw\species40\Train\Gryllus_bimaculatus_IN163190040_708681.mp3
Gryllus_bimaculatus_IN53416270_121815.mp3,Gryllus_bimaculatus,Orthoptera,http://creativecommons.org/licenses/by-nc/4.0/,André Balças,https://www.inaturalist.org/observations/53416270,https://static.inaturalist.org/sounds/121815.m4a?1595027251,,Gryllus_bimaculatus,Train,,0.323781,data\raw\species40\Train\Gryllus_bimaculatus_IN53416270_121815.mp3
Meimuna_opalifera_IN134960588_535542.wav,Meimuna_opalifera,Cicadidae,http://creativecommons.org/licenses/by-nc/4.0/,陳柏璋,https://www.inaturalist.org/observations/134960588,https://static.inaturalist.org/sounds/535542.wav?1663142615,,Meimuna_opalifera,Train,,2.021507,data\raw\species40\Train\Meimuna_opalifera_IN134960588_535542.wav
Gryllus_pennsylvanicus_IN62979585_143721.mp3,Gryllus_pennsylvanicus,Orthoptera,http://creativecommons.org/licenses/by-nc/4.0/,John D Reynolds,https://www.inaturalist.org/observations/62979585,https://static.inaturalist.org/sounds/143721.m4a?1603076666,,Gryllus_pennsylvanicus,Train,,0.140455,data\raw\species40\Train\Gryllus_pennsylvanicus_IN62979585_143721.mp3
Neotibicen_canicularis_IN52314791_118158.wav,Neotibicen_canicularis,Cicadidae,http://creativecommons.org/licenses/by-nc/4.0/,Brent Musser,https://www.inaturalist.org/observations/52314791,https://static.inaturalist.org/sounds/118158.wav?1594165183,,Neotibicen_canicularis,Train,,1.647047,data\raw\species40\Train\Neotibicen_canicularis_IN52314791_118158.wav
Tettigonia_cantans_IN57822002_133093.mp3,Tettigonia_cantans,Orthoptera,http://creativecommons.org/licenses/by-nc/4.0/,tatianavasyakova,https://www.inaturalist.org/observations/57822002,https://static.inaturalist.org/sounds/133093.mp3?1598618789,,Tettigonia_cantans,Train,,0.384261,data\raw\species40\Train\Tettigonia_cantans_IN57822002_133093.mp3
Pseudochorthippus_parallelus_IN83947017_258865.wav,Pseudochorthippus_parallelus,Orthoptera,http://creativecommons.org/licenses/by-nc/4.0/,Benjamin Schmid,https://www.inaturalist.org/observations/83947017,https://static.inaturalist.org/sounds/258865.wav?1624291874,,Pseudochorthippus_parallelus,Train,,0.151378,data\raw\species40\Train\Pseudochorthippus_parallelus_IN83947017_258865.wav
Conocephalus_fuscus_IN186855506_827839.mp3,Conocephalus_fuscus,Orthoptera,http://creativecommons.org/licenses/by-nc/4.0/,Africa Gomez,https://www.inaturalist.org/observations/186855506,https://static.inaturalist.org/sounds/827839.m4a?1696863900,,Conocephalus_fuscus,Train,,0.120661,data\raw\species40\Train\Conocephalus_fuscus_IN186855506_827839.mp3
Conocephalus_fuscus_XC752055.wav,Conocephalus_fuscus,Orthoptera,//creativecommons.org/licenses/by-sa/4.0/,Baudewijn Odé,https://xeno-canto.org/752055,https://xeno-canto.org/752055/download,,Conocephalus_fuscus,Train,22.6,2.114208,data\raw\species40\Train\Conocephalus_fuscus_XC752055.wav
Gryllus_bimaculatus_IN91791727_294048.mp3,Gryllus_bimaculatus,Orthoptera,http://creativecommons.org/licenses/by-nc/4.0/,Pedro Beja,https://www.inaturalist.org/observations/91791727,https://static.inaturalist.org/sounds/294048.m4a?1629412497,,Gryllus_bimaculatus,Train,,0.306054,data\raw\species40\Train\Gryllus_bimaculatus_IN91791727_294048.mp3
Decticus_albifrons_IN127181624_503864.wav,Decticus_albifrons,Orthoptera,http://creativecommons.org/licenses/by/4.0/,Yves Bas,https://www.inaturalist.org/observations/127181624,https://static.inaturalist.org/sounds/503864.wav?1658374999,,Decticus_albifrons,Train,,0.450677,data\raw\species40\Train\Decticus_albifrons_IN127181624_503864.wav
Microcentrum_rhombifolium_IN94518349_304421.mp3,Microcentrum_rhombifolium,Orthoptera,http://creativecommons.org/licenses/by-nc/4.0/,Lynette,https://www.inaturalist.org/observations/94518349,https://static.inaturalist.org/sounds/304421.m4a?1631407983,,Microcentrum_rhombifolium,Train,,1.695088,data\raw\species40\Train\Microcentrum_rhombifolium_IN94518349_304421.mp3
Meimuna_opalifera_IN132995165_528858.mp3,Meimuna_opalifera,Cicadidae,http://creativecommons.org/licenses/by/4.0/,岸本年郎,https://www.inaturalist.org/observations/132995165,https://static.inaturalist.org/sounds/528858.m4a?1661891007,,Meimuna_opalifera,Train,,0.316062,data\raw\species40\Train\Meimuna_opalifera_IN132995165_528858.mp3
Chorthippus_biguttulus_XC929563.wav,Chorthippus_biguttulus,Orthoptera,//creativecommons.org/licenses/by-nc-sa/4.0/,Cedric Mroczko,https://xeno-canto.org/929563,https://xeno-canto.org/929563/download,,Chorthippus_biguttulus,Train,,1.781412,data\raw\species40\Train\Chorthippus_biguttulus_XC929563.wav
Microcentrum_rhombifolium_IN179274203_796193.wav,Microcentrum_rhombifolium,Orthoptera,http://creativecommons.org/licenses/by-nc/4.0/,Terra,https://www.inaturalist.org/observations/179274203,https://static.inaturalist.org/sounds/796193.wav?1692500751,,Microcentrum_rhombifolium,Train,,1.12247,data\raw\species40\Train\Microcentrum_rhombifolium_IN179274203_796193.wav
Phaneroptera_nana_XC851892.wav,Phaneroptera_nana,Orthoptera,//creativecommons.org/licenses/by-sa/4.0/,Baudewijn Odé,https://xeno-canto.org/851892,https://xeno-canto.org/851892/download,,Phaneroptera_nana,Train,,1.801854,data\raw\species40\Train\Phaneroptera_nana_XC851892.wav
Gryllus_pennsylvanicus_IN89729149_286544.mp3,Gryllus_pennsylvanicus,Orthoptera,http://creativecommons.org/licenses/by-nc/4.0/,Tara F.,https://www.inaturalist.org/observations/89729149,https://static.inaturalist.org/sounds/286544.m4a?1627956131,,Gryllus_pennsylvanicus,Train,,0.073344,data\raw\species40\Train\Gryllus_pennsylvanicus_IN89729149_286544.mp3
Gryllotalpa_gryllotalpa_IN160394330_686488.mp3,Gryllotalpa_gryllotalpa,Orthoptera,http://creativecommons.org/licenses/by/4.0/,Daniel Linzbauer,https://www.inaturalist.org/observations/160394330,https://static.inaturalist.org/sounds/686488.m4a?1683488304,,Gryllotalpa_gryllotalpa,Train,,0.142395,data\raw\species40\Train\Gryllotalpa_gryllotalpa_IN160394330_686488.mp3
Gryllotalpa_gryllotalpa_IN153988119_636193.mp3,Gryllotalpa_gryllotalpa,Orthoptera,http://creativecommons.org/licenses/by-nc/4.0/,Laurent Barthe,https://www.inaturalist.org/observations/153988119,https://static.inaturalist.org/sounds/636193.mp3?1680983673,,Gryllotalpa_gryllotalpa,Train,,0.130529,data\raw\species40\Train\Gryllotalpa_gryllotalpa_IN153988119_636193.mp3
Gryllotalpa_gryllotalpa_IN218314082_1060164.mp3,Gryllotalpa_gryllotalpa,Orthoptera,http://creativecommons.org/licenses/by-nc/4.0/,Shumik A,https://www.inaturalist.org/observations/218314082,https://static.inaturalist.org/sounds/1060164.mp3?1716710136,,Gryllotalpa_gryllotalpa,Train,,0.188842,data\raw\species40\Train\Gryllotalpa_gryllotalpa_IN218314082_1060164.mp3
Chorthippus_biguttulus_IN189942337_841312.wav,Chorthippus_biguttulus,Orthoptera,http://creativecommons.org/licenses/by/4.0/,Daniel Linzbauer,https://www.inaturalist.org/observations/189942337,https://static.inaturalist.org/sounds/841312.wav?1699097752,,Chorthippus_biguttulus,Train,,0.815057,data\raw\species40\Train\Chorthippus_biguttulus_IN189942337_841312.wav
Magicicada_septendecim_IN220952318_1080845.mp3,Magicicada_septendecim,Cicadidae,http://creativecommons.org/licenses/by/4.0/,Tom,https://www.inaturalist.org/observations/220952318,https://static.inaturalist.org/sounds/1080845.m4a?1717702184,,Magicicada_septendecim,Train,,0.177877,data\raw\species40\Train\Magicicada_septendecim_IN220952318_1080845.mp3
Chorthippus_biguttulus_IN90577970_289617.mp3,Chorthippus_biguttulus,Orthoptera,http://creativecommons.org/licenses/by-nc/4.0/,Juha Kivijärvi,https://www.inaturalist.org/observations/90577970,https://static.inaturalist.org/sounds/289617.mp3?1628540556,,Chorthippus_biguttulus,Train,,0.023989,data\raw\species40\Train\Chorthippus_biguttulus_IN90577970_289617.mp3
Pseudochorthippus_parallelus_IN172662910_767797.mp3,Pseudochorthippus_parallelus,Orthoptera,http://creativecommons.org/licenses/by/4.0/,E. A.,https://www.inaturalist.org/observations/172662910,https://static.inaturalist.org/sounds/767797.m4a?1689250919,,Pseudochorthippus_parallelus,Train,,0.348846,data\raw\species40\Train\Pseudochorthippus_parallelus_IN172662910_767797.mp3
Gryllotalpa_gryllotalpa_IN115932282_428861.mp3,Gryllotalpa_gryllotalpa,Orthoptera,http://creativecommons.org/licenses/by/4.0/,Дмитрий Дунин,https://www.inaturalist.org/observations/115932282,https://static.inaturalist.org/sounds/428861.m4a?1651942752,,Gryllotalpa_gryllotalpa,Train,,0.580769,data\raw\species40\Train\Gryllotalpa_gryllotalpa_IN115932282_428861.mp3
Gryllus_pennsylvanicus_IN138147380_547280.mp3,Gryllus_pennsylvanicus,Orthoptera,http://creativecommons.org/licenses/by-nc/4.0/,couellet,https://www.inaturalist.org/observations/138147380,https://static.inaturalist.org/sounds/547280.m4a?1665338334,,Gryllus_pennsylvanicus,Train,,0.150678,data\raw\species40\Train\Gryllus_pennsylvanicus_IN138147380_547280.mp3
Chorthippus_mollis_IN138506021_548579.wav,Chorthippus_mollis,Orthoptera,http://creativecommons.org/licenses/by-sa/4.0/,jfgodeau,https://www.inaturalist.org/observations/138506021,https://static.inaturalist.org/sounds/548579.wav?1665586667,,Chorthippus_mollis,Train,,1.678897,data\raw\species40\Train\Chorthippus_mollis_IN138506021_548579.wav
Pseudochorthippus_parallelus_IN122138606_474336.wav,Pseudochorthippus_parallelus,Orthoptera,http://creativecommons.org/publicdomain/zero/1.0/,elodie8162,https://www.inaturalist.org/observations/122138606,https://static.inaturalist.org/sounds/474336.wav?1655459127,,Pseudochorthippus_parallelus,Train,,1.016933,data\raw\species40\Train\Pseudochorthippus_parallelus_IN122138606_474336.wav
Gryllus_pennsylvanicus_IN136916970_542685.wav,Gryllus_pennsylvanicus,Orthoptera,http://creativecommons.org/licenses/by/4.0/,Mary Krieger,https://www.inaturalist.org/observations/136916970,https://static.inaturalist.org/sounds/542685.wav?1664462098,,Gryllus_pennsylvanicus,Train,,1.129861,data\raw\species40\Train\Gryllus_pennsylvanicus_IN136916970_542685.wav
Neotibicen_canicularis_IN31263327_45857.mp3,Neotibicen_canicularis,Cicadidae,http://creativecommons.org/publicdomain/zero/1.0/,mefisher,https://www.inaturalist.org/observations/31263327,https://static.inaturalist.org/sounds/45857.m4a?1648758941,,Neotibicen_canicularis,Train,,0.175182,data\raw\species40\Train\Neotibicen_canicularis_IN31263327_45857.mp3
Decticus_albifrons_XC919719.wav,Decticus_albifrons,Orthoptera,//creativecommons.org/licenses/by-nc-sa/4.0/,Nodari Alberto Mattia,https://xeno-canto.org/919719,https://xeno-canto.org/919719/download,,Decticus_albifrons,Train,32.0,2.795003,data\raw\species40\Train\Decticus_albifrons_XC919719.wav
Neotibicen_canicularis_IN53253035_121298.wav,Neotibicen_canicularis,Cicadidae,http://creativecommons.org/licenses/by-nc/4.0/,Carter Dorscht,https://www.inaturalist.org/observations/53253035,https://static.inaturalist.org/sounds/121298.wav?1594905992,,Neotibicen_canicularis,Train,,0.561598,data\raw\species40\Train\Neotibicen_canicularis_IN53253035_121298.wav
Gryllus_bimaculatus_IN178856832_794495.mp3,Gryllus_bimaculatus,Orthoptera,http://creativecommons.org/licenses/by-nc/4.0/,Priyantha Wijesinghe,https://www.inaturalist.org/observations/178856832,https://static.inaturalist.org/sounds/794495.m4a?1692289275,,Gryllus_bimaculatus,Train,,0.473108,data\raw\species40\Train\Gryllus_bimaculatus_IN178856832_794495.mp3
Meimuna_opalifera_IN137929931_546415.mp3,Meimuna_opalifera,Cicadidae,http://creativecommons.org/licenses/by-nc/4.0/,彭啟賢,https://www.inaturalist.org/observations/137929931,https://static.inaturalist.org/sounds/546415.mp3?1665194061,,Meimuna_opalifera,Train,,0.420746,data\raw\species40\Train\Meimuna_opalifera_IN137929931_546415.mp3
Gryllus_bimaculatus_IN95367508_307151.mp3,Gryllus_bimaculatus,Orthoptera,http://creativecommons.org/licenses/by-nc/4.0/,zighost,https://www.inaturalist.org/observations/95367508,https://static.inaturalist.org/sounds/307151.m4a?1632032525,,Gryllus_bimaculatus,Train,,2.06291,data\raw\species40\Train\Gryllus_bimaculatus_IN95367508_307151.mp3
Decticus_albifrons_IN178536305_793200.mp3,Decticus_albifrons,Orthoptera,http://creativecommons.org/licenses/by-nc/4.0/,Daniel Raposo,https://www.inaturalist.org/observations/178536305,https://static.inaturalist.org/sounds/793200.mp3?1692111149,,Decticus_albifrons,Train,,0.341349,data\raw\species40\Train\Decticus_albifrons_IN178536305_793200.mp3
Neotibicen_canicularis_IN92911465_298884.mp3,Neotibicen_canicularis,Cicadidae,http://creativecommons.org/licenses/by-nc/4.0/,"Mary E. Macaulay, P.Eng.",https://www.inaturalist.org/observations/92911465,https://static.inaturalist.org/sounds/298884.m4a?1630248466,,Neotibicen_canicularis,Train,,0.22345,data\raw\species40\Train\Neotibicen_canicularis_IN92911465_298884.mp3
Chorthippus_biguttulus_IN133075206_529150.mp3,Chorthippus_biguttulus,Orthoptera,http://creativecommons.org/licenses/by/4.0/,E. A.,https://www.inaturalist.org/observations/133075206,https://static.inaturalist.org/sounds/529150.mp3?1661954128,,Chorthippus_biguttulus,Train,,0.105531,data\raw\species40\Train\Chorthippus_biguttulus_IN133075206_529150.mp3
Decticus_albifrons_XC885798.wav,Decticus_albifrons,Orthoptera,//creativecommons.org/licenses/by-sa/4.0/,K.-G. Heller,https://xeno-canto.org/885798,https://xeno-canto.org/885798/download,,Decticus_albifrons,Train,,0.342735,data\raw\species40\Train\Decticus_albifrons_XC885798.wav
Microcentrum_rhombifolium_IN185504962_821875.mp3,Microcentrum_rhombifolium,Orthoptera,http://creativecommons.org/licenses/by-nc/4.0/,toadnative,https://www.inaturalist.org/observations/185504962,https://static.inaturalist.org/sounds/821875.m4a?1696033379,,Microcentrum_rhombifolium,Train,,0.231547,data\raw\species40\Train\Microcentrum_rhombifolium_IN185504962_821875.mp3
Phaneroptera_nana_IN66708668_154056.mp3,Phaneroptera_nana,Orthoptera,http://creativecommons.org/licenses/by-nc/4.0/,naturalistus,https://www.inaturalist.org/observations/66708668,https://static.inaturalist.org/sounds/154056.m4a?1608237283,,Phaneroptera_nana,Train,,0.33209,data\raw\species40\Train\Phaneroptera_nana_IN66708668_154056.mp3
Tettigonia_cantans_IN174745381_777382.wav,Tettigonia_cantans,Orthoptera,http://creativecommons.org/licenses/by-nc/4.0/,Benjamin Schmid,https://www.inaturalist.org/observations/174745381,https://static.inaturalist.org/sounds/777382.wav?1690229376,,Tettigonia_cantans,Train,,0.850563,data\raw\species40\Train\Tettigonia_cantans_IN174745381_777382.wav
Microcentrum_rhombifolium_IN130573392_519378.mp3,Microcentrum_rhombifolium,Orthoptera,http://creativecommons.org/licenses/by-nc/4.0/,D.J. McNeil,https://www.inaturalist.org/observations/130573392,https://static.inaturalist.org/sounds/519378.m4a?1660352981,,Microcentrum_rhombifolium,Train,,0.141491,data\raw\species40\Train\Microcentrum_rhombifolium_IN130573392_519378.mp3
Magicicada_septendecim_IN224446964_1104826.mp3,Magicicada_septendecim,Cicadidae,http://creativecommons.org/licenses/by-nc/4.0/,Jessee J. Smith,https://www.inaturalist.org/observations/224446964,https://static.inaturalist.org/sounds/1104826.mp3?1719075967,,Magicicada_septendecim,Train,,0.363165,data\raw\species40\Train\Magicicada_septendecim_IN224446964_1104826.mp3
Phaneroptera_nana_IN134074578_532175.mp3,Phaneroptera_nana,Orthoptera,http://creativecommons.org/licenses/by-nc/4.0/,Sebastian Ćato,https://www.inaturalist.org/observations/134074578,https://static.inaturalist.org/sounds/532175.mp3?1662575379,,Phaneroptera_nana,Train,,0.113015,data\raw\species40\Train\Phaneroptera_nana_IN134074578_532175.mp3
Conocephalus_fuscus_XC786081.wav,Conocephalus_fuscus,Orthoptera,//creativecommons.org/licenses/by-nc-sa/4.0/,Amar Léa,https://xeno-canto.org/786081,https://xeno-canto.org/786081/download,,Conocephalus_fuscus,Train,,0.713144,data\raw\species40\Train\Conocephalus_fuscus_XC786081.wav
Gryllotalpa_gryllotalpa_IN164182727_715863.mp3,Gryllotalpa_gryllotalpa,Orthoptera,http://creativecommons.org/licenses/by-nc/4.0/,bernardwieser,https://www.inaturalist.org/observations/164182727,https://static.inaturalist.org/sounds/715863.m4a?1685275264,,Gryllotalpa_gryllotalpa,Train,,0.088083,data\raw\species40\Train\Gryllotalpa_gryllotalpa_IN164182727_715863.mp3
Microcentrum_rhombifolium_IN94465940_304261.mp3,Microcentrum_rhombifolium,Orthoptera,http://creativecommons.org/licenses/by-nc/4.0/,joe dziewa,https://www.inaturalist.org/observations/94465940,https://static.inaturalist.org/sounds/304261.mp3?1631382654,,Microcentrum_rhombifolium,Train,,0.040146,data\raw\species40\Train\Microcentrum_rhombifolium_IN94465940_304261.mp3
Gryllus_pennsylvanicus_IN91595752_293051.mp3,Gryllus_pennsylvanicus,Orthoptera,http://creativecommons.org/licenses/by-nc/4.0/,alipresh,https://www.inaturalist.org/observations/91595752,https://static.inaturalist.org/sounds/293051.m4a?1629251415,,Gryllus_pennsylvanicus,Train,,0.206512,data\raw\species40\Train\Gryllus_pennsylvanicus_IN91595752_293051.mp3
Gryllus_bimaculatus_IN99735281_322761.mp3,Gryllus_bimaculatus,Orthoptera,http://creativecommons.org/licenses/by-nc/4.0/,Mathieu Derume,https://www.inaturalist.org/observations/99735281,https://static.inaturalist.org/sounds/322761.mp3?1635540293,,Gryllus_bimaculatus,Train,,0.182701,data\raw\species40\Train\Gryllus_bimaculatus_IN99735281_322761.mp3
Decticus_albifrons_XC849843.wav,Decticus_albifrons,Orthoptera,//creativecommons.org/licenses/by-sa/4.0/,Baudewijn Odé,https://xeno-canto.org/849843,https://xeno-canto.org/849843/download,,Decticus_albifrons,Train,29.8,2.734417,data\raw\species40\Train\Decticus_albifrons_XC849843.wav
Eumodicogryllus_bordigalensis_IN53972301_123628.mp3,Eumodicogryllus_bordigalensis,Orthoptera,http://creativecommons.org/licenses/by-nc/4.0/,admss,https://www.inaturalist.org/observations/53972301,https://static.inaturalist.org/sounds/123628.mp3?1595440244,,Eumodicogryllus_bordigalensis,Train,,0.23616,data\raw\species40\Train\Eumodicogryllus_bordigalensis_IN53972301_123628.mp3
Pseudochorthippus_parallelus_IN171186258_760277.wav,Pseudochorthippus_parallelus,Orthoptera,http://creativecommons.org/licenses/by/4.0/,Daniel Linzbauer,https://www.inaturalist.org/observations/171186258,https://static.inaturalist.org/sounds/760277.wav?1688556836,,Pseudochorthippus_parallelus,Train,,0.76625,data\raw\species40\Train\Pseudochorthippus_parallelus_IN171186258_760277.wav
Gryllus_bimaculatus_XC853357.wav,Gryllus_bimaculatus,Orthoptera,//creativecommons.org/licenses/by-sa/4.0/,Baudewijn Odé,https://xeno-canto.org/853357,https://xeno-canto.org/853357/download,,Gryllus_bimaculatus,Train,,0.464298,data\raw\species40\Train\Gryllus_bimaculatus_XC853357.wav
Pseudochorthippus_parallelus_IN180477075_801106.mp3,Pseudochorthippus_parallelus,Orthoptera,http://creativecommons.org/licenses/by/4.0/,E. A.,https://www.inaturalist.org/observations/180477075,https://static.inaturalist.org/sounds/801106.m4a?1693157689,,Pseudochorthippus_parallelus,Train,,0.18743,data\raw\species40\Train\Pseudochorthippus_parallelus_IN180477075_801106.mp3
Gryllotalpa_gryllotalpa_IN215774653_1038623.wav,Gryllotalpa_gryllotalpa,Orthoptera,http://creativecommons.org/licenses/by-nc/4.0/,Jörg Freyhof,https://www.inaturalist.org/observations/215774653,https://static.inaturalist.org/sounds/1038623.wav?1715717593,,Gryllotalpa_gryllotalpa,Train,,1.116362,data\raw\species40\Train\Gryllotalpa_gryllotalpa_IN215774653_1038623.wav
Phaneroptera_nana_IN125503136_495258.wav,Phaneroptera_nana,Orthoptera,http://creativecommons.org/licenses/by-nc/4.0/,Camille Monnet,https://www.inaturalist.org/observations/125503136,https://static.inaturalist.org/sounds/495258.wav?1657398698,,Phaneroptera_nana,Train,,1.953165,data\raw\species40\Train\Phaneroptera_nana_IN125503136_495258.wav
Eumodicogryllus_bordigalensis_IN118393053_448698.wav,Eumodicogryllus_bordigalensis,Orthoptera,http://creativecommons.org/licenses/by-nc/4.0/,Benjamin Schmid,https://www.inaturalist.org/observations/118393053,https://static.inaturalist.org/sounds/448698.wav?1653325911,,Eumodicogryllus_bordigalensis,Train,,0.434068,data\raw\species40\Train\Eumodicogryllus_bordigalensis_IN118393053_448698.wav
Eumodicogryllus_bordigalensis_IN172389067_766345.mp3,Eumodicogryllus_bordigalensis,Orthoptera,http://creativecommons.org/licenses/by-nc/4.0/,Sylvain Eichhorn,https://www.inaturalist.org/observations/172389067,https://static.inaturalist.org/sounds/766345.m4a?1689104310,,Eumodicogryllus_bordigalensis,Train,,0.263407,data\raw\species40\Train\Eumodicogryllus_bordigalensis_IN172389067_766345.mp3
Pseudochorthippus_parallelus_IN170978417_759298.mp3,Pseudochorthippus_parallelus,Orthoptera,http://creativecommons.org/licenses/by-nc/4.0/,Isa Klee,https://www.inaturalist.org/observations/170978417,https://static.inaturalist.org/sounds/759298.m4a?1688453255,,Pseudochorthippus_parallelus,Train,,0.217958,data\raw\species40\Train\Pseudochorthippus_parallelus_IN170978417_759298.mp3
Microcentrum_rhombifolium_IN32508906_46894.wav,Microcentrum_rhombifolium,Orthoptera,http://creativecommons.org/licenses/by-nc/4.0/,Brad Walker,https://www.inaturalist.org/observations/32508906,https://static.inaturalist.org/sounds/46894.wav?1568169882,,Microcentrum_rhombifolium,Train,,1.929809,data\raw\species40\Train\Microcentrum_rhombifolium_IN32508906_46894.wav
Platycleis_albopunctata_XC846627.wav,Platycleis_albopunctata,Orthoptera,//creativecommons.org/licenses/by-sa/4.0/,Baudewijn Odé,https://xeno-canto.org/846627,https://xeno-canto.org/846627/download,Pholidoptera griseoaptera,Platycleis_albopunctata,Train,,2.994219,data\raw\species40\Train\Platycleis_albopunctata_XC846627.wav
Gryllus_bimaculatus_IN134835544_535041.mp3,Gryllus_bimaculatus,Orthoptera,http://creativecommons.org/licenses/by-nc/4.0/,maria oct,https://www.inaturalist.org/observations/134835544,https://static.inaturalist.org/sounds/535041.m4a?1663057633,,Gryllus_bimaculatus,Train,,0.16396,data\raw\species40\Train\Gryllus_bimaculatus_IN134835544_535041.mp3
Eumodicogryllus_bordigalensis_XC817473.wav,Eumodicogryllus_bordigalensis,Orthoptera,//creativecommons.org/licenses/by-nc-sa/4.0/,Dimitri,https://xeno-canto.org/817473,https://xeno-canto.org/817473/download,,Eumodicogryllus_bordigalensis,Train,,1.943774,data\raw\species40\Train\Eumodicogryllus_bordigalensis_XC817473.wav
Gryllus_pennsylvanicus_IN71597033_174373.wav,Gryllus_pennsylvanicus,Orthoptera,http://creativecommons.org/licenses/by-nc/4.0/,Richard J. Buist,https://www.inaturalist.org/observations/71597033,https://static.inaturalist.org/sounds/174373.wav?1616213516,,Gryllus_pennsylvanicus,Train,,2.726077,data\raw\species40\Train\Gryllus_pennsylvanicus_IN71597033_174373.wav
Eumodicogryllus_bordigalensis_IN129209487_513178.wav,Eumodicogryllus_bordigalensis,Orthoptera,http://creativecommons.org/licenses/by/4.0/,carnifex,https://www.inaturalist.org/observations/129209487,https://static.inaturalist.org/sounds/513178.wav?1659482858,,Eumodicogryllus_bordigalensis,Train,,0.380501,data\raw\species40\Train\Eumodicogryllus_bordigalensis_IN129209487_513178.wav
Gryllus_bimaculatus_IN109763594_379352.mp3,Gryllus_bimaculatus,Orthoptera,http://creativecommons.org/licenses/by-nc/4.0/,Daniel Raposo,https://www.inaturalist.org/observations/109763594,https://static.inaturalist.org/sounds/379352.mp3?1648329863,,Gryllus_bimaculatus,Train,,0.245952,data\raw\species40\Train\Gryllus_bimaculatus_IN109763594_379352.mp3
Pseudochorthippus_parallelus_IN178555117_793241.mp3,Pseudochorthippus_parallelus,Orthoptera,http://creativecommons.org/licenses/by-nc/4.0/,sorschlet,https://www.inaturalist.org/observations/178555117,https://static.inaturalist.org/sounds/793241.m4a?1692118784,,Pseudochorthippus_parallelus,Train,,0.13339,data\raw\species40\Train\Pseudochorthippus_parallelus_IN178555117_793241.mp3
Decticus_albifrons_XC815755.wav,Decticus_albifrons,Orthoptera,//creativecommons.org/licenses/by-nc-sa/4.0/,Dimitri,https://xeno-canto.org/815755,https://xeno-canto.org/815755/download,,Decticus_albifrons,Train,30.0,1.247707,data\raw\species40\Train\Decticus_albifrons_XC815755.wav
Gryllotalpa_gryllotalpa_IN82580626_250754.mp3,Gryllotalpa_gryllotalpa,Orthoptera,http://creativecommons.org/licenses/by-nc/4.0/,Franz Kraus,https://www.inaturalist.org/observations/82580626,https://static.inaturalist.org/sounds/250754.m4a?1623437462,,Gryllotalpa_gryllotalpa,Train,,0.322733,data\raw\species40\Train\Gryllotalpa_gryllotalpa_IN82580626_250754.mp3
Eumodicogryllus_bordigalensis_IN173983504_774063.mp3,Eumodicogryllus_bordigalensis,Orthoptera,http://creativecommons.org/licenses/by-nc/4.0/,gernotkunz,https://www.inaturalist.org/observations/173983504,https://static.inaturalist.org/sounds/774063.m4a?1689880383,,Eumodicogryllus_bordigalensis,Train,,0.29322,data\raw\species40\Train\Eumodicogryllus_bordigalensis_IN173983504_774063.mp3
Gryllotalpa_gryllotalpa_IN163189196_708674.wav,Gryllotalpa_gryllotalpa,Orthoptera,http://creativecommons.org/licenses/by/4.0/,Lennart Hudel,https://www.inaturalist.org/observations/163189196,https://static.inaturalist.org/sounds/708674.wav?1684787396,,Gryllotalpa_gryllotalpa,Train,,0.493354,data\raw\species40\Train\Gryllotalpa_gryllotalpa_IN163189196_708674.wav
Magicicada_septendecim_IN79692448_228738.wav,Magicicada_septendecim,Cicadidae,http://creativecommons.org/licenses/by-nc/4.0/,Sarah Lou H,https://www.inaturalist.org/observations/79692448,https://static.inaturalist.org/sounds/228738.wav?1621630236,,Magicicada_septendecim,Train,,0.551525,data\raw\species40\Train\Magicicada_septendecim_IN79692448_228738.wav
Pseudochorthippus_parallelus_IN171586152_762392.mp3,Pseudochorthippus_parallelus,Orthoptera,http://creativecommons.org/licenses/by/4.0/,E. A.,https://www.inaturalist.org/observations/171586152,https://static.inaturalist.org/sounds/762392.m4a?1688749516,,Pseudochorthippus_parallelus,Train,,0.38567,data\raw\species40\Train\Pseudochorthippus_parallelus_IN171586152_762392.mp3
Conocephalus_fuscus_IN185444683_821465.mp3,Conocephalus_fuscus,Orthoptera,http://creativecommons.org/licenses/by-nc/4.0/,Africa Gomez,https://www.inaturalist.org/observations/185444683,https://static.inaturalist.org/sounds/821465.m4a?1696005457,,Conocephalus_fuscus,Train,,0.208536,data\raw\species40\Train\Conocephalus_fuscus_IN185444683_821465.mp3
Phaneroptera_nana_XC851896.wav,Phaneroptera_nana,Orthoptera,//creativecommons.org/licenses/by-sa/4.0/,Baudewijn Odé,https://xeno-canto.org/851896,https://xeno-canto.org/851896/download,,Phaneroptera_nana,Train,,1.04218,data\raw\species40\Train\Phaneroptera_nana_XC851896.wav
Eumodicogryllus_bordigalensis_IN139631935_552919.wav,Eumodicogryllus_bordigalensis,Orthoptera,http://creativecommons.org/licenses/by-nc/4.0/,Benjamin Schmid,https://www.inaturalist.org/observations/139631935,https://static.inaturalist.org/sounds/552919.wav?1666450955,,Eumodicogryllus_bordigalensis,Train,,1.798593,data\raw\species40\Train\Eumodicogryllus_bordigalensis_IN139631935_552919.wav
Chorthippus_mollis_XC824098.wav,Chorthippus_mollis,Orthoptera,//creativecommons.org/licenses/by-nc-sa/4.0/,brickegickel,https://xeno-canto.org/824098,https://xeno-canto.org/824098/download,,Chorthippus_mollis,Train,,1.651445,data\raw\species40\Train\Chorthippus_mollis_XC824098.wav
Conocephalus_fuscus_IN181781524_806584.mp3,Conocephalus_fuscus,Orthoptera,http://creativecommons.org/licenses/by-nc/4.0/,Africa Gomez,https://www.inaturalist.org/observations/181781524,https://static.inaturalist.org/sounds/806584.m4a?1693852997,,Conocephalus_fuscus,Train,,0.132008,data\raw\species40\Train\Conocephalus_fuscus_IN181781524_806584.mp3
Gryllus_pennsylvanicus_IN185371271_821170.mp3,Gryllus_pennsylvanicus,Orthoptera,http://creativecommons.org/licenses/by-nc/4.0/,Jeff Ward,https://www.inaturalist.org/observations/185371271,https://static.inaturalist.org/sounds/821170.m4a?1695956396,,Gryllus_pennsylvanicus,Train,,0.288917,data\raw\species40\Train\Gryllus_pennsylvanicus_IN185371271_821170.mp3
Phaneroptera_nana_XC847324.wav,Phaneroptera_nana,Orthoptera,//creativecommons.org/licenses/by-sa/4.0/,Baudewijn Odé,https://xeno-canto.org/847324,https://xeno-canto.org/847324/download,,Phaneroptera_nana,Train,23.0,1.202691,data\raw\species40\Train\Phaneroptera_nana_XC847324.wav
Magicicada_septendecim_IN79766918_229408.mp3,Magicicada_septendecim,Cicadidae,http://creativecommons.org/licenses/by-nc/4.0/,Roshan Vignarajah,https://www.inaturalist.org/observations/79766918,https://static.inaturalist.org/sounds/229408.m4a?1621687516,,Magicicada_septendecim,Train,,0.162889,data\raw\species40\Train\Magicicada_septendecim_IN79766918_229408.mp3
Magicicada_septendecim_IN82867282_252591.wav,Magicicada_septendecim,Cicadidae,http://creativecommons.org/licenses/by-nc/4.0/,mom3david,https://www.inaturalist.org/observations/82867282,https://static.inaturalist.org/sounds/252591.wav?1623603799,,Magicicada_septendecim,Train,,0.85106,data\raw\species40\Train\Magicicada_septendecim_IN82867282_252591.wav
Magicicada_septendecim_IN220491628_1077785.mp3,Magicicada_septendecim,Cicadidae,http://creativecommons.org/licenses/by-nc/4.0/,asacerdotevelat,https://www.inaturalist.org/observations/220491628,https://static.inaturalist.org/sounds/1077785.m4a?1717516830,,Magicicada_septendecim,Train,,0.260876,data\raw\species40\Train\Magicicada_septendecim_IN220491628_1077785.mp3
Gryllus_pennsylvanicus_IN60880615_138693.wav,Gryllus_pennsylvanicus,Orthoptera,http://creativecommons.org/licenses/by-nc/4.0/,xraytetra,https://www.inaturalist.org/observations/60880615,https://static.inaturalist.org/sounds/138693.wav?1601155415,,Gryllus_pennsylvanicus,Train,,0.33369,data\raw\species40\Train\Gryllus_pennsylvanicus_IN60880615_138693.wav
Gryllus_pennsylvanicus_IN130192143_517715.mp3,Gryllus_pennsylvanicus,Orthoptera,http://creativecommons.org/licenses/by-nc-sa/4.0/,davidenrique,https://www.inaturalist.org/observations/130192143,https://static.inaturalist.org/sounds/517715.mp3?1660096975,,Gryllus_pennsylvanicus,Train,,0.594396,data\raw\species40\Train\Gryllus_pennsylvanicus_IN130192143_517715.mp3
Microcentrum_rhombifolium_IN150799539_612583.mp3,Microcentrum_rhombifolium,Orthoptera,http://creativecommons.org/licenses/by-nc/4.0/,Riley Walsh,https://www.inaturalist.org/observations/150799539,https://static.inaturalist.org/sounds/612583.mp3?1678520717,,Microcentrum_rhombifolium,Train,,0.078434,data\raw\species40\Train\Microcentrum_rhombifolium_IN150799539_612583.mp3
Decticus_albifrons_IN91151681_291602.mp3,Decticus_albifrons,Orthoptera,http://creativecommons.org/licenses/by-nc/4.0/,michi100,https://www.inaturalist.org/observations/91151681,https://static.inaturalist.org/sounds/291602.m4a?1628965909,,Decticus_albifrons,Train,,0.287189,data\raw\species40\Train\Decticus_albifrons_IN91151681_291602.mp3
Gryllus_pennsylvanicus_IN91210498_291769.wav,Gryllus_pennsylvanicus,Orthoptera,http://creativecommons.org/licenses/by-nc/4.0/,Brent Musser,https://www.inaturalist.org/observations/91210498,https://static.inaturalist.org/sounds/291769.wav?1628995333,,Gryllus_pennsylvanicus,Train,,0.477475,data\raw\species40\Train\Gryllus_pennsylvanicus_IN91210498_291769.wav
Eumodicogryllus_bordigalensis_IN84216407_260453.mp3,Eumodicogryllus_bordigalensis,Orthoptera,http://creativecommons.org/licenses/by-nc/4.0/,drosophila,https://www.inaturalist.org/observations/84216407,https://static.inaturalist.org/sounds/260453.m4a?1624476640,,Eumodicogryllus_bordigalensis,Train,,0.201617,data\raw\species40\Train\Eumodicogryllus_bordigalensis_IN84216407_260453.mp3
Microcentrum_rhombifolium_IN178930610_794785.mp3,Microcentrum_rhombifolium,Orthoptera,http://creativecommons.org/licenses/by-nc/4.0/,Cody Porter,https://www.inaturalist.org/observations/178930610,https://static.inaturalist.org/sounds/794785.m4a?1692324265,,Microcentrum_rhombifolium,Train,,0.312824,data\raw\species40\Train\Microcentrum_rhombifolium_IN178930610_794785.mp3
Microcentrum_rhombifolium_IN64712677_148231.wav,Microcentrum_rhombifolium,Orthoptera,http://creativecommons.org/licenses/by-nc/4.0/,harrier,https://www.inaturalist.org/observations/64712677,https://static.inaturalist.org/sounds/148231.wav?1605153610,,Microcentrum_rhombifolium,Train,,2.105872,data\raw\species40\Train\Microcentrum_rhombifolium_IN64712677_148231.wav
Gryllus_pennsylvanicus_IN187435949_830117.mp3,Gryllus_pennsylvanicus,Orthoptera,http://creativecommons.org/licenses/by-nc/4.0/,Gabriel Diggs,https://www.inaturalist.org/observations/187435949,https://static.inaturalist.org/sounds/830117.m4a?1697245713,,Gryllus_pennsylvanicus,Train,,0.305617,data\raw\species40\Train\Gryllus_pennsylvanicus_IN187435949_830117.mp3
Pseudochorthippus_parallelus_IN171584545_762391.mp3,Pseudochorthippus_parallelus,Orthoptera,http://creativecommons.org/licenses/by/4.0/,E. A.,https://www.inaturalist.org/observations/171584545,https://static.inaturalist.org/sounds/762391.m4a?1688749238,,Pseudochorthippus_parallelus,Train,,0.63413,data\raw\species40\Train\Pseudochorthippus_parallelus_IN171584545_762391.mp3
Eumodicogryllus_bordigalensis_XC853530.wav,Eumodicogryllus_bordigalensis,Orthoptera,//creativecommons.org/licenses/by-sa/4.0/,Baudewijn Odé,https://xeno-canto.org/853530,https://xeno-canto.org/853530/download,,Eumodicogryllus_bordigalensis,Train,,2.653957,data\raw\species40\Train\Eumodicogryllus_bordigalensis_XC853530.wav
Conocephalus_fuscus_IN181781265_806578.mp3,Conocephalus_fuscus,Orthoptera,http://creativecommons.org/licenses/by-nc/4.0/,Africa Gomez,https://www.inaturalist.org/observations/181781265,https://static.inaturalist.org/sounds/806578.m4a?1693852939,,Conocephalus_fuscus,Train,,0.224148,data\raw\species40\Train\Conocephalus_fuscus_IN181781265_806578.mp3
Eumodicogryllus_bordigalensis_IN45384643_85755.mp3,Eumodicogryllus_bordigalensis,Orthoptera,http://creativecommons.org/licenses/by-nc/4.0/,Giulia P,https://www.inaturalist.org/observations/45384643,https://static.inaturalist.org/sounds/85755.mp3?1589045753,,Eumodicogryllus_bordigalensis,Train,,0.142545,data\raw\species40\Train\Eumodicogryllus_bordigalensis_IN45384643_85755.mp3
Microcentrum_rhombifolium_IN34670921_48812.wav,Microcentrum_rhombifolium,Orthoptera,http://creativecommons.org/licenses/by-nc/4.0/,Cin-Ty Lee,https://www.inaturalist.org/observations/34670921,https://static.inaturalist.org/sounds/48812.mpga?1571624889,,Microcentrum_rhombifolium,Train,,0.180229,data\raw\species40\Train\Microcentrum_rhombifolium_IN34670921_48812.wav
Platycleis_albopunctata_XC926738.wav,Platycleis_albopunctata,Orthoptera,//creativecommons.org/licenses/by-nc-sa/4.0/,Georg Amann,https://xeno-canto.org/926738,https://xeno-canto.org/926738/download,,Platycleis_albopunctata,Train,,2.879168,data\raw\species40\Train\Platycleis_albopunctata_XC926738.wav
Eumodicogryllus_bordigalensis_IN92879139_298673.mp3,Eumodicogryllus_bordigalensis,Orthoptera,http://creativecommons.org/licenses/by-nc/4.0/,zighost,https://www.inaturalist.org/observations/92879139,https://static.inaturalist.org/sounds/298673.mp3?1630222367,,Eumodicogryllus_bordigalensis,Train,,0.854919,data\raw\species40\Train\Eumodicogryllus_bordigalensis_IN92879139_298673.mp3
Conocephalus_fuscus_IN184890442_819064.mp3,Conocephalus_fuscus,Orthoptera,http://creativecommons.org/licenses/by-nc/4.0/,Africa Gomez,https://www.inaturalist.org/observations/184890442,https://static.inaturalist.org/sounds/819064.m4a?1695662573,,Conocephalus_fuscus,Train,,0.15357,data\raw\species40\Train\Conocephalus_fuscus_IN184890442_819064.mp3
Magicicada_septendecim_IN220463278_1077580.mp3,Magicicada_septendecim,Cicadidae,http://creativecommons.org/licenses/by-nc/4.0/,asacerdotevelat,https://www.inaturalist.org/observations/220463278,https://static.inaturalist.org/sounds/1077580.m4a?1717507600,,Magicicada_septendecim,Train,,0.31431,data\raw\species40\Train\Magicicada_septendecim_IN220463278_1077580.mp3
Microcentrum_rhombifolium_IN56067488_129217.wav,Microcentrum_rhombifolium,Orthoptera,http://creativecommons.org/publicdomain/zero/1.0/,Mike Mulqueen,https://www.inaturalist.org/observations/56067488,https://static.inaturalist.org/sounds/129217.wav?1597094590,,Microcentrum_rhombifolium,Train,,0.993825,data\raw\species40\Train\Microcentrum_rhombifolium_IN56067488_129217.wav
Gryllus_pennsylvanicus_IN90199921_288482.mp3,Gryllus_pennsylvanicus,Orthoptera,http://creativecommons.org/licenses/by-nc/4.0/,Jazz (aka turtlehelper),https://www.inaturalist.org/observations/90199921,https://static.inaturalist.org/sounds/288482.m4a?1628300662,,Gryllus_pennsylvanicus,Train,,0.147837,data\raw\species40\Train\Gryllus_pennsylvanicus_IN90199921_288482.mp3
Eumodicogryllus_bordigalensis_IN92031852_294892.mp3,Eumodicogryllus_bordigalensis,Orthoptera,http://creativecommons.org/licenses/by-nc/4.0/,zighost,https://www.inaturalist.org/observations/92031852,https://static.inaturalist.org/sounds/294892.m4a?1629586576,,Eumodicogryllus_bordigalensis,Train,,0.224605,data\raw\species40\Train\Eumodicogryllus_bordigalensis_IN92031852_294892.mp3
Magicicada_septendecim_IN220469099_1077611.mp3,Magicicada_septendecim,Cicadidae,http://creativecommons.org/licenses/by-nc/4.0/,asacerdotevelat,https://www.inaturalist.org/observations/220469099,https://static.inaturalist.org/sounds/1077611.m4a?1717509495,,Magicicada_septendecim,Train,,0.392649,data\raw\species40\Train\Magicicada_septendecim_IN220469099_1077611.mp3
Phaneroptera_nana_IN229544371_1133197.mp3,Phaneroptera_nana,Orthoptera,http://creativecommons.org/licenses/by-nc/4.0/,Miriam Öttl,https://www.inaturalist.org/observations/229544371,https://static.inaturalist.org/sounds/1133197.m4a?1721067653,,Phaneroptera_nana,Train,,0.198225,data\raw\species40\Train\Phaneroptera_nana_IN229544371_1133197.mp3
Conocephalus_fuscus_XC446430.mp3,Conocephalus_fuscus,Orthoptera,//creativecommons.org/licenses/by-nc-sa/4.0/,Baudewijn Odé,https://xeno-canto.org/446430,https://xeno-canto.org/446430/download,,Conocephalus_fuscus,Train,,0.226569,data\raw\species40\Train\Conocephalus_fuscus_XC446430.mp3
Conocephalus_fuscus_IN181939639_807171.mp3,Conocephalus_fuscus,Orthoptera,http://creativecommons.org/licenses/by-nc/4.0/,Africa Gomez,https://www.inaturalist.org/observations/181939639,https://static.inaturalist.org/sounds/807171.m4a?1693937054,,Conocephalus_fuscus,Train,,0.180127,data\raw\species40\Train\Conocephalus_fuscus_IN181939639_807171.mp3
Gryllotalpa_gryllotalpa_XC504617.mp3,Gryllotalpa_gryllotalpa,Orthoptera,//creativecommons.org/licenses/by-nc-sa/4.0/,Beatrix Saadi-Varchmin,https://xeno-canto.org/504617,https://xeno-canto.org/504617/download,Tringa ochropus,Gryllotalpa_gryllotalpa,Train,,0.942727,data\raw\species40\Train\Gryllotalpa_gryllotalpa_XC504617.mp3
Gryllotalpa_gryllotalpa_IN218319512_1060274.mp3,Gryllotalpa_gryllotalpa,Orthoptera,http://creativecommons.org/licenses/by/4.0/,Alexis,https://www.inaturalist.org/observations/218319512,https://static.inaturalist.org/sounds/1060274.m4a?1716712771,,Gryllotalpa_gryllotalpa,Train,,0.281322,data\raw\species40\Train\Gryllotalpa_gryllotalpa_IN218319512_1060274.mp3
Gryllotalpa_gryllotalpa_XC895291.mp3,Gryllotalpa_gryllotalpa,Orthoptera,//creativecommons.org/licenses/by-nc-sa/4.0/,Lars Lachmann,https://xeno-canto.org/895291,https://xeno-canto.org/895291/download,,Gryllotalpa_gryllotalpa,Train,,0.265127,data\raw\species40\Train\Gryllotalpa_gryllotalpa_XC895291.mp3
Gryllus_bimaculatus_XC853363.wav,Gryllus_bimaculatus,Orthoptera,//creativecommons.org/licenses/by-sa/4.0/,Baudewijn Odé,https://xeno-canto.org/853363,https://xeno-canto.org/853363/download,,Gryllus_bimaculatus,Train,,0.379133,data\raw\species40\Train\Gryllus_bimaculatus_XC853363.wav
Conocephalus_fuscus_IN186045980_824317.mp3,Conocephalus_fuscus,Orthoptera,http://creativecommons.org/licenses/by-nc/4.0/,Africa Gomez,https://www.inaturalist.org/observations/186045980,https://static.inaturalist.org/sounds/824317.m4a?1696346274,,Conocephalus_fuscus,Train,,0.193058,data\raw\species40\Train\Conocephalus_fuscus_IN186045980_824317.mp3
Gryllotalpa_gryllotalpa_IN159823253_681816.mp3,Gryllotalpa_gryllotalpa,Orthoptera,http://creativecommons.org/licenses/by-nc/4.0/,Miriam Öttl,https://www.inaturalist.org/observations/159823253,https://static.inaturalist.org/sounds/681816.mp3?1683277182,,Gryllotalpa_gryllotalpa,Train,,0.064544,data\raw\species40\Train\Gryllotalpa_gryllotalpa_IN159823253_681816.mp3
Gryllus_bimaculatus_IN102092980_333242.mp3,Gryllus_bimaculatus,Orthoptera,http://creativecommons.org/licenses/by-nc/4.0/,Werner Reitmeier,https://www.inaturalist.org/observations/102092980,https://static.inaturalist.org/sounds/333242.mp3?1638118926,,Gryllus_bimaculatus,Train,,0.0995,data\raw\species40\Train\Gryllus_bimaculatus_IN102092980_333242.mp3
Microcentrum_rhombifolium_IN135601962_537931.wav,Microcentrum_rhombifolium,Orthoptera,http://creativecommons.org/licenses/by-nc/4.0/,Becca,https://www.inaturalist.org/observations/135601962,https://static.inaturalist.org/sounds/537931.wav?1663546509,,Microcentrum_rhombifolium,Train,,0.340753,data\raw\species40\Train\Microcentrum_rhombifolium_IN135601962_537931.wav
Gryllus_bimaculatus_IN94949776_305755.mp3,Gryllus_bimaculatus,Orthoptera,http://creativecommons.org/licenses/by-nc/4.0/,Nelson Conceição,https://www.inaturalist.org/observations/94949776,https://static.inaturalist.org/sounds/305755.mp3?1631729193,,Gryllus_bimaculatus,Train,,0.942018,data\raw\species40\Train\Gryllus_bimaculatus_IN94949776_305755.mp3
Conocephalus_fuscus_XC778751.wav,Conocephalus_fuscus,Orthoptera,//creativecommons.org/licenses/by-nc-sa/4.0/,Benjamin Drillat,https://xeno-canto.org/778751,https://xeno-canto.org/778751/download,,Conocephalus_fuscus,Train,,2.111004,data\raw\species40\Train\Conocephalus_fuscus_XC778751.wav
Eumodicogryllus_bordigalensis_IN224926723_1107632.mp3,Eumodicogryllus_bordigalensis,Orthoptera,http://creativecommons.org/licenses/by-nc/4.0/,Joachim Wimmer,https://www.inaturalist.org/observations/224926723,https://static.inaturalist.org/sounds/1107632.m4a?1719251291,,Eumodicogryllus_bordigalensis,Train,,0.134938,data\raw\species40\Train\Eumodicogryllus_bordigalensis_IN224926723_1107632.mp3
Pseudochorthippus_parallelus_IN64815079_148525.wav,Pseudochorthippus_parallelus,Orthoptera,http://creativecommons.org/licenses/by/4.0/,Yves Bas,https://www.inaturalist.org/observations/64815079,https://static.inaturalist.org/sounds/148525.wav?1605304229,,Pseudochorthippus_parallelus,Train,,2.865386,data\raw\species40\Train\Pseudochorthippus_parallelus_IN64815079_148525.wav
Gryllotalpa_gryllotalpa_IN217354319_1051764.mp3,Gryllotalpa_gryllotalpa,Orthoptera,http://creativecommons.org/licenses/by-nc/4.0/,piotrguzik,https://www.inaturalist.org/observations/217354319,https://static.inaturalist.org/sounds/1051764.m4a?1716322479,,Gryllotalpa_gryllotalpa,Train,,0.116035,data\raw\species40\Train\Gryllotalpa_gryllotalpa_IN217354319_1051764.mp3
Conocephalus_fuscus_IN181780440_806543.mp3,Conocephalus_fuscus,Orthoptera,http://creativecommons.org/licenses/by-nc/4.0/,Africa Gomez,https://www.inaturalist.org/observations/181780440,https://static.inaturalist.org/sounds/806543.m4a?1693852576,,Conocephalus_fuscus,Train,,0.241011,data\raw\species40\Train\Conocephalus_fuscus_IN181780440_806543.mp3
Decticus_albifrons_IN185476740_821639.mp3,Decticus_albifrons,Orthoptera,http://creativecommons.org/licenses/by-nc/4.0/,elaphus9,https://www.inaturalist.org/observations/185476740,https://static.inaturalist.org/sounds/821639.mp3?1696018756,,Decticus_albifrons,Train,,0.077484,data\raw\species40\Train\Decticus_albifrons_IN185476740_821639.mp3
Pseudochorthippus_parallelus_IN125963185_497704.mp3,Pseudochorthippus_parallelus,Orthoptera,http://creativecommons.org/licenses/by/4.0/,E. A.,https://www.inaturalist.org/observations/125963185,https://static.inaturalist.org/sounds/497704.mp3?1657650845,,Pseudochorthippus_parallelus,Train,,0.220526,data\raw\species40\Train\Pseudochorthippus_parallelus_IN125963185_497704.mp3
Microcentrum_rhombifolium_IN56067486_129216.wav,Microcentrum_rhombifolium,Orthoptera,http://creativecommons.org/publicdomain/zero/1.0/,Mike Mulqueen,https://www.inaturalist.org/observations/56067486,https://static.inaturalist.org/sounds/129216.wav?1597094582,,Microcentrum_rhombifolium,Train,,1.264406,data\raw\species40\Train\Microcentrum_rhombifolium_IN56067486_129216.wav
Conocephalus_fuscus_XC926342.wav,Conocephalus_fuscus,Orthoptera,//creativecommons.org/licenses/by-nc-sa/4.0/,Antonio Canepa Oneto,https://xeno-canto.org/926342,https://xeno-canto.org/926342/download,,Conocephalus_fuscus,Train,30.0,0.641283,data\raw\species40\Train\Conocephalus_fuscus_XC926342.wav
Microcentrum_rhombifolium_IN95336927_307029.wav,Microcentrum_rhombifolium,Orthoptera,http://creativecommons.org/licenses/by-nc/4.0/,ejgejg,https://www.inaturalist.org/observations/95336927,https://static.inaturalist.org/sounds/307029.wav?1632009229,,Microcentrum_rhombifolium,Train,,1.262026,data\raw\species40\Train\Microcentrum_rhombifolium_IN95336927_307029.wav
Chorthippus_mollis_IN182029114_807503.wav,Chorthippus_mollis,Orthoptera,http://creativecommons.org/licenses/by-nc/4.0/,Martin Suanjak,https://www.inaturalist.org/observations/182029114,https://static.inaturalist.org/sounds/807503.wav?1693994584,,Chorthippus_mollis,Train,,0.632639,data\raw\species40\Train\Chorthippus_mollis_IN182029114_807503.wav
Decticus_albifrons_XC866673.wav,Decticus_albifrons,Orthoptera,//creativecommons.org/licenses/by-sa/4.0/,K.-G. Heller,https://xeno-canto.org/866673,https://xeno-canto.org/866673/download,,Decticus_albifrons,Train,25.5,0.617835,data\raw\species40\Train\Decticus_albifrons_XC866673.wav
Gryllotalpa_gryllotalpa_IN164295956_716642.mp3,Gryllotalpa_gryllotalpa,Orthoptera,http://creativecommons.org/licenses/by-nc/4.0/,Helmling,https://www.inaturalist.org/observations/164295956,https://static.inaturalist.org/sounds/716642.m4a?1685308688,,Gryllotalpa_gryllotalpa,Train,,0.522099,data\raw\species40\Train\Gryllotalpa_gryllotalpa_IN164295956_716642.mp3
Conocephalus_fuscus_IN181781606_806588.mp3,Conocephalus_fuscus,Orthoptera,http://creativecommons.org/licenses/by-nc/4.0/,Africa Gomez,https://www.inaturalist.org/observations/181781606,https://static.inaturalist.org/sounds/806588.m4a?1693853017,,Conocephalus_fuscus,Train,,0.14125,data\raw\species40\Train\Conocephalus_fuscus_IN181781606_806588.mp3
Decticus_albifrons_IN225905444_1113642.wav,Decticus_albifrons,Orthoptera,http://creativecommons.org/licenses/by-nc/4.0/,Daniel Raposo,https://www.inaturalist.org/observations/225905444,https://static.inaturalist.org/sounds/1113642.wav?1719661909,,Decticus_albifrons,Train,,1.174553,data\raw\species40\Train\Decticus_albifrons_IN225905444_1113642.wav
Decticus_albifrons_IN185337404_820992.mp3,Decticus_albifrons,Orthoptera,http://creativecommons.org/licenses/by-nc/4.0/,elaphus9,https://www.inaturalist.org/observations/185337404,https://static.inaturalist.org/sounds/820992.mp3?1695935236,,Decticus_albifrons,Train,,0.131452,data\raw\species40\Train\Decticus_albifrons_IN185337404_820992.mp3
Phaneroptera_nana_XC751915.wav,Phaneroptera_nana,Orthoptera,//creativecommons.org/licenses/by-sa/4.0/,Baudewijn Odé,https://xeno-canto.org/751915,https://xeno-canto.org/751915/download,,Phaneroptera_nana,Train,20.0,1.577882,data\raw\species40\Train\Phaneroptera_nana_XC751915.wav
Decticus_albifrons_IN81942025_246887.mp3,Decticus_albifrons,Orthoptera,http://creativecommons.org/licenses/by-nc/4.0/,Luis Santos,https://www.inaturalist.org/observations/81942025,https://static.inaturalist.org/sounds/246887.m4a?1623018587,,Decticus_albifrons,Train,,0.388067,data\raw\species40\Train\Decticus_albifrons_IN81942025_246887.mp3
Platycleis_albopunctata_XC846620.wav,Platycleis_albopunctata,Orthoptera,//creativecommons.org/licenses/by-sa/4.0/,Baudewijn Odé,https://xeno-canto.org/846620,https://xeno-canto.org/846620/download,,Platycleis_albopunctata,Train,,2.915119,data\raw\species40\Train\Platycleis_albopunctata_XC846620.wav
Conocephalus_fuscus_IN185562839_822187.mp3,Conocephalus_fuscus,Orthoptera,http://creativecommons.org/licenses/by-nc/4.0/,Africa Gomez,https://www.inaturalist.org/observations/185562839,https://static.inaturalist.org/sounds/822187.m4a?1696079547,,Conocephalus_fuscus,Train,,0.194626,data\raw\species40\Train\Conocephalus_fuscus_IN185562839_822187.mp3
Chorthippus_mollis_IN135915291_539098.mp3,Chorthippus_mollis,Orthoptera,http://creativecommons.org/licenses/by-nc/4.0/,Karsten Mody,https://www.inaturalist.org/observations/135915291,https://static.inaturalist.org/sounds/539098.m4a?1663771285,,Chorthippus_mollis,Train,,0.505911,data\raw\species40\Train\Chorthippus_mollis_IN135915291_539098.mp3
Conocephalus_fuscus_IN131369959_522644.mp3,Conocephalus_fuscus,Orthoptera,http://creativecommons.org/licenses/by-nc/4.0/,Sebastian Ćato,https://www.inaturalist.org/observations/131369959,https://static.inaturalist.org/sounds/522644.mp3?1660849947,,Conocephalus_fuscus,Train,,0.066949,data\raw\species40\Train\Conocephalus_fuscus_IN131369959_522644.mp3
Chorthippus_mollis_XC848584.wav,Chorthippus_mollis,Orthoptera,//creativecommons.org/licenses/by-sa/4.0/,Baudewijn Odé,https://xeno-canto.org/848584,https://xeno-canto.org/848584/download,,Chorthippus_mollis,Train,25.0,1.462645,data\raw\species40\Train\Chorthippus_mollis_XC848584.wav
Phaneroptera_nana_IN155926810_651247.mp3,Phaneroptera_nana,Orthoptera,http://creativecommons.org/licenses/by/4.0/,Rafael Carbonell Font,https://www.inaturalist.org/observations/155926810,https://static.inaturalist.org/sounds/651247.mp3?1682100296,,Phaneroptera_nana,Train,,1.027427,data\raw\species40\Train\Phaneroptera_nana_IN155926810_651247.mp3
Chorthippus_mollis_IN129686884_515604.mp3,Chorthippus_mollis,Orthoptera,http://creativecommons.org/licenses/by/4.0/,snaily_naily173,https://www.inaturalist.org/observations/129686884,https://static.inaturalist.org/sounds/515604.mp3?1659801390,,Chorthippus_mollis,Train,,0.086796,data\raw\species40\Train\Chorthippus_mollis_IN129686884_515604.mp3
Chorthippus_mollis_XC865463.wav,Chorthippus_mollis,Orthoptera,//creativecommons.org/licenses/by-sa/4.0/,S. Ingrisch,https://xeno-canto.org/865463,https://xeno-canto.org/865463/download,,Chorthippus_mollis,Train,23.0,2.312591,data\raw\species40\Train\Chorthippus_mollis_XC865463.wav
Phaneroptera_nana_IN177968081_793153.wav,Phaneroptera_nana,Orthoptera,http://creativecommons.org/licenses/by/4.0/,Yves Bas,https://www.inaturalist.org/observations/177968081,https://static.inaturalist.org/sounds/793153.wav?1692107468,,Phaneroptera_nana,Train,,0.665305,data\raw\species40\Train\Phaneroptera_nana_IN177968081_793153.wav
Decticus_albifrons_IN155462994_647886.mp3,Decticus_albifrons,Orthoptera,http://creativecommons.org/licenses/by/4.0/,Rafael Carbonell Font,https://www.inaturalist.org/observations/155462994,https://static.inaturalist.org/sounds/647886.mp3?1681826349,,Decticus_albifrons,Train,,0.117523,data\raw\species40\Train\Decticus_albifrons_IN155462994_647886.mp3
Decticus_albifrons_XC919468.wav,Decticus_albifrons,Orthoptera,//creativecommons.org/licenses/by-nc-sa/4.0/,David Bennett,https://xeno-canto.org/919468,https://xeno-canto.org/919468/download,,Decticus_albifrons,Train,,2.149067,data\raw\species40\Train\Decticus_albifrons_XC919468.wav
Conocephalus_fuscus_IN185921193_823753.mp3,Conocephalus_fuscus,Orthoptera,http://creativecommons.org/licenses/by-nc/4.0/,Africa Gomez,https://www.inaturalist.org/observations/185921193,https://static.inaturalist.org/sounds/823753.m4a?1696263981,,Conocephalus_fuscus,Train,,0.15167,data\raw\species40\Train\Conocephalus_fuscus_IN185921193_823753.mp3
Conocephalus_fuscus_IN231711588_1143861.wav,Conocephalus_fuscus,Orthoptera,http://creativecommons.org/licenses/by-nc/4.0/,Benjamin Schmid,https://www.inaturalist.org/observations/231711588,https://static.inaturalist.org/sounds/1143861.wav?1722000302,,Conocephalus_fuscus,Train,,0.744136,data\raw\species40\Train\Conocephalus_fuscus_IN231711588_1143861.wav
Conocephalus_fuscus_IN180315532_800481.mp3,Conocephalus_fuscus,Orthoptera,http://creativecommons.org/licenses/by-nc/4.0/,Africa Gomez,https://www.inaturalist.org/observations/180315532,https://static.inaturalist.org/sounds/800481.m4a?1693075954,,Conocephalus_fuscus,Train,,0.190574,data\raw\species40\Train\Conocephalus_fuscus_IN180315532_800481.mp3
Platycleis_albopunctata_XC847225.wav,Platycleis_albopunctata,Orthoptera,//creativecommons.org/licenses/by-sa/4.0/,Baudewijn Odé,https://xeno-canto.org/847225,https://xeno-canto.org/847225/download,,Platycleis_albopunctata,Train,23.0,1.166419,data\raw\species40\Train\Platycleis_albopunctata_XC847225.wav
Chorthippus_mollis_IN178000564_791084.mp3,Chorthippus_mollis,Orthoptera,http://creativecommons.org/licenses/by-nc/4.0/,Martin Vukušić,https://www.inaturalist.org/observations/178000564,https://static.inaturalist.org/sounds/791084.m4a?1691852706,,Chorthippus_mollis,Train,,0.423951,data\raw\species40\Train\Chorthippus_mollis_IN178000564_791084.mp3
Chorthippus_mollis_IN181247327_804374.mp3,Chorthippus_mollis,Orthoptera,http://creativecommons.org/licenses/by/4.0/,E. A.,https://www.inaturalist.org/observations/181247327,https://static.inaturalist.org/sounds/804374.m4a?1693597433,,Chorthippus_mollis,Train,,0.246926,data\raw\species40\Train\Chorthippus_mollis_IN181247327_804374.mp3
Chorthippus_mollis_IN181065617_803645.mp3,Chorthippus_mollis,Orthoptera,http://creativecommons.org/licenses/by/4.0/,E. A.,https://www.inaturalist.org/observations/181065617,https://static.inaturalist.org/sounds/803645.m4a?1693496707,,Chorthippus_mollis,Train,,0.404244,data\raw\species40\Train\Chorthippus_mollis_IN181065617_803645.mp3
Conocephalus_fuscus_IN94707462_305065.mp3,Conocephalus_fuscus,Orthoptera,http://creativecommons.org/licenses/by-nc/4.0/,petra0,https://www.inaturalist.org/observations/94707462,https://static.inaturalist.org/sounds/305065.m4a?1631549839,,Conocephalus_fuscus,Train,,0.378072,data\raw\species40\Train\Conocephalus_fuscus_IN94707462_305065.mp3
Chorthippus_mollis_IN177702042_789706.mp3,Chorthippus_mollis,Orthoptera,http://creativecommons.org/licenses/by-nc/4.0/,victor_aleksanov,https://www.inaturalist.org/observations/177702042,https://static.inaturalist.org/sounds/789706.mp3?1691691054,,Chorthippus_mollis,Train,,0.084078,data\raw\species40\Train\Chorthippus_mollis_IN177702042_789706.mp3
Phaneroptera_nana_IN155940338_651392.mp3,Phaneroptera_nana,Orthoptera,http://creativecommons.org/licenses/by/4.0/,Rafael Carbonell Font,https://www.inaturalist.org/observations/155940338,https://static.inaturalist.org/sounds/651392.mp3?1682106883,,Phaneroptera_nana,Train,,0.395861,data\raw\species40\Train\Phaneroptera_nana_IN155940338_651392.mp3
Conocephalus_fuscus_IN181931078_807122.mp3,Conocephalus_fuscus,Orthoptera,http://creativecommons.org/licenses/by-nc/4.0/,Africa Gomez,https://www.inaturalist.org/observations/181931078,https://static.inaturalist.org/sounds/807122.m4a?1693933660,,Conocephalus_fuscus,Train,,0.144796,data\raw\species40\Train\Conocephalus_fuscus_IN181931078_807122.mp3
Chorthippus_mollis_XC751832.wav,Chorthippus_mollis,Orthoptera,//creativecommons.org/licenses/by-sa/4.0/,Baudewijn Odé,https://xeno-canto.org/751832,https://xeno-canto.org/751832/download,,Chorthippus_mollis,Train,,1.611518,data\raw\species40\Train\Chorthippus_mollis_XC751832.wav
Decticus_albifrons_IN175205336_779277.mp3,Decticus_albifrons,Orthoptera,http://creativecommons.org/licenses/by-nc/4.0/,vallridaura,https://www.inaturalist.org/observations/175205336,https://static.inaturalist.org/sounds/779277.mp3?1690466764,,Decticus_albifrons,Train,,0.066624,data\raw\species40\Train\Decticus_albifrons_IN175205336_779277.mp3
Platycleis_albopunctata_XC886553.wav,Platycleis_albopunctata,Orthoptera,//creativecommons.org/licenses/by-sa/4.0/,K.-G. Heller,https://xeno-canto.org/886553,https://xeno-canto.org/886553/download,,Platycleis_albopunctata,Train,28.0,0.998497,data\raw\species40\Train\Platycleis_albopunctata_XC886553.wav
Decticus_albifrons_IN55277561_127287.mp3,Decticus_albifrons,Orthoptera,http://creativecommons.org/licenses/by/4.0/,anasacuta,https://www.inaturalist.org/observations/55277561,https://static.inaturalist.org/sounds/127287.m4a?1596464288,,Decticus_albifrons,Train,,0.164529,data\raw\species40\Train\Decticus_albifrons_IN55277561_127287.mp3
Chorthippus_mollis_IN179698209_797809.wav,Chorthippus_mollis,Orthoptera,http://creativecommons.org/licenses/by/4.0/,Daniel Linzbauer,https://www.inaturalist.org/observations/179698209,https://static.inaturalist.org/sounds/797809.wav?1692721687,,Chorthippus_mollis,Train,,0.485672,data\raw\species40\Train\Chorthippus_mollis_IN179698209_797809.wav
Decticus_albifrons_IN64054312_146582.wav,Decticus_albifrons,Orthoptera,http://creativecommons.org/licenses/by-nc/4.0/,Julien Piolain,https://www.inaturalist.org/observations/64054312,https://static.inaturalist.org/sounds/146582.wav?1604344228,,Decticus_albifrons,Train,,0.481952,data\raw\species40\Train\Decticus_albifrons_IN64054312_146582.wav
Decticus_albifrons_IN182641015_809877.mp3,Decticus_albifrons,Orthoptera,http://creativecommons.org/licenses/by-nc/4.0/,Emanuele Santarelli,https://www.inaturalist.org/observations/182641015,https://static.inaturalist.org/sounds/809877.mp3?1694356924,,Decticus_albifrons,Train,,0.05186,data\raw\species40\Train\Decticus_albifrons_IN182641015_809877.mp3
Chorthippus_mollis_IN61664549_140540.mp3,Chorthippus_mollis,Orthoptera,http://creativecommons.org/licenses/by/4.0/,carnifex,https://www.inaturalist.org/observations/61664549,https://static.inaturalist.org/sounds/140540.mp3?1601817308,,Chorthippus_mollis,Train,,0.049019,data\raw\species40\Train\Chorthippus_mollis_IN61664549_140540.mp3
Phaneroptera_nana_XC868237.wav,Phaneroptera_nana,Orthoptera,//creativecommons.org/licenses/by-sa/4.0/,K.-G. Heller,https://xeno-canto.org/868237,https://xeno-canto.org/868237/download,,Phaneroptera_nana,Train,22.0,0.701516,data\raw\species40\Train\Phaneroptera_nana_XC868237.wav
Platycleis_albopunctata_XC926395.wav,Platycleis_albopunctata,Orthoptera,//creativecommons.org/licenses/by-nc-sa/4.0/,Antonio Canepa Oneto,https://xeno-canto.org/926395,https://xeno-canto.org/926395/download,,Platycleis_albopunctata,Train,29.0,1.304432,data\raw\species40\Train\Platycleis_albopunctata_XC926395.wav
Decticus_albifrons_IN53362655_121640.mp3,Decticus_albifrons,Orthoptera,http://creativecommons.org/licenses/by/4.0/,anasacuta,https://www.inaturalist.org/observations/53362655,https://static.inaturalist.org/sounds/121640.m4a?1594994039,,Decticus_albifrons,Train,,0.302815,data\raw\species40\Train\Decticus_albifrons_IN53362655_121640.mp3
Decticus_albifrons_IN53362767_121641.mp3,Decticus_albifrons,Orthoptera,http://creativecommons.org/licenses/by/4.0/,anasacuta,https://www.inaturalist.org/observations/53362767,https://static.inaturalist.org/sounds/121641.m4a?1594994147,,Decticus_albifrons,Train,,0.256639,data\raw\species40\Train\Decticus_albifrons_IN53362767_121641.mp3
Platycleis_albopunctata_XC868130.wav,Platycleis_albopunctata,Orthoptera,//creativecommons.org/licenses/by-sa/4.0/,K.-G. Heller,https://xeno-canto.org/868130,https://xeno-canto.org/868130/download,,Platycleis_albopunctata,Train,18.0,0.397582,data\raw\species40\Train\Platycleis_albopunctata_XC868130.wav
Phaneroptera_nana_XC849136.wav,Phaneroptera_nana,Orthoptera,//creativecommons.org/licenses/by-sa/4.0/,Baudewijn Odé,https://xeno-canto.org/849136,https://xeno-canto.org/849136/download,,Phaneroptera_nana,Train,,0.509507,data\raw\species40\Train\Phaneroptera_nana_XC849136.wav
Chorthippus_mollis_IN182452663_809099.mp3,Chorthippus_mollis,Orthoptera,http://creativecommons.org/licenses/by-nc/4.0/,Miriam Öttl,https://www.inaturalist.org/observations/182452663,https://static.inaturalist.org/sounds/809099.m4a?1694262300,,Chorthippus_mollis,Train,,0.126976,data\raw\species40\Train\Chorthippus_mollis_IN182452663_809099.mp3
Chorthippus_mollis_XC473304.mp3,Chorthippus_mollis,Orthoptera,//creativecommons.org/licenses/by-nc-sa/4.0/,Cedric Mroczko,https://xeno-canto.org/473304,https://xeno-canto.org/473304/download,Chorthippus biguttulus,Chorthippus_mollis,Train,,0.618679,data\raw\species40\Train\Chorthippus_mollis_XC473304.mp3
Platycleis_albopunctata_XC779471.wav,Platycleis_albopunctata,Orthoptera,//creativecommons.org/licenses/by-nc-sa/4.0/,Cedric Mroczko,https://xeno-canto.org/779471,https://xeno-canto.org/779471/download,,Platycleis_albopunctata,Train,25.0,1.699303,data\raw\species40\Train\Platycleis_albopunctata_XC779471.wav
Chorthippus_mollis_IN101529446_330935.mp3,Chorthippus_mollis,Orthoptera,http://creativecommons.org/licenses/by-nc/4.0/,gernotkunz,https://www.inaturalist.org/observations/101529446,https://static.inaturalist.org/sounds/330935.m4a?1637415560,,Chorthippus_mollis,Train,,0.218493,data\raw\species40\Train\Chorthippus_mollis_IN101529446_330935.mp3
Platycleis_albopunctata_XC868150.wav,Platycleis_albopunctata,Orthoptera,//creativecommons.org/licenses/by-sa/4.0/,K.-G. Heller,https://xeno-canto.org/868150,https://xeno-canto.org/868150/download,,Platycleis_albopunctata,Train,13.5,2.655525,data\raw\species40\Train\Platycleis_albopunctata_XC868150.wav
Chorthippus_mollis_IN129806013_516141.mp3,Chorthippus_mollis,Orthoptera,http://creativecommons.org/licenses/by-nc/4.0/,Maren,https://www.inaturalist.org/observations/129806013,https://static.inaturalist.org/sounds/516141.m4a?1659871493,,Chorthippus_mollis,Train,,0.120631,data\raw\species40\Train\Chorthippus_mollis_IN129806013_516141.mp3
Chorthippus_mollis_IN135087805_536014.mp3,Chorthippus_mollis,Orthoptera,http://creativecommons.org/licenses/by-nc/4.0/,Тимофей Палкин,https://www.inaturalist.org/observations/135087805,https://static.inaturalist.org/sounds/536014.m4a?1663226048,,Chorthippus_mollis,Train,,0.424733,data\raw\species40\Train\Chorthippus_mollis_IN135087805_536014.mp3
Platycleis_albopunctata_XC868131.wav,Platycleis_albopunctata,Orthoptera,//creativecommons.org/licenses/by-sa/4.0/,K.-G. Heller,https://xeno-canto.org/868131,https://xeno-canto.org/868131/download,,Platycleis_albopunctata,Train,22.0,2.697072,data\raw\species40\Train\Platycleis_albopunctata_XC868131.wav
Chorthippus_mollis_IN179736607_797966.wav,Chorthippus_mollis,Orthoptera,http://creativecommons.org/licenses/by-nc/4.0/,Benjamin Schmid,https://www.inaturalist.org/observations/179736607,https://static.inaturalist.org/sounds/797966.wav?1692737965,,Chorthippus_mollis,Train,,0.718081,data\raw\species40\Train\Chorthippus_mollis_IN179736607_797966.wav
Chorthippus_mollis_XC882125.mp3,Chorthippus_mollis,Orthoptera,//creativecommons.org/licenses/by-nc-sa/4.0/,Noud van den Berg,https://xeno-canto.org/882125,https://xeno-canto.org/882125/download,"Chorthippus biguttulus, Chorthippus brunneus",Chorthippus_mollis,Train,,0.429023,data\raw\species40\Train\Chorthippus_mollis_XC882125.mp3
Platycleis_albopunctata_XC766776.wav,Platycleis_albopunctata,Orthoptera,//creativecommons.org/licenses/by-nc-sa/4.0/,Stanislas Wroza,https://xeno-canto.org/766776,https://xeno-canto.org/766776/download,,Platycleis_albopunctata,Train,,2.219373,data\raw\species40\Train\Platycleis_albopunctata_XC766776.wav
Chorthippus_mollis_IN187118923_828854.mp3,Chorthippus_mollis,Orthoptera,http://creativecommons.org/licenses/by-nc/4.0/,Miriam Öttl,https://www.inaturalist.org/observations/187118923,https://static.inaturalist.org/sounds/828854.m4a?1697033060,,Chorthippus_mollis,Train,,0.230865,data\raw\species40\Train\Chorthippus_mollis_IN187118923_828854.mp3
Platycleis_albopunctata_XC868123.wav,Platycleis_albopunctata,Orthoptera,//creativecommons.org/licenses/by-sa/4.0/,K.-G. Heller,https://xeno-canto.org/868123,https://xeno-canto.org/868123/download,,Platycleis_albopunctata,Train,20.0,0.65332,data\raw\species40\Train\Platycleis_albopunctata_XC868123.wav
Platycleis_albopunctata_XC851719.wav,Platycleis_albopunctata,Orthoptera,//creativecommons.org/licenses/by-sa/4.0/,Baudewijn Odé,https://xeno-canto.org/851719,https://xeno-canto.org/851719/download,,Platycleis_albopunctata,Train,,1.691139,data\raw\species40\Train\Platycleis_albopunctata_XC851719.wav
Platycleis_albopunctata_XC925980.wav,Platycleis_albopunctata,Orthoptera,//creativecommons.org/licenses/by-nc-sa/4.0/,"Rocío Ríos, Julia Guerra, Cecile Malige",https://xeno-canto.org/925980,https://xeno-canto.org/925980/download,,Platycleis_albopunctata,Train,20.0,1.128739,data\raw\species40\Train\Platycleis_albopunctata_XC925980.wav
Chorthippus_mollis_XC769962.mp3,Chorthippus_mollis,Orthoptera,//creativecommons.org/licenses/by-nc-sa/4.0/,Vincent Pourchaire,https://xeno-canto.org/769962,https://xeno-canto.org/769962/download,,Chorthippus_mollis,Train,23.0,0.938891,data\raw\species40\Train\Chorthippus_mollis_XC769962.mp3
Platycleis_albopunctata_XC782596.mp3,Platycleis_albopunctata,Orthoptera,//creativecommons.org/licenses/by-nc-sa/4.0/,Cedric Mroczko,https://xeno-canto.org/782596,https://xeno-canto.org/782596/download,"Chorthippus binotatus, Lluciapomaresius stalii, Periparus ater, Myrmeleotettix maculatus",Platycleis_albopunctata,Train,25.0,1.362008,data\raw\species40\Train\Platycleis_albopunctata_XC782596.mp3
Platycleis_albopunctata_XC886558.wav,Platycleis_albopunctata,Orthoptera,//creativecommons.org/licenses/by-sa/4.0/,K.-G. Heller,https://xeno-canto.org/886558,https://xeno-canto.org/886558/download,,Platycleis_albopunctata,Train,28.0,1.583001,data\raw\species40\Train\Platycleis_albopunctata_XC886558.wav
Chorthippus_mollis_IN181069613_803685.mp3,Chorthippus_mollis,Orthoptera,http://creativecommons.org/licenses/by/4.0/,E. A.,https://www.inaturalist.org/observations/181069613,https://static.inaturalist.org/sounds/803685.m4a?1693498481,,Chorthippus_mollis,Train,,0.414775,data\raw\species40\Train\Chorthippus_mollis_IN181069613_803685.mp3
Chorthippus_mollis_XC751781.wav,Chorthippus_mollis,Orthoptera,//creativecommons.org/licenses/by-sa/4.0/,Baudewijn Odé,https://xeno-canto.org/751781,https://xeno-canto.org/751781/download,,Chorthippus_mollis,Train,,0.901615,data\raw\species40\Train\Chorthippus_mollis_XC751781.wav
Platycleis_albopunctata_IN132280289_526528.wav,Platycleis_albopunctata,Orthoptera,http://creativecommons.org/licenses/by/4.0/,Yves Bas,https://www.inaturalist.org/observations/132280289,https://static.inaturalist.org/sounds/526528.wav?1661439474,,Platycleis_albopunctata,Train,,0.687665,data\raw\species40\Train\Platycleis_albopunctata_IN132280289_526528.wav
Phaneroptera_nana_XC885486.wav,Phaneroptera_nana,Orthoptera,//creativecommons.org/licenses/by-sa/4.0/,K.-G. Heller,https://xeno-canto.org/885486,https://xeno-canto.org/885486/download,,Phaneroptera_nana,Train,30.0,2.991706,data\raw\species40\Train\Phaneroptera_nana_XC885486.wav
Platycleis_albopunctata_XC868128.wav,Platycleis_albopunctata,Orthoptera,//creativecommons.org/licenses/by-sa/4.0/,K.-G. Heller,https://xeno-canto.org/868128,https://xeno-canto.org/868128/download,,Platycleis_albopunctata,Train,24.0,0.629959,data\raw\species40\Train\Platycleis_albopunctata_XC868128.wav
Phaneroptera_nana_IN54205092_124209.mp3,Phaneroptera_nana,Orthoptera,http://creativecommons.org/licenses/by-nc/4.0/,plattbauch,https://www.inaturalist.org/observations/54205092,https://static.inaturalist.org/sounds/124209.mp3?1595627588,,Phaneroptera_nana,Train,,0.07895,data\raw\species40\Train\Phaneroptera_nana_IN54205092_124209.mp3
Platycleis_albopunctata_XC868147.wav,Platycleis_albopunctata,Orthoptera,//creativecommons.org/licenses/by-sa/4.0/,K.-G. Heller,https://xeno-canto.org/868147,https://xeno-canto.org/868147/download,,Platycleis_albopunctata,Train,17.0,0.539538,data\raw\species40\Train\Platycleis_albopunctata_XC868147.wav
Phaneroptera_nana_IN229613611_1133559.mp3,Phaneroptera_nana,Orthoptera,http://creativecommons.org/licenses/by/4.0/,Ryan F. Mandelbaum,https://www.inaturalist.org/observations/229613611,https://static.inaturalist.org/sounds/1133559.m4a?1721092115,,Phaneroptera_nana,Train,,0.08136,data\raw\species40\Train\Phaneroptera_nana_IN229613611_1133559.mp3
Platycleis_albopunctata_XC853313.wav,Platycleis_albopunctata,Orthoptera,//creativecommons.org/licenses/by-sa/4.0/,Baudewijn Odé,https://xeno-canto.org/853313,https://xeno-canto.org/853313/download,,Platycleis_albopunctata,Train,,2.490099,data\raw\species40\Train\Platycleis_albopunctata_XC853313.wav
Neotibicen_pruinosus_IN181287719_804591.mp3,Neotibicen_pruinosus,Cicadidae,http://creativecommons.org/licenses/by-nc/4.0/,Abigail Miller,https://www.inaturalist.org/observations/181287719,https://static.inaturalist.org/sounds/804591.m4a?1693616447,,Neotibicen_pruinosus,Validation,,0.726723,data\raw\species40\Validation\Neotibicen_pruinosus_IN181287719_804591.mp3
Chorthippus_biguttulus_IN91947683_294641.wav,Chorthippus_biguttulus,Orthoptera,http://creativecommons.org/licenses/by/4.0/,Tim Leilich,https://www.inaturalist.org/observations/91947683,https://static.inaturalist.org/sounds/294641.wav?1629545858,,Chorthippus_biguttulus,Validation,,2.536184,data\raw\species40\Validation\Chorthippus_biguttulus_IN91947683_294641.wav
Tettigonia_cantans_IN133732646_531219.mp3,Tettigonia_cantans,Orthoptera,http://creativecommons.org/licenses/by/4.0/,E. A.,https://www.inaturalist.org/observations/133732646,https://static.inaturalist.org/sounds/531219.mp3?1662361272,,Tettigonia_cantans,Validation,,0.085786,data\raw\species40\Validation\Tettigonia_cantans_IN133732646_531219.mp3
Decticus_albifrons_IN183638847_814039.mp3,Decticus_albifrons,Orthoptera,http://creativecommons.org/licenses/by-nc/4.0/,sorschlet,https://www.inaturalist.org/observations/183638847,https://static.inaturalist.org/sounds/814039.m4a?1694943556,,Decticus_albifrons,Validation,,0.163841,data\raw\species40\Validation\Decticus_albifrons_IN183638847_814039.mp3
Aleeta_curvicosta_IN67889185_158053.wav,Aleeta_curvicosta,Cicadidae,http://creativecommons.org/licenses/by-nc/4.0/,Christie,https://www.inaturalist.org/observations/67889185,https://static.inaturalist.org/sounds/158053.wav?1610332052,,Aleeta_curvicosta,Validation,,1.491556,data\raw\species40\Validation\Aleeta_curvicosta_IN67889185_158053.wav
Yoyetta_celis_IN66072943_152235.mp3,Yoyetta_celis,Cicadidae,http://creativecommons.org/licenses/by-nc/4.0/,bpscicada,https://www.inaturalist.org/observations/66072943,https://static.inaturalist.org/sounds/152235.m4a?1607057942,,Yoyetta_celis,Validation,,0.031067,data\raw\species40\Validation\Yoyetta_celis_IN66072943_152235.mp3
Galanga_labeculata_IN34717585_48921.wav,Galanga_labeculata,Cicadidae,http://creativecommons.org/licenses/by-nc/4.0/,Nathan Emery,https://www.inaturalist.org/observations/34717585,https://static.inaturalist.org/sounds/48921.wav?1571705189,,Galanga_labeculata,Validation,,0.317282,data\raw\species40\Validation\Galanga_labeculata_IN34717585_48921.wav
Pterophylla_camellifolia_IN130451395_518793.mp3,Pterophylla_camellifolia,Orthoptera,http://creativecommons.org/licenses/by-nc/4.0/,hollyroger,https://www.inaturalist.org/observations/130451395,https://static.inaturalist.org/sounds/518793.m4a?1660267517,,Pterophylla_camellifolia,Validation,,0.22364,data\raw\species40\Validation\Pterophylla_camellifolia_IN130451395_518793.mp3
Cystosoma_saundersii_IN64588008_147831.wav,Cystosoma_saundersii,Cicadidae,http://creativecommons.org/licenses/by-nc/4.0/,Joel Poyitt,https://www.inaturalist.org/observations/64588008,https://static.inaturalist.org/sounds/147831.wav?1604999265,,Cystosoma_saundersii,Validation,,0.832683,data\raw\species40\Validation\Cystosoma_saundersii_IN64588008_147831.wav
Yoyetta_celis_IN98962044_319385.mp3,Yoyetta_celis,Cicadidae,http://creativecommons.org/licenses/by/4.0/,Thomas Mesaglio,https://www.inaturalist.org/observations/98962044,https://static.inaturalist.org/sounds/319385.m4a?1634895442,,Yoyetta_celis,Validation,,0.265609,data\raw\species40\Validation\Yoyetta_celis_IN98962044_319385.mp3
Roeseliana_roeselii_IN181390035_804995.mp3,Roeseliana_roeselii,Orthoptera,http://creativecommons.org/licenses/by-nc/4.0/,Africa Gomez,https://www.inaturalist.org/observations/181390035,https://static.inaturalist.org/sounds/804995.m4a?1693668028,,Roeseliana_roeselii,Validation,,0.196567,data\raw\species40\Validation\Roeseliana_roeselii_IN181390035_804995.mp3
Meimuna_opalifera_IN89281245_284706.mp3,Meimuna_opalifera,Cicadidae,http://creativecommons.org/licenses/by-nc/4.0/,MP Zhou,https://www.inaturalist.org/observations/89281245,https://static.inaturalist.org/sounds/284706.mp3?1627704792,,Meimuna_opalifera,Validation,,0.062886,data\raw\species40\Validation\Meimuna_opalifera_IN89281245_284706.mp3
Tettigettalna_argentata_IN88047155_279975.wav,Tettigettalna_argentata,Cicadidae,http://creativecommons.org/licenses/by-nc/4.0/,jcordeiro,https://www.inaturalist.org/observations/88047155,https://static.inaturalist.org/sounds/279975.wav?1626904199,,Tettigettalna_argentata,Validation,,1.345213,data\raw\species40\Validation\Tettigettalna_argentata_IN88047155_279975.wav
Yoyetta_repetens_IN18791344_27949.wav,Yoyetta_repetens,Cicadidae,http://creativecommons.org/licenses/by-nc/4.0/,Christie,https://www.inaturalist.org/observations/18791344,https://static.inaturalist.org/sounds/27949.wav?1543831666,,Yoyetta_repetens,Validation,,0.498188,data\raw\species40\Validation\Yoyetta_repetens_IN18791344_27949.wav
Yoyetta_celis_IN134948691_535510.mp3,Yoyetta_celis,Cicadidae,http://creativecommons.org/licenses/by-nc/4.0/,bpscicada,https://www.inaturalist.org/observations/134948691,https://static.inaturalist.org/sounds/535510.mp3?1663126571,,Yoyetta_celis,Validation,,0.039476,data\raw\species40\Validation\Yoyetta_celis_IN134948691_535510.mp3
Magicicada_cassini_IN81043620_240558.mp3,Magicicada_cassini,Cicadidae,http://creativecommons.org/licenses/by-nc/4.0/,Nick,https://www.inaturalist.org/observations/81043620,https://static.inaturalist.org/sounds/240558.m4a?1622477714,,Magicicada_cassini,Validation,,0.472047,data\raw\species40\Validation\Magicicada_cassini_IN81043620_240558.mp3
Gryllus_pennsylvanicus_IN103784474_340920.wav,Gryllus_pennsylvanicus,Orthoptera,http://creativecommons.org/licenses/by-nc/4.0/,Richard J. Buist,https://www.inaturalist.org/observations/103784474,https://static.inaturalist.org/sounds/340920.wav?1640646654,,Gryllus_pennsylvanicus,Validation,,2.477906,data\raw\species40\Validation\Gryllus_pennsylvanicus_IN103784474_340920.wav
Popplepsalta_notialis_IN8263620_15748.wav,Popplepsalta_notialis,Cicadidae,http://creativecommons.org/licenses/by-nc/4.0/,Nathan Emery,https://www.inaturalist.org/observations/8263620,https://static.inaturalist.org/sounds/15748.wav?1507173066,,Popplepsalta_notialis,Validation,,0.874147,data\raw\species40\Validation\Popplepsalta_notialis_IN8263620_15748.wav
Neotibicen_tibicen_IN172666991_767828.mp3,Neotibicen_tibicen,Cicadidae,http://creativecommons.org/licenses/by-nc/4.0/,clareoneill33,https://www.inaturalist.org/observations/172666991,https://static.inaturalist.org/sounds/767828.m4a?1689253128,,Neotibicen_tibicen,Validation,,0.159438,data\raw\species40\Validation\Neotibicen_tibicen_IN172666991_767828.mp3
Cicada_orni_IN85908952_269456.mp3,Cicada_orni,Cicadidae,http://creativecommons.org/licenses/by-nc/4.0/,Sofia Cerqueira,https://www.inaturalist.org/observations/85908952,https://static.inaturalist.org/sounds/269456.mp3?1625579193,,Cicada_orni,Validation,,0.095381,data\raw\species40\Validation\Cicada_orni_IN85908952_269456.mp3
Conocephalus_fuscus_IN178202422_791931.mp3,Conocephalus_fuscus,Orthoptera,http://creativecommons.org/licenses/by-nc/4.0/,Africa Gomez,https://www.inaturalist.org/observations/178202422,https://static.inaturalist.org/sounds/791931.m4a?1691943690,,Conocephalus_fuscus,Validation,,0.22593,data\raw\species40\Validation\Conocephalus_fuscus_IN178202422_791931.mp3
Microcentrum_rhombifolium_IN130882482_520752.mp3,Microcentrum_rhombifolium,Orthoptera,http://creativecommons.org/licenses/by-nc/4.0/,Cody Porter,https://www.inaturalist.org/observations/130882482,https://static.inaturalist.org/sounds/520752.m4a?1660529306,,Microcentrum_rhombifolium,Validation,,0.336051,data\raw\species40\Validation\Microcentrum_rhombifolium_IN130882482_520752.mp3
Tettigettalna_argentata_IN129690518_515611.mp3,Tettigettalna_argentata,Cicadidae,http://creativecommons.org/licenses/by-nc/4.0/,Ricardo Martins,https://www.inaturalist.org/observations/129690518,https://static.inaturalist.org/sounds/515611.mp3?1659801807,,Tettigettalna_argentata,Validation,,0.247141,data\raw\species40\Validation\Tettigettalna_argentata_IN129690518_515611.mp3
Neotibicen_pruinosus_IN92625404_297438.mp3,Neotibicen_pruinosus,Cicadidae,http://creativecommons.org/licenses/by-nc/4.0/,Ashley M Bradford,https://www.inaturalist.org/observations/92625404,https://static.inaturalist.org/sounds/297438.m4a?1630023497,,Neotibicen_pruinosus,Validation,,0.246458,data\raw\species40\Validation\Neotibicen_pruinosus_IN92625404_297438.mp3
Popplepsalta_notialis_IN18138836_27222.wav,Popplepsalta_notialis,Cicadidae,http://creativecommons.org/licenses/by-nc/4.0/,Nathan Emery,https://www.inaturalist.org/observations/18138836,https://static.inaturalist.org/sounds/27222.wav?1541455095,,Popplepsalta_notialis,Validation,,0.646358,data\raw\species40\Validation\Popplepsalta_notialis_IN18138836_27222.wav
Galanga_labeculata_IN10030333_18063.mp3,Galanga_labeculata,Cicadidae,http://creativecommons.org/licenses/by-nc/4.0/,Joel Poyitt,https://www.inaturalist.org/observations/10030333,https://static.inaturalist.org/sounds/18063.m4a?1519808082,,Galanga_labeculata,Validation,,0.247899,data\raw\species40\Validation\Galanga_labeculata_IN10030333_18063.mp3
Gryllus_campestris_IN99210829_320623.mp3,Gryllus_campestris,Orthoptera,http://creativecommons.org/licenses/by-nc/4.0/,gernotkunz,https://www.inaturalist.org/observations/99210829,https://static.inaturalist.org/sounds/320623.m4a?1635082130,,Gryllus_campestris,Validation,,0.231894,data\raw\species40\Validation\Gryllus_campestris_IN99210829_320623.mp3
Gryllus_campestris_IN178036752_791181.mp3,Gryllus_campestris,Orthoptera,http://creativecommons.org/licenses/by-nc/4.0/,Laus,https://www.inaturalist.org/observations/178036752,https://static.inaturalist.org/sounds/791181.m4a?1691864893,,Gryllus_campestris,Validation,,0.425205,data\raw\species40\Validation\Gryllus_campestris_IN178036752_791181.mp3
Aleeta_curvicosta_IN19189599_28547.wav,Aleeta_curvicosta,Cicadidae,http://creativecommons.org/licenses/by-nc/4.0/,Christie,https://www.inaturalist.org/observations/19189599,https://static.inaturalist.org/sounds/28547.wav?1545631178,,Aleeta_curvicosta,Validation,,2.089572,data\raw\species40\Validation\Aleeta_curvicosta_IN19189599_28547.wav
Tettigonia_cantans_IN180480607_801091.wav,Tettigonia_cantans,Orthoptera,http://creativecommons.org/licenses/by/4.0/,Stephan Mende,https://www.inaturalist.org/observations/180480607,https://static.inaturalist.org/sounds/801091.wav?1693157158,,Tettigonia_cantans,Validation,,0.805763,data\raw\species40\Validation\Tettigonia_cantans_IN180480607_801091.wav
Cicada_orni_IN122027042_473577.mp3,Cicada_orni,Cicadidae,http://creativecommons.org/licenses/by-nc/4.0/,Nelson Conceição,https://www.inaturalist.org/observations/122027042,https://static.inaturalist.org/sounds/473577.mp3?1655392602,,Cicada_orni,Validation,,0.943281,data\raw\species40\Validation\Cicada_orni_IN122027042_473577.mp3
Psaltoda_plaga_IN196319819_874086.mp3,Psaltoda_plaga,Cicadidae,http://creativecommons.org/licenses/by-nc/4.0/,kw841432,https://www.inaturalist.org/observations/196319819,https://static.inaturalist.org/sounds/874086.m4a?1704938382,,Psaltoda_plaga,Validation,,0.315421,data\raw\species40\Validation\Psaltoda_plaga_IN196319819_874086.mp3
Cicada_orni_IN223983816_1102015.wav,Cicada_orni,Cicadidae,http://creativecommons.org/licenses/by-nc/4.0/,Lucía,https://www.inaturalist.org/observations/223983816,https://static.inaturalist.org/sounds/1102015.wav?1718894920,,Cicada_orni,Validation,,0.806902,data\raw\species40\Validation\Cicada_orni_IN223983816_1102015.wav
Yoyetta_repetens_IN197937299_886520.mp3,Yoyetta_repetens,Cicadidae,http://creativecommons.org/licenses/by-nc/4.0/,Joel Poyitt,https://www.inaturalist.org/observations/197937299,https://static.inaturalist.org/sounds/886520.m4a?1706578397,,Yoyetta_repetens,Validation,,0.141485,data\raw\species40\Validation\Yoyetta_repetens_IN197937299_886520.mp3
Psaltoda_plaga_IN145475976_578815.mp3,Psaltoda_plaga,Cicadidae,http://creativecommons.org/licenses/by-nc/4.0/,Colin Trainor,https://www.inaturalist.org/observations/145475976,https://static.inaturalist.org/sounds/578815.m4a?1672456123,,Psaltoda_plaga,Validation,,0.217414,data\raw\species40\Validation\Psaltoda_plaga_IN145475976_578815.mp3
Gryllus_pennsylvanicus_IN90729338_290229.mp3,Gryllus_pennsylvanicus,Orthoptera,http://creativecommons.org/licenses/by-nc/4.0/,Nick Belliveau,https://www.inaturalist.org/observations/90729338,https://static.inaturalist.org/sounds/290229.m4a?1628646227,,Gryllus_pennsylvanicus,Validation,,0.111463,data\raw\species40\Validation\Gryllus_pennsylvanicus_IN90729338_290229.mp3
Yoyetta_repetens_IN9767107_17653.mp3,Yoyetta_repetens,Cicadidae,http://creativecommons.org/licenses/by-nc/4.0/,Joel Poyitt,https://www.inaturalist.org/observations/9767107,https://static.inaturalist.org/sounds/17653.m4a?1518050040,,Yoyetta_repetens,Validation,,0.409886,data\raw\species40\Validation\Yoyetta_repetens_IN9767107_17653.mp3
Cyclochila_australasiae_IN62014845_141281.mp3,Cyclochila_australasiae,Cicadidae,http://creativecommons.org/licenses/by-nc/4.0/,Christie,https://www.inaturalist.org/observations/62014845,https://static.inaturalist.org/sounds/141281.m4a?1602146025,,Cyclochila_australasiae,Validation,,0.269314,data\raw\species40\Validation\Cyclochila_australasiae_IN62014845_141281.mp3
Neotibicen_robinsonianus_IN230338224_1137173.mp3,Neotibicen_robinsonianus,Cicadidae,http://creativecommons.org/licenses/by-nc/4.0/,Milo Pyne,https://www.inaturalist.org/observations/230338224,https://static.inaturalist.org/sounds/1137173.m4a?1721412631,,Neotibicen_robinsonianus,Validation,,0.217657,data\raw\species40\Validation\Neotibicen_robinsonianus_IN230338224_1137173.mp3
Galanga_labeculata_IN67067538_155346.mp3,Galanga_labeculata,Cicadidae,http://creativecommons.org/licenses/by-nc/4.0/,bpscicada,https://www.inaturalist.org/observations/67067538,https://static.inaturalist.org/sounds/155346.m4a?1608947693,,Galanga_labeculata,Validation,,0.151319,data\raw\species40\Validation\Galanga_labeculata_IN67067538_155346.mp3
Pterophylla_camellifolia_IN182749814_810211.mp3,Pterophylla_camellifolia,Orthoptera,http://creativecommons.org/licenses/by-nc/4.0/,Kyle Aldinger,https://www.inaturalist.org/observations/182749814,https://static.inaturalist.org/sounds/810211.m4a?1694399139,,Pterophylla_camellifolia,Validation,,0.149531,data\raw\species40\Validation\Pterophylla_camellifolia_IN182749814_810211.mp3
Popplepsalta_notialis_IN20396204_31295.wav,Popplepsalta_notialis,Cicadidae,http://creativecommons.org/licenses/by-nc/4.0/,Christie,https://www.inaturalist.org/observations/20396204,https://static.inaturalist.org/sounds/31295.wav?1550385582,,Popplepsalta_notialis,Validation,,0.832977,data\raw\species40\Validation\Popplepsalta_notialis_IN20396204_31295.wav
Meimuna_opalifera_IN178468736_792869.mp3,Meimuna_opalifera,Cicadidae,http://creativecommons.org/licenses/by-nc/4.0/,Seongwoon_Lee,https://www.inaturalist.org/observations/178468736,https://static.inaturalist.org/sounds/792869.m4a?1692065736,,Meimuna_opalifera,Validation,,0.092245,data\raw\species40\Validation\Meimuna_opalifera_IN178468736_792869.mp3
Tettigonia_viridissima_IN198829934_892873.mp3,Tettigonia_viridissima,Orthoptera,http://creativecommons.org/licenses/by-nc/4.0/,mobbini,https://www.inaturalist.org/observations/198829934,https://static.inaturalist.org/sounds/892873.mp3?1707507772,,Tettigonia_viridissima,Validation,,0.128077,data\raw\species40\Validation\Tettigonia_viridissima_IN198829934_892873.mp3
Atrapsalta_corticina_IN17550330_26582.wav,Atrapsalta_corticina,Cicadidae,http://creativecommons.org/licenses/by-nc/4.0/,Nathan Emery,https://www.inaturalist.org/observations/17550330,https://static.inaturalist.org/sounds/26582.wav?1539663921,,Atrapsalta_corticina,Validation,,0.318083,data\raw\species40\Validation\Atrapsalta_corticina_IN17550330_26582.wav
Pholidoptera_griseoaptera_XC752255.wav,Pholidoptera_griseoaptera,Orthoptera,//creativecommons.org/licenses/by-sa/4.0/,Baudewijn Odé,https://xeno-canto.org/752255,https://xeno-canto.org/752255/download,,Pholidoptera_griseoaptera,Validation,,2.427743,data\raw\species40\Validation\Pholidoptera_griseoaptera_XC752255.wav
Yoyetta_celis_IN100993193_328992.mp3,Yoyetta_celis,Cicadidae,http://creativecommons.org/licenses/by-nc/4.0/,bpscicada,https://www.inaturalist.org/observations/100993193,https://static.inaturalist.org/sounds/328992.mp3?1636800500,,Yoyetta_celis,Validation,,0.059398,data\raw\species40\Validation\Yoyetta_celis_IN100993193_328992.mp3
Yoyetta_repetens_IN105496974_349247.mp3,Yoyetta_repetens,Cicadidae,http://creativecommons.org/licenses/by-nc/4.0/,bpscicada,https://www.inaturalist.org/observations/105496974,https://static.inaturalist.org/sounds/349247.mp3?1643029273,,Yoyetta_repetens,Validation,,0.21275,data\raw\species40\Validation\Yoyetta_repetens_IN105496974_349247.mp3
Gryllotalpa_gryllotalpa_IN46352514_90805.mp3,Gryllotalpa_gryllotalpa,Orthoptera,http://creativecommons.org/licenses/by-nc/4.0/,Ana Conceição,https://www.inaturalist.org/observations/46352514,https://static.inaturalist.org/sounds/90805.mp3?1589791728,,Gryllotalpa_gryllotalpa,Validation,,0.045118,data\raw\species40\Validation\Gryllotalpa_gryllotalpa_IN46352514_90805.mp3
Aleeta_curvicosta_IN37930360_55717.wav,Aleeta_curvicosta,Cicadidae,http://creativecommons.org/licenses/by-nc/4.0/,Christie,https://www.inaturalist.org/observations/37930360,https://static.inaturalist.org/sounds/55717.wav?1579925264,,Aleeta_curvicosta,Validation,,0.534086,data\raw\species40\Validation\Aleeta_curvicosta_IN37930360_55717.wav
Neotibicen_pruinosus_IN94441298_304190.mp3,Neotibicen_pruinosus,Cicadidae,http://creativecommons.org/licenses/by-nc/4.0/,Nicholas Sly,https://www.inaturalist.org/observations/94441298,https://static.inaturalist.org/sounds/304190.m4a?1631371347,,Neotibicen_pruinosus,Validation,,0.206172,data\raw\species40\Validation\Neotibicen_pruinosus_IN94441298_304190.mp3
Oecanthus_pellucens_IN177848414_790392.wav,Oecanthus_pellucens,Orthoptera,http://creativecommons.org/licenses/by/4.0/,Paolo Zucca,https://www.inaturalist.org/observations/177848414,https://static.inaturalist.org/sounds/790392.wav?1691772075,,Oecanthus_pellucens,Validation,,0.614117,data\raw\species40\Validation\Oecanthus_pellucens_IN177848414_790392.wav
Cystosoma_saundersii_IN34488735_48611.wav,Cystosoma_saundersii,Cicadidae,http://creativecommons.org/licenses/by-nc/4.0/,Nathan Emery,https://www.inaturalist.org/observations/34488735,https://static.inaturalist.org/sounds/48611.wav?1571301551,,Cystosoma_saundersii,Validation,,0.556471,data\raw\species40\Validation\Cystosoma_saundersii_IN34488735_48611.wav
Yoyetta_celis_IN8247164_15741.wav,Yoyetta_celis,Cicadidae,http://creativecommons.org/licenses/by-nc/4.0/,Nathan Emery,https://www.inaturalist.org/observations/8247164,https://static.inaturalist.org/sounds/15741.wav?1507172940,,Yoyetta_celis,Validation,,0.894396,data\raw\species40\Validation\Yoyetta_celis_IN8247164_15741.wav
Atrapsalta_corticina_IN34347687_48446.wav,Atrapsalta_corticina,Cicadidae,http://creativecommons.org/licenses/by-nc/4.0/,Joel Poyitt,https://www.inaturalist.org/observations/34347687,https://static.inaturalist.org/sounds/48446.wav?1571037307,,Atrapsalta_corticina,Validation,,0.878964,data\raw\species40\Validation\Atrapsalta_corticina_IN34347687_48446.wav
Magicicada_septendecim_IN80483643_235493.mp3,Magicicada_septendecim,Cicadidae,http://creativecommons.org/licenses/by-nc/4.0/,Anne Savage,https://www.inaturalist.org/observations/80483643,https://static.inaturalist.org/sounds/235493.m4a?1622126633,,Magicicada_septendecim,Validation,,0.187127,data\raw\species40\Validation\Magicicada_septendecim_IN80483643_235493.mp3
Yoyetta_celis_IN18886074_28241.wav,Yoyetta_celis,Cicadidae,http://creativecommons.org/licenses/by-nc/4.0/,Nathan Emery,https://www.inaturalist.org/observations/18886074,https://static.inaturalist.org/sounds/28241.wav?1544649871,,Yoyetta_celis,Validation,,0.245314,data\raw\species40\Validation\Yoyetta_celis_IN18886074_28241.wav
Tettigonia_viridissima_IN98367609_317003.mp3,Tettigonia_viridissima,Orthoptera,http://creativecommons.org/licenses/by-nc/4.0/,mobbini,https://www.inaturalist.org/observations/98367609,https://static.inaturalist.org/sounds/317003.mp3?1634385494,,Tettigonia_viridissima,Validation,,0.142668,data\raw\species40\Validation\Tettigonia_viridissima_IN98367609_317003.mp3
Roeseliana_roeselii_IN179527513_797144.mp3,Roeseliana_roeselii,Orthoptera,http://creativecommons.org/licenses/by-nc/4.0/,Africa Gomez,https://www.inaturalist.org/observations/179527513,https://static.inaturalist.org/sounds/797144.m4a?1692628817,,Roeseliana_roeselii,Validation,,0.132835,data\raw\species40\Validation\Roeseliana_roeselii_IN179527513_797144.mp3
Aleeta_curvicosta_IN9457274_17142.mp3,Aleeta_curvicosta,Cicadidae,http://creativecommons.org/licenses/by-nc/4.0/,Nicole Matthews,https://www.inaturalist.org/observations/9457274,https://static.inaturalist.org/sounds/17142.m4a?1648660002,,Aleeta_curvicosta,Validation,,1.366582,data\raw\species40\Validation\Aleeta_curvicosta_IN9457274_17142.mp3
Psaltoda_plaga_IN19505540_28999.wav,Psaltoda_plaga,Cicadidae,http://creativecommons.org/licenses/by-nc/4.0/,Christie,https://www.inaturalist.org/observations/19505540,https://static.inaturalist.org/sounds/28999.wav?1546921258,,Psaltoda_plaga,Validation,,0.857007,data\raw\species40\Validation\Psaltoda_plaga_IN19505540_28999.wav
Gryllus_campestris_IN214533586_1027090.wav,Gryllus_campestris,Orthoptera,http://creativecommons.org/licenses/by-nc/4.0/,Maren,https://www.inaturalist.org/observations/214533586,https://static.inaturalist.org/sounds/1027090.wav?1715236077,,Gryllus_campestris,Validation,,0.826278,data\raw\species40\Validation\Gryllus_campestris_IN214533586_1027090.wav
Cicada_barbara_IN85588015_267753.mp3,Cicada_barbara,Cicadidae,http://creativecommons.org/licenses/by-nc/4.0/,aggranada,https://www.inaturalist.org/observations/85588015,https://static.inaturalist.org/sounds/267753.mp3?1625387247,,Cicada_barbara,Validation,,0.069852,data\raw\species40\Validation\Cicada_barbara_IN85588015_267753.mp3
Conocephalus_fuscus_IN177553195_789158.wav,Conocephalus_fuscus,Orthoptera,http://creativecommons.org/licenses/by-nc/4.0/,Татьяна Гилязова,https://www.inaturalist.org/observations/177553195,https://static.inaturalist.org/sounds/789158.wav?1691608714,,Conocephalus_fuscus,Validation,,0.640538,data\raw\species40\Validation\Conocephalus_fuscus_IN177553195_789158.wav
Yoyetta_repetens_IN18023623_27038.wav,Yoyetta_repetens,Cicadidae,http://creativecommons.org/licenses/by-nc/4.0/,Christie,https://www.inaturalist.org/observations/18023623,https://static.inaturalist.org/sounds/27038.wav?1541305937,,Yoyetta_repetens,Validation,,0.611411,data\raw\species40\Validation\Yoyetta_repetens_IN18023623_27038.wav
Cystosoma_saundersii_IN62384902_142189.wav,Cystosoma_saundersii,Cicadidae,http://creativecommons.org/licenses/by-nc/4.0/,Joel Poyitt,https://www.inaturalist.org/observations/62384902,https://static.inaturalist.org/sounds/142189.mpga?1602493946,,Cystosoma_saundersii,Validation,,0.465544,data\raw\species40\Validation\Cystosoma_saundersii_IN62384902_142189.wav
Cicada_orni_IN54379978_124609.wav,Cicada_orni,Cicadidae,http://creativecommons.org/licenses/by-nc/4.0/,David Rosario,https://www.inaturalist.org/observations/54379978,https://static.inaturalist.org/sounds/124609.wav?1595763342,,Cicada_orni,Validation,,0.689503,data\raw\species40\Validation\Cicada_orni_IN54379978_124609.wav
Gryllus_pennsylvanicus_IN97099397_312664.mp3,Gryllus_pennsylvanicus,Orthoptera,http://creativecommons.org/licenses/by-nc/4.0/,Ian Cruickshank,https://www.inaturalist.org/observations/97099397,https://static.inaturalist.org/sounds/312664.m4a?1633310999,,Gryllus_pennsylvanicus,Validation,,0.182672,data\raw\species40\Validation\Gryllus_pennsylvanicus_IN97099397_312664.mp3
Tettigonia_cantans_IN128987999_512071.mp3,Tettigonia_cantans,Orthoptera,http://creativecommons.org/licenses/by/4.0/,snaily_naily173,https://www.inaturalist.org/observations/128987999,https://static.inaturalist.org/sounds/512071.mp3?1659367972,,Tettigonia_cantans,Validation,,0.106928,data\raw\species40\Validation\Tettigonia_cantans_IN128987999_512071.mp3
Roeseliana_roeselii_IN183830731_814774.mp3,Roeseliana_roeselii,Orthoptera,http://creativecommons.org/licenses/by-nc/4.0/,Karol Łanocha,https://www.inaturalist.org/observations/183830731,https://static.inaturalist.org/sounds/814774.m4a?1695038119,,Roeseliana_roeselii,Validation,,0.220584,data\raw\species40\Validation\Roeseliana_roeselii_IN183830731_814774.mp3
Neotibicen_robinsonianus_IN91665731_293460.wav,Neotibicen_robinsonianus,Cicadidae,http://creativecommons.org/licenses/by-nc/4.0/,Paul Pernici,https://www.inaturalist.org/observations/91665731,https://static.inaturalist.org/sounds/293460.wav?1629313433,,Neotibicen_robinsonianus,Validation,,1.086164,data\raw\species40\Validation\Neotibicen_robinsonianus_IN91665731_293460.wav
Popplepsalta_notialis_IN62846256_143388.wav,Popplepsalta_notialis,Cicadidae,http://creativecommons.org/licenses/by-nc/4.0/,Christie,https://www.inaturalist.org/observations/62846256,https://static.inaturalist.org/sounds/143388.wav?1602980581,,Popplepsalta_notialis,Validation,,0.475568,data\raw\species40\Validation\Popplepsalta_notialis_IN62846256_143388.wav
Galanga_labeculata_IN64168715_146851.wav,Galanga_labeculata,Cicadidae,http://creativecommons.org/licenses/by-nc/4.0/,Joel Poyitt,https://www.inaturalist.org/observations/64168715,https://static.inaturalist.org/sounds/146851.mpga?1604489479,,Galanga_labeculata,Validation,,1.092294,data\raw\species40\Validation\Galanga_labeculata_IN64168715_146851.wav
Gryllus_campestris_IN42884414_73124.wav,Gryllus_campestris,Orthoptera,http://creativecommons.org/licenses/by/4.0/,Tim Leilich,https://www.inaturalist.org/observations/42884414,https://static.inaturalist.org/sounds/73124.wav?1587586253,,Gryllus_campestris,Validation,,1.140171,data\raw\species40\Validation\Gryllus_campestris_IN42884414_73124.wav
Yoyetta_celis_IN138457007_548365.wav,Yoyetta_celis,Cicadidae,http://creativecommons.org/licenses/by-nc/4.0/,Christie,https://www.inaturalist.org/observations/138457007,https://static.inaturalist.org/sounds/548365.wav?1665539794,,Yoyetta_celis,Validation,,0.324045,data\raw\species40\Validation\Yoyetta_celis_IN138457007_548365.wav
Yoyetta_repetens_IN193253949_856914.mp3,Yoyetta_repetens,Cicadidae,http://creativecommons.org/licenses/by-nc/4.0/,Joel Poyitt,https://www.inaturalist.org/observations/193253949,https://static.inaturalist.org/sounds/856914.m4a?1701906706,,Yoyetta_repetens,Validation,,0.235604,data\raw\species40\Validation\Yoyetta_repetens_IN193253949_856914.mp3
Magicicada_septendecim_IN82355655_249453.mp3,Magicicada_septendecim,Cicadidae,http://creativecommons.org/licenses/by-nc/4.0/,Antoni W.,https://www.inaturalist.org/observations/82355655,https://static.inaturalist.org/sounds/249453.m4a?1623279381,,Magicicada_septendecim,Validation,,0.279526,data\raw\species40\Validation\Magicicada_septendecim_IN82355655_249453.mp3
Cicada_barbara_IN90408353_289163.mp3,Cicada_barbara,Cicadidae,http://creativecommons.org/licenses/by-nc/4.0/,David Fernández Huerta,https://www.inaturalist.org/observations/90408353,https://static.inaturalist.org/sounds/289163.m4a?1628451233,,Cicada_barbara,Validation,,0.292826,data\raw\species40\Validation\Cicada_barbara_IN90408353_289163.mp3
Oecanthus_pellucens_IN185922642_823758.mp3,Oecanthus_pellucens,Orthoptera,http://creativecommons.org/licenses/by-nc/4.0/,Isa Klee,https://www.inaturalist.org/observations/185922642,https://static.inaturalist.org/sounds/823758.m4a?1696264634,,Oecanthus_pellucens,Validation,,0.178327,data\raw\species40\Validation\Oecanthus_pellucens_IN185922642_823758.mp3
Gryllus_bimaculatus_IN31297668_45897.wav,Gryllus_bimaculatus,Orthoptera,http://creativecommons.org/licenses/by-nc/4.0/,Luís Gordinho,https://www.inaturalist.org/observations/31297668,https://static.inaturalist.org/sounds/45897.wav?1566491892,,Gryllus_bimaculatus,Validation,,1.563504,data\raw\species40\Validation\Gryllus_bimaculatus_IN31297668_45897.wav
Pterophylla_camellifolia_IN130884195_520761.mp3,Pterophylla_camellifolia,Orthoptera,http://creativecommons.org/licenses/by-nc/4.0/,lizjohn8124,https://www.inaturalist.org/observations/130884195,https://static.inaturalist.org/sounds/520761.m4a?1660530350,,Pterophylla_camellifolia,Validation,,0.293053,data\raw\species40\Validation\Pterophylla_camellifolia_IN130884195_520761.mp3
Cicada_barbara_IN51929942_116215.mp3,Cicada_barbara,Cicadidae,http://creativecommons.org/licenses/by-nc/4.0/,Nelson Conceição,https://www.inaturalist.org/observations/51929942,https://static.inaturalist.org/sounds/116215.mp3?1593886127,,Cicada_barbara,Validation,,0.767476,data\raw\species40\Validation\Cicada_barbara_IN51929942_116215.mp3
Aleeta_curvicosta_IN37056084_53631.wav,Aleeta_curvicosta,Cicadidae,http://creativecommons.org/licenses/by-nc/4.0/,bpscicada,https://www.inaturalist.org/observations/37056084,https://static.inaturalist.org/sounds/53631.wav?1577600463,,Aleeta_curvicosta,Validation,,1.773723,data\raw\species40\Validation\Aleeta_curvicosta_IN37056084_53631.wav
Cicada_barbara_IN52064777_117142.mp3,Cicada_barbara,Cicadidae,http://creativecommons.org/licenses/by-nc/4.0/,Nelson Conceição,https://www.inaturalist.org/observations/52064777,https://static.inaturalist.org/sounds/117142.mp3?1593979862,,Cicada_barbara,Validation,,1.277177,data\raw\species40\Validation\Cicada_barbara_IN52064777_117142.mp3
Neotibicen_pruinosus_IN123303378_481400.mp3,Neotibicen_pruinosus,Cicadidae,http://creativecommons.org/licenses/by-nc/4.0/,FurYu_naturalist,https://www.inaturalist.org/observations/123303378,https://static.inaturalist.org/sounds/481400.mp3?1656120710,,Neotibicen_pruinosus,Validation,,0.070677,data\raw\species40\Validation\Neotibicen_pruinosus_IN123303378_481400.mp3
Psaltoda_plaga_IN66504643_153553.wav,Psaltoda_plaga,Cicadidae,http://creativecommons.org/licenses/by-nc/4.0/,Christie,https://www.inaturalist.org/observations/66504643,https://static.inaturalist.org/sounds/153553.wav?1607836901,,Psaltoda_plaga,Validation,,0.426727,data\raw\species40\Validation\Psaltoda_plaga_IN66504643_153553.wav
Gryllus_campestris_IN205722625_955516.mp3,Gryllus_campestris,Orthoptera,http://creativecommons.org/licenses/by-nc/4.0/,Miriam Öttl,https://www.inaturalist.org/observations/205722625,https://static.inaturalist.org/sounds/955516.m4a?1712431327,,Gryllus_campestris,Validation,,0.162628,data\raw\species40\Validation\Gryllus_campestris_IN205722625_955516.mp3
Tettigettalna_argentata_IN86621947_272832.mp3,Tettigettalna_argentata,Cicadidae,http://creativecommons.org/licenses/by-nc/4.0/,hiporame,https://www.inaturalist.org/observations/86621947,https://static.inaturalist.org/sounds/272832.m4a?1626035952,,Tettigettalna_argentata,Validation,,0.310426,data\raw\species40\Validation\Tettigettalna_argentata_IN86621947_272832.mp3
Oecanthus_pellucens_IN182707344_810080.mp3,Oecanthus_pellucens,Orthoptera,http://creativecommons.org/licenses/by-nc/4.0/,Stephan Pflume,https://www.inaturalist.org/observations/182707344,https://static.inaturalist.org/sounds/810080.m4a?1694380091,,Oecanthus_pellucens,Validation,,0.453763,data\raw\species40\Validation\Oecanthus_pellucens_IN182707344_810080.mp3
Cicada_orni_IN185555403_822149.mp3,Cicada_orni,Cicadidae,http://creativecommons.org/licenses/by-nc/4.0/,Martina Kišelová,https://www.inaturalist.org/observations/185555403,https://static.inaturalist.org/sounds/822149.m4a?1696075360,,Cicada_orni,Validation,,0.219651,data\raw\species40\Validation\Cicada_orni_IN185555403_822149.mp3
Gryllus_bimaculatus_XC853358.wav,Gryllus_bimaculatus,Orthoptera,//creativecommons.org/licenses/by-sa/4.0/,Baudewijn Odé,https://xeno-canto.org/853358,https://xeno-canto.org/853358/download,,Gryllus_bimaculatus,Validation,,0.888499,data\raw\species40\Validation\Gryllus_bimaculatus_XC853358.wav
Psaltoda_plaga_IN34857622_49221.mp3,Psaltoda_plaga,Cicadidae,http://creativecommons.org/licenses/by/4.0/,Thomas Mesaglio,https://www.inaturalist.org/observations/34857622,https://static.inaturalist.org/sounds/49221.m4a?1571971558,,Psaltoda_plaga,Validation,,0.356049,data\raw\species40\Validation\Psaltoda_plaga_IN34857622_49221.mp3
Neotibicen_tibicen_IN92560274_296952.mp3,Neotibicen_tibicen,Cicadidae,http://creativecommons.org/licenses/by-nc/4.0/,Priyantha Wijesinghe,https://www.inaturalist.org/observations/92560274,https://static.inaturalist.org/sounds/296952.m4a?1629978647,,Neotibicen_tibicen,Validation,,0.866526,data\raw\species40\Validation\Neotibicen_tibicen_IN92560274_296952.mp3
Neotibicen_pruinosus_IN53006431_120625.mp3,Neotibicen_pruinosus,Cicadidae,http://creativecommons.org/licenses/by-nc/4.0/,reneeb,https://www.inaturalist.org/observations/53006431,https://static.inaturalist.org/sounds/120625.m4a?1594688969,,Neotibicen_pruinosus,Validation,,0.154583,data\raw\species40\Validation\Neotibicen_pruinosus_IN53006431_120625.mp3
Magicicada_septendecim_IN79805856_229705.mp3,Magicicada_septendecim,Cicadidae,http://creativecommons.org/licenses/by-nc/4.0/,Courtney,https://www.inaturalist.org/observations/79805856,https://static.inaturalist.org/sounds/229705.mp3?1621702996,,Magicicada_septendecim,Validation,,0.314635,data\raw\species40\Validation\Magicicada_septendecim_IN79805856_229705.mp3
Chorthippus_biguttulus_IN187108724_828804.mp3,Chorthippus_biguttulus,Orthoptera,http://creativecommons.org/licenses/by/4.0/,E. A.,https://www.inaturalist.org/observations/187108724,https://static.inaturalist.org/sounds/828804.m4a?1697025875,,Chorthippus_biguttulus,Validation,,0.146477,data\raw\species40\Validation\Chorthippus_biguttulus_IN187108724_828804.mp3
Tettigonia_viridissima_IN175020863_778574.mp3,Tettigonia_viridissima,Orthoptera,http://creativecommons.org/licenses/by-nc/4.0/,starling126,https://www.inaturalist.org/observations/175020863,https://static.inaturalist.org/sounds/778574.m4a?1690373491,,Tettigonia_viridissima,Validation,,0.442296,data\raw\species40\Validation\Tettigonia_viridissima_IN175020863_778574.mp3
Neotibicen_pruinosus_IN14320564_24113.mp3,Neotibicen_pruinosus,Cicadidae,http://creativecommons.org/licenses/by-nc/4.0/,molanic,https://www.inaturalist.org/observations/14320564,https://static.inaturalist.org/sounds/24113.mp3?1531501815,,Neotibicen_pruinosus,Validation,,0.219461,data\raw\species40\Validation\Neotibicen_pruinosus_IN14320564_24113.mp3
Oecanthus_pellucens_IN185331802_820967.mp3,Oecanthus_pellucens,Orthoptera,http://creativecommons.org/licenses/by-nc/4.0/,Stephan Pflume,https://www.inaturalist.org/observations/185331802,https://static.inaturalist.org/sounds/820967.m4a?1695932648,,Oecanthus_pellucens,Validation,,0.325293,data\raw\species40\Validation\Oecanthus_pellucens_IN185331802_820967.mp3
Atrapsalta_corticina_IN97615560_314296.mp3,Atrapsalta_corticina,Cicadidae,http://creativecommons.org/licenses/by-nc/4.0/,Joel Poyitt,https://www.inaturalist.org/observations/97615560,https://static.inaturalist.org/sounds/314296.m4a?1633753009,,Atrapsalta_corticina,Validation,,0.165245,data\raw\species40\Validation\Atrapsalta_corticina_IN97615560_314296.mp3
Tettigonia_viridissima_XC849858.wav,Tettigonia_viridissima,Orthoptera,//creativecommons.org/licenses/by-sa/4.0/,Baudewijn Odé,https://xeno-canto.org/849858,https://xeno-canto.org/849858/download,,Tettigonia_viridissima,Validation,29.4,1.827971,data\raw\species40\Validation\Tettigonia_viridissima_XC849858.wav
Pterophylla_camellifolia_IN225634934_1111906.mp3,Pterophylla_camellifolia,Orthoptera,http://creativecommons.org/licenses/by-nc/4.0/,annajoseph,https://www.inaturalist.org/observations/225634934,https://static.inaturalist.org/sounds/1111906.m4a?1719538940,,Pterophylla_camellifolia,Validation,,0.351822,data\raw\species40\Validation\Pterophylla_camellifolia_IN225634934_1111906.mp3
Tettigettalna_argentata_IN120058321_460060.wav,Tettigettalna_argentata,Cicadidae,http://creativecommons.org/licenses/by-nc/4.0/,Luis Santos,https://www.inaturalist.org/observations/120058321,https://static.inaturalist.org/sounds/460060.wav?1654272780,,Tettigettalna_argentata,Validation,,0.439364,data\raw\species40\Validation\Tettigettalna_argentata_IN120058321_460060.wav
Pterophylla_camellifolia_IN62356876_142133.mp3,Pterophylla_camellifolia,Orthoptera,http://creativecommons.org/licenses/by-nc/4.0/,chitown44,https://www.inaturalist.org/observations/62356876,https://static.inaturalist.org/sounds/142133.m4a?1602458789,,Pterophylla_camellifolia,Validation,,0.320028,data\raw\species40\Validation\Pterophylla_camellifolia_IN62356876_142133.mp3
Decticus_albifrons_IN52609519_119399.mp3,Decticus_albifrons,Orthoptera,http://creativecommons.org/licenses/by-nc/4.0/,André Balças,https://www.inaturalist.org/observations/52609519,https://static.inaturalist.org/sounds/119399.m4a?1594412740,,Decticus_albifrons,Validation,,0.286283,data\raw\species40\Validation\Decticus_albifrons_IN52609519_119399.mp3
Pterophylla_camellifolia_IN185843193_823408.mp3,Pterophylla_camellifolia,Orthoptera,http://creativecommons.org/licenses/by-nc/4.0/,Cody Porter,https://www.inaturalist.org/observations/185843193,https://static.inaturalist.org/sounds/823408.m4a?1696211006,,Pterophylla_camellifolia,Validation,,0.098216,data\raw\species40\Validation\Pterophylla_camellifolia_IN185843193_823408.mp3
Atrapsalta_corticina_IN190951761_845420.mp3,Atrapsalta_corticina,Cicadidae,http://creativecommons.org/licenses/by-nc/4.0/,Joel Poyitt,https://www.inaturalist.org/observations/190951761,https://static.inaturalist.org/sounds/845420.m4a?1699920792,,Atrapsalta_corticina,Validation,,0.123742,data\raw\species40\Validation\Atrapsalta_corticina_IN190951761_845420.mp3
Gryllus_pennsylvanicus_IN136873745_542502.mp3,Gryllus_pennsylvanicus,Orthoptera,http://creativecommons.org/licenses/by-nc/4.0/,Liam Ragan,https://www.inaturalist.org/observations/136873745,https://static.inaturalist.org/sounds/542502.m4a?1664417170,,Gryllus_pennsylvanicus,Validation,,0.268125,data\raw\species40\Validation\Gryllus_pennsylvanicus_IN136873745_542502.mp3
Microcentrum_rhombifolium_IN93538377_301002.mp3,Microcentrum_rhombifolium,Orthoptera,http://creativecommons.org/licenses/by-nc/4.0/,dadalta,https://www.inaturalist.org/observations/93538377,https://static.inaturalist.org/sounds/301002.m4a?1630718587,,Microcentrum_rhombifolium,Validation,,0.509172,data\raw\species40\Validation\Microcentrum_rhombifolium_IN93538377_301002.mp3
Psaltoda_plaga_IN146240932_583141.mp3,Psaltoda_plaga,Cicadidae,http://creativecommons.org/licenses/by-nc/4.0/,Joel Poyitt,https://www.inaturalist.org/observations/146240932,https://static.inaturalist.org/sounds/583141.m4a?1673312350,,Psaltoda_plaga,Validation,,0.092558,data\raw\species40\Validation\Psaltoda_plaga_IN146240932_583141.mp3
Psaltoda_plaga_IN18791509_27947.wav,Psaltoda_plaga,Cicadidae,http://creativecommons.org/licenses/by-nc/4.0/,Christie,https://www.inaturalist.org/observations/18791509,https://static.inaturalist.org/sounds/27947.wav?1543831397,,Psaltoda_plaga,Validation,,0.493931,data\raw\species40\Validation\Psaltoda_plaga_IN18791509_27947.wav
Pterophylla_camellifolia_IN178789213_794236.mp3,Pterophylla_camellifolia,Orthoptera,http://creativecommons.org/licenses/by-nc/4.0/,Kyle Aldinger,https://www.inaturalist.org/observations/178789213,https://static.inaturalist.org/sounds/794236.m4a?1692242493,,Pterophylla_camellifolia,Validation,,0.175165,data\raw\species40\Validation\Pterophylla_camellifolia_IN178789213_794236.mp3
Neotibicen_pruinosus_IN833886_1720.mp3,Neotibicen_pruinosus,Cicadidae,http://creativecommons.org/licenses/by-nc-sa/4.0/,Lee Elliott,https://www.inaturalist.org/observations/833886,https://static.inaturalist.org/sounds/1720.mp3?1502825575,,Neotibicen_pruinosus,Validation,,0.940761,data\raw\species40\Validation\Neotibicen_pruinosus_IN833886_1720.mp3
Atrapsalta_corticina_IN105497179_349252.mp3,Atrapsalta_corticina,Cicadidae,http://creativecommons.org/licenses/by-nc/4.0/,bpscicada,https://www.inaturalist.org/observations/105497179,https://static.inaturalist.org/sounds/349252.mp3?1643029625,,Atrapsalta_corticina,Validation,,0.232663,data\raw\species40\Validation\Atrapsalta_corticina_IN105497179_349252.mp3
Tettigettalna_argentata_IN25876163_39904.wav,Tettigettalna_argentata,Cicadidae,http://creativecommons.org/licenses/by-nc/4.0/,Vera L. Nunes,https://www.inaturalist.org/observations/25876163,https://static.inaturalist.org/sounds/39904.wav?1558968423,,Tettigettalna_argentata,Validation,,0.469615,data\raw\species40\Validation\Tettigettalna_argentata_IN25876163_39904.wav
Chorthippus_brunneus_IN167332267_737634.mp3,Chorthippus_brunneus,Orthoptera,http://creativecommons.org/licenses/by-nc/4.0/,Martin Vukušić,https://www.inaturalist.org/observations/167332267,https://static.inaturalist.org/sounds/737634.m4a?1686731940,,Chorthippus_brunneus,Validation,,0.19973,data\raw\species40\Validation\Chorthippus_brunneus_IN167332267_737634.mp3
Oecanthus_pellucens_IN178729233_793900.mp3,Oecanthus_pellucens,Orthoptera,http://creativecommons.org/licenses/by-nc/4.0/,davigrapsus,https://www.inaturalist.org/observations/178729233,https://static.inaturalist.org/sounds/793900.m4a?1692213077,,Oecanthus_pellucens,Validation,,0.416625,data\raw\species40\Validation\Oecanthus_pellucens_IN178729233_793900.mp3
Cicada_orni_IN175179683_779147.mp3,Cicada_orni,Cicadidae,http://creativecommons.org/licenses/by-nc/4.0/,chantellew123,https://www.inaturalist.org/observations/175179683,https://static.inaturalist.org/sounds/779147.m4a?1690452557,,Cicada_orni,Validation,,1.182707,data\raw\species40\Validation\Cicada_orni_IN175179683_779147.mp3
Yoyetta_celis_IN35834112_50655.wav,Yoyetta_celis,Cicadidae,http://creativecommons.org/licenses/by-nc/4.0/,bpscicada,https://www.inaturalist.org/observations/35834112,https://static.inaturalist.org/sounds/50655.wav?1574122351,,Yoyetta_celis,Validation,,0.416244,data\raw\species40\Validation\Yoyetta_celis_IN35834112_50655.wav
Platycleis_albopunctata_XC868149.wav,Platycleis_albopunctata,Orthoptera,//creativecommons.org/licenses/by-sa/4.0/,K.-G. Heller,https://xeno-canto.org/868149,https://xeno-canto.org/868149/download,,Platycleis_albopunctata,Validation,25.0,2.426131,data\raw\species40\Validation\Platycleis_albopunctata_XC868149.wav
Aleeta_curvicosta_IN20215066_31038.wav,Aleeta_curvicosta,Cicadidae,http://creativecommons.org/licenses/by-nc/4.0/,Christie,https://www.inaturalist.org/observations/20215066,https://static.inaturalist.org/sounds/31038.wav?1549691565,,Aleeta_curvicosta,Validation,,0.642501,data\raw\species40\Validation\Aleeta_curvicosta_IN20215066_31038.wav
Neotibicen_robinsonianus_IN94028919_302722.mp3,Neotibicen_robinsonianus,Cicadidae,http://creativecommons.org/licenses/by-nc-sa/4.0/,davidenrique,https://www.inaturalist.org/observations/94028919,https://static.inaturalist.org/sounds/302722.mp3?1631043215,,Neotibicen_robinsonianus,Validation,,0.86426,data\raw\species40\Validation\Neotibicen_robinsonianus_IN94028919_302722.mp3
Cicada_orni_IN126365437_499834.mp3,Cicada_orni,Cicadidae,http://creativecommons.org/licenses/by-nc/4.0/,Sergio Chozas,https://www.inaturalist.org/observations/126365437,https://static.inaturalist.org/sounds/499834.m4a?1657905865,,Cicada_orni,Validation,,0.131945,data\raw\species40\Validation\Cicada_orni_IN126365437_499834.mp3
Yoyetta_celis_IN35033755_49473.wav,Yoyetta_celis,Cicadidae,http://creativecommons.org/licenses/by-nc/4.0/,Christie,https://www.inaturalist.org/observations/35033755,https://static.inaturalist.org/sounds/49473.wav?1572314873,,Yoyetta_celis,Validation,,0.431317,data\raw\species40\Validation\Yoyetta_celis_IN35033755_49473.wav
Chorthippus_mollis_IN31639927_46217.mp3,Chorthippus_mollis,Orthoptera,http://creativecommons.org/licenses/by-sa/4.0/,jfgodeau,https://www.inaturalist.org/observations/31639927,https://static.inaturalist.org/sounds/46217.mp3?1566946568,,Chorthippus_mollis,Validation,,0.095591,data\raw\species40\Validation\Chorthippus_mollis_IN31639927_46217.mp3
Cyclochila_australasiae_IN67038192_155191.wav,Cyclochila_australasiae,Cicadidae,http://creativecommons.org/licenses/by-nc/4.0/,Joel Poyitt,https://www.inaturalist.org/observations/67038192,https://static.inaturalist.org/sounds/155191.wav?1608889850,,Cyclochila_australasiae,Validation,,0.560536,data\raw\species40\Validation\Cyclochila_australasiae_IN67038192_155191.wav
Neotibicen_robinsonianus_IN94028590_302717.mp3,Neotibicen_robinsonianus,Cicadidae,http://creativecommons.org/licenses/by-nc/4.0/,renasch,https://www.inaturalist.org/observations/94028590,https://static.inaturalist.org/sounds/302717.m4a?1631043173,,Neotibicen_robinsonianus,Validation,,0.119137,data\raw\species40\Validation\Neotibicen_robinsonianus_IN94028590_302717.mp3
Yoyetta_celis_IN97411051_314635.wav,Yoyetta_celis,Cicadidae,http://creativecommons.org/licenses/by-nc/4.0/,Christie,https://www.inaturalist.org/observations/97411051,https://static.inaturalist.org/sounds/314635.wav?1633824057,,Yoyetta_celis,Validation,,0.164772,data\raw\species40\Validation\Yoyetta_celis_IN97411051_314635.wav
Psaltoda_plaga_IN205613228_954691.wav,Psaltoda_plaga,Cicadidae,http://creativecommons.org/licenses/by-nc/4.0/,Christie,https://www.inaturalist.org/observations/205613228,https://static.inaturalist.org/sounds/954691.wav?1712377355,,Psaltoda_plaga,Validation,,0.353035,data\raw\species40\Validation\Psaltoda_plaga_IN205613228_954691.wav
Pterophylla_camellifolia_IN184603728_817996.wav,Pterophylla_camellifolia,Orthoptera,http://creativecommons.org/licenses/by-nc/4.0/,Cody Porter,https://www.inaturalist.org/observations/184603728,https://static.inaturalist.org/sounds/817996.wav?1695507565,,Pterophylla_camellifolia,Validation,,0.557548,data\raw\species40\Validation\Pterophylla_camellifolia_IN184603728_817996.wav
Pterophylla_camellifolia_IN138559690_548773.mp3,Pterophylla_camellifolia,Orthoptera,http://creativecommons.org/licenses/by-nc/4.0/,Kyle Aldinger,https://www.inaturalist.org/observations/138559690,https://static.inaturalist.org/sounds/548773.m4a?1665617215,,Pterophylla_camellifolia,Validation,,0.166142,data\raw\species40\Validation\Pterophylla_camellifolia_IN138559690_548773.mp3
Gryllus_campestris_IN80213856_232750.mp3,Gryllus_campestris,Orthoptera,http://creativecommons.org/licenses/by-nc/4.0/,Ivlev-Konstantin-Sergeevith,https://www.inaturalist.org/observations/80213856,https://static.inaturalist.org/sounds/232750.m4a?1621931486,,Gryllus_campestris,Validation,,0.22193,data\raw\species40\Validation\Gryllus_campestris_IN80213856_232750.mp3
Microcentrum_rhombifolium_IN92306315_295823.mp3,Microcentrum_rhombifolium,Orthoptera,http://creativecommons.org/licenses/by-nc/4.0/,Priyantha Wijesinghe,https://www.inaturalist.org/observations/92306315,https://static.inaturalist.org/sounds/295823.m4a?1629766469,,Microcentrum_rhombifolium,Validation,,0.319039,data\raw\species40\Validation\Microcentrum_rhombifolium_IN92306315_295823.mp3
Popplepsalta_notialis_IN18459008_27620.wav,Popplepsalta_notialis,Cicadidae,http://creativecommons.org/licenses/by-nc/4.0/,Nathan Emery,https://www.inaturalist.org/observations/18459008,https://static.inaturalist.org/sounds/27620.wav?1543198870,,Popplepsalta_notialis,Validation,,0.9858,data\raw\species40\Validation\Popplepsalta_notialis_IN18459008_27620.wav
Neotibicen_canicularis_IN136776853_542184.mp3,Neotibicen_canicularis,Cicadidae,http://creativecommons.org/licenses/by-nc/4.0/,Chalon Boesel,https://www.inaturalist.org/observations/136776853,https://static.inaturalist.org/sounds/542184.m4a?1664343665,,Neotibicen_canicularis,Validation,,0.113551,data\raw\species40\Validation\Neotibicen_canicularis_IN136776853_542184.mp3
Gryllus_campestris_IN206141010_959062.wav,Gryllus_campestris,Orthoptera,http://creativecommons.org/licenses/by-nc/4.0/,Benjamin Schmid,https://www.inaturalist.org/observations/206141010,https://static.inaturalist.org/sounds/959062.wav?1712610744,,Gryllus_campestris,Validation,,0.483874,data\raw\species40\Validation\Gryllus_campestris_IN206141010_959062.wav
Cicada_barbara_IN86844388_273909.mp3,Cicada_barbara,Cicadidae,http://creativecommons.org/licenses/by-nc/4.0/,zighost,https://www.inaturalist.org/observations/86844388,https://static.inaturalist.org/sounds/273909.m4a?1626180694,,Cicada_barbara,Validation,,0.190565,data\raw\species40\Validation\Cicada_barbara_IN86844388_273909.mp3
Meimuna_opalifera_IN92209593_295540.mp3,Meimuna_opalifera,Cicadidae,http://creativecommons.org/licenses/by-nc/4.0/,ツチガエル,https://www.inaturalist.org/observations/92209593,https://static.inaturalist.org/sounds/295540.m4a?1629701456,,Meimuna_opalifera,Validation,,0.603663,data\raw\species40\Validation\Meimuna_opalifera_IN92209593_295540.mp3
Cystosoma_saundersii_IN36726933_52949.mp3,Cystosoma_saundersii,Cicadidae,http://creativecommons.org/licenses/by-nc/4.0/,Joel Poyitt,https://www.inaturalist.org/observations/36726933,https://static.inaturalist.org/sounds/52949.m4a?1576587770,,Cystosoma_saundersii,Validation,,0.155397,data\raw\species40\Validation\Cystosoma_saundersii_IN36726933_52949.mp3
Cicada_orni_IN178519947_793115.mp3,Cicada_orni,Cicadidae,http://creativecommons.org/licenses/by-nc/4.0/,Priyantha Wijesinghe,https://www.inaturalist.org/observations/178519947,https://static.inaturalist.org/sounds/793115.m4a?1692103957,,Cicada_orni,Validation,,0.46462,data\raw\species40\Validation\Cicada_orni_IN178519947_793115.mp3
Neotibicen_pruinosus_IN7903973_15624.mp3,Neotibicen_pruinosus,Cicadidae,http://creativecommons.org/licenses/by-nc/4.0/,molanic,https://www.inaturalist.org/observations/7903973,https://static.inaturalist.org/sounds/15624.mp3?1506662897,,Neotibicen_pruinosus,Validation,,0.065359,data\raw\species40\Validation\Neotibicen_pruinosus_IN7903973_15624.mp3
Psaltoda_plaga_IN67823948_157828.wav,Psaltoda_plaga,Cicadidae,http://creativecommons.org/licenses/by-nc/4.0/,Christie,https://www.inaturalist.org/observations/67823948,https://static.inaturalist.org/sounds/157828.wav?1610237287,,Psaltoda_plaga,Validation,,0.314914,data\raw\species40\Validation\Psaltoda_plaga_IN67823948_157828.wav
Henicopsaltria_eydouxii_IN68954452_161837.mp3,Henicopsaltria_eydouxii,Cicadidae,http://creativecommons.org/licenses/by-nc/4.0/,Col Grant,https://www.inaturalist.org/observations/68954452,https://static.inaturalist.org/sounds/161837.m4a?1612255228,,Henicopsaltria_eydouxii,Validation,,0.099058,data\raw\species40\Validation\Henicopsaltria_eydouxii_IN68954452_161837.mp3
Oecanthus_pellucens_IN182987395_811246.mp3,Oecanthus_pellucens,Orthoptera,http://creativecommons.org/licenses/by-nc/4.0/,c-stierstorfer,https://www.inaturalist.org/observations/182987395,https://static.inaturalist.org/sounds/811246.m4a?1694548078,,Oecanthus_pellucens,Validation,,0.134449,data\raw\species40\Validation\Oecanthus_pellucens_IN182987395_811246.mp3
Yoyetta_repetens_IN18992503_28265.wav,Yoyetta_repetens,Cicadidae,http://creativecommons.org/licenses/by-nc/4.0/,Christie,https://www.inaturalist.org/observations/18992503,https://static.inaturalist.org/sounds/28265.wav?1544682078,,Yoyetta_repetens,Validation,,0.588891,data\raw\species40\Validation\Yoyetta_repetens_IN18992503_28265.wav
Galanga_labeculata_IN36276079_51577.wav,Galanga_labeculata,Cicadidae,http://creativecommons.org/licenses/by-nc/4.0/,Christie,https://www.inaturalist.org/observations/36276079,https://static.inaturalist.org/sounds/51577.wav?1575252049,,Galanga_labeculata,Validation,,0.318069,data\raw\species40\Validation\Galanga_labeculata_IN36276079_51577.wav
Gryllus_campestris_IN80855396_239145.wav,Gryllus_campestris,Orthoptera,http://creativecommons.org/licenses/by-nc/4.0/,Julian,https://www.inaturalist.org/observations/80855396,https://static.inaturalist.org/sounds/239145.wav?1622368960,,Gryllus_campestris,Validation,,0.621941,data\raw\species40\Validation\Gryllus_campestris_IN80855396_239145.wav
Cyclochila_australasiae_IN193286129_857055.mp3,Cyclochila_australasiae,Cicadidae,http://creativecommons.org/licenses/by-nc/4.0/,caliginous,https://www.inaturalist.org/observations/193286129,https://static.inaturalist.org/sounds/857055.m4a?1701943786,,Cyclochila_australasiae,Validation,,0.44514,data\raw\species40\Validation\Cyclochila_australasiae_IN193286129_857055.mp3
Cystosoma_saundersii_IN18052813_27003.mp3,Cystosoma_saundersii,Cicadidae,http://creativecommons.org/licenses/by-nc/4.0/,Joel Poyitt,https://www.inaturalist.org/observations/18052813,https://static.inaturalist.org/sounds/27003.m4a?1648745955,,Cystosoma_saundersii,Validation,,0.149037,data\raw\species40\Validation\Cystosoma_saundersii_IN18052813_27003.mp3
Gryllus_campestris_IN163082002_707833.mp3,Gryllus_campestris,Orthoptera,http://creativecommons.org/licenses/by-nc/4.0/,frank007,https://www.inaturalist.org/observations/163082002,https://static.inaturalist.org/sounds/707833.mp3?1684743522,,Gryllus_campestris,Validation,,0.097267,data\raw\species40\Validation\Gryllus_campestris_IN163082002_707833.mp3
Gryllotalpa_gryllotalpa_IN205554689_954350.mp3,Gryllotalpa_gryllotalpa,Orthoptera,http://creativecommons.org/licenses/by-nc/4.0/,lukaspuch,https://www.inaturalist.org/observations/205554689,https://static.inaturalist.org/sounds/954350.m4a?1712344677,,Gryllotalpa_gryllotalpa,Validation,,0.335469,data\raw\species40\Validation\Gryllotalpa_gryllotalpa_IN205554689_954350.mp3
Roeseliana_roeselii_IN196936628_878624.mp3,Roeseliana_roeselii,Orthoptera,http://creativecommons.org/licenses/by-nc/4.0/,mobbini,https://www.inaturalist.org/observations/196936628,https://static.inaturalist.org/sounds/878624.mp3?1705521702,,Roeseliana_roeselii,Validation,,0.05615,data\raw\species40\Validation\Roeseliana_roeselii_IN196936628_878624.mp3
Pterophylla_camellifolia_IN92417357_296284.mp3,Pterophylla_camellifolia,Orthoptera,http://creativecommons.org/licenses/by-nc/4.0/,toadseeker,https://www.inaturalist.org/observations/92417357,https://static.inaturalist.org/sounds/296284.m4a?1629850632,,Pterophylla_camellifolia,Validation,,0.090367,data\raw\species40\Validation\Pterophylla_camellifolia_IN92417357_296284.mp3
Atrapsalta_corticina_IN100905989_328657.mp3,Atrapsalta_corticina,Cicadidae,http://creativecommons.org/licenses/by-nc/4.0/,Nathan Emery,https://www.inaturalist.org/observations/100905989,https://static.inaturalist.org/sounds/328657.m4a?1636693579,,Atrapsalta_corticina,Validation,,0.176506,data\raw\species40\Validation\Atrapsalta_corticina_IN100905989_328657.mp3
Eumodicogryllus_bordigalensis_IN220022118_1074051.wav,Eumodicogryllus_bordigalensis,Orthoptera,http://creativecommons.org/licenses/by-nc/4.0/,Johannes Feichtinger,https://www.inaturalist.org/observations/220022118,https://static.inaturalist.org/sounds/1074051.wav?1717344524,,Eumodicogryllus_bordigalensis,Validation,,1.604801,data\raw\species40\Validation\Eumodicogryllus_bordigalensis_IN220022118_1074051.wav
Galanga_labeculata_IN18749048_27934.wav,Galanga_labeculata,Cicadidae,http://creativecommons.org/licenses/by-nc/4.0/,Nathan Emery,https://www.inaturalist.org/observations/18749048,https://static.inaturalist.org/sounds/27934.wav?1543807381,,Galanga_labeculata,Validation,,0.608179,data\raw\species40\Validation\Galanga_labeculata_IN18749048_27934.wav
Pholidoptera_griseoaptera_IN182835058_810552.mp3,Pholidoptera_griseoaptera,Orthoptera,http://creativecommons.org/licenses/by-nc/4.0/,Karol Łanocha,https://www.inaturalist.org/observations/182835058,https://static.inaturalist.org/sounds/810552.m4a?1694454462,,Pholidoptera_griseoaptera,Validation,,0.290909,data\raw\species40\Validation\Pholidoptera_griseoaptera_IN182835058_810552.mp3
Cicada_barbara_IN179163100_795735.mp3,Cicada_barbara,Cicadidae,http://creativecommons.org/licenses/by-nc/4.0/,Marina Palácio,https://www.inaturalist.org/observations/179163100,https://static.inaturalist.org/sounds/795735.mp3?1692458691,,Cicada_barbara,Validation,,0.102373,data\raw\species40\Validation\Cicada_barbara_IN179163100_795735.mp3
Gryllus_campestris_IN159227208_677619.mp3,Gryllus_campestris,Orthoptera,http://creativecommons.org/licenses/by/4.0/,Michael Bierbaumer,https://www.inaturalist.org/observations/159227208,https://static.inaturalist.org/sounds/677619.m4a?1683051475,,Gryllus_campestris,Validation,,0.194786,data\raw\species40\Validation\Gryllus_campestris_IN159227208_677619.mp3
Cicada_orni_IN94418094_304116.mp3,Cicada_orni,Cicadidae,http://creativecommons.org/licenses/by-nc/4.0/,Alexey Katz,https://www.inaturalist.org/observations/94418094,https://static.inaturalist.org/sounds/304116.mp3?1631353897,,Cicada_orni,Validation,,0.107341,data\raw\species40\Validation\Cicada_orni_IN94418094_304116.mp3
Pseudochorthippus_parallelus_XC811711.mp3,Pseudochorthippus_parallelus,Orthoptera,//creativecommons.org/licenses/by-nc-sa/4.0/,Vincent Pourchaire,https://xeno-canto.org/811711,https://xeno-canto.org/811711/download,,Pseudochorthippus_parallelus,Validation,30.0,0.562887,data\raw\species40\Validation\Pseudochorthippus_parallelus_XC811711.mp3
Tettigonia_viridissima_IN144430238_573251.mp3,Tettigonia_viridissima,Orthoptera,http://creativecommons.org/licenses/by-nc/4.0/,mobbini,https://www.inaturalist.org/observations/144430238,https://static.inaturalist.org/sounds/573251.mp3?1671128970,,Tettigonia_viridissima,Validation,,0.090262,data\raw\species40\Validation\Tettigonia_viridissima_IN144430238_573251.mp3
Chorthippus_biguttulus_IN188372671_834482.wav,Chorthippus_biguttulus,Orthoptera,http://creativecommons.org/licenses/by-nc/4.0/,Ludwig Treuter,https://www.inaturalist.org/observations/188372671,https://static.inaturalist.org/sounds/834482.wav?1697892545,,Chorthippus_biguttulus,Validation,,0.366221,data\raw\species40\Validation\Chorthippus_biguttulus_IN188372671_834482.wav
Tettigonia_viridissima_IN130386823_518580.wav,Tettigonia_viridissima,Orthoptera,http://creativecommons.org/licenses/by/4.0/,Yves Bas,https://www.inaturalist.org/observations/130386823,https://static.inaturalist.org/sounds/518580.wav?1660234024,,Tettigonia_viridissima,Validation,,0.163579,data\raw\species40\Validation\Tettigonia_viridissima_IN130386823_518580.wav
Neotibicen_tibicen_IN29574423_44532.wav,Neotibicen_tibicen,Cicadidae,http://creativecommons.org/licenses/by/4.0/,Philip Vanbergen,https://www.inaturalist.org/observations/29574423,https://static.inaturalist.org/sounds/44532.wav?1564152108,,Neotibicen_tibicen,Validation,,2.357509,data\raw\species40\Validation\Neotibicen_tibicen_IN29574423_44532.wav
Neotibicen_pruinosus_IN90945317_290964.mp3,Neotibicen_pruinosus,Cicadidae,http://creativecommons.org/licenses/by-nc/4.0/,Matthew Thompson,https://www.inaturalist.org/observations/90945317,https://static.inaturalist.org/sounds/290964.m4a?1628812209,,Neotibicen_pruinosus,Validation,,0.211073,data\raw\species40\Validation\Neotibicen_pruinosus_IN90945317_290964.mp3
Tettigettalna_argentata_IN89167977_284324.mp3,Tettigettalna_argentata,Cicadidae,http://creativecommons.org/licenses/by/4.0/,Duarte Frade,https://www.inaturalist.org/observations/89167977,https://static.inaturalist.org/sounds/284324.mp3?1627636754,,Tettigettalna_argentata,Validation,,0.222049,data\raw\species40\Validation\Tettigettalna_argentata_IN89167977_284324.mp3
Tettigonia_viridissima_IN78070536_216170.wav,Tettigonia_viridissima,Orthoptera,http://creativecommons.org/licenses/by-nc/4.0/,Luis Santos,https://www.inaturalist.org/observations/78070536,https://static.inaturalist.org/sounds/216170.wav?1620573706,,Tettigonia_viridissima,Validation,,0.789355,data\raw\species40\Validation\Tettigonia_viridissima_IN78070536_216170.wav
Roeseliana_roeselii_IN229679338_1133899.mp3,Roeseliana_roeselii,Orthoptera,http://creativecommons.org/licenses/by-nc/4.0/,Karol Łanocha,https://www.inaturalist.org/observations/229679338,https://static.inaturalist.org/sounds/1133899.m4a?1721129958,,Roeseliana_roeselii,Validation,,0.25305,data\raw\species40\Validation\Roeseliana_roeselii_IN229679338_1133899.mp3
Chorthippus_biguttulus_IN188372669_834481.wav,Chorthippus_biguttulus,Orthoptera,http://creativecommons.org/licenses/by-nc/4.0/,Ludwig Treuter,https://www.inaturalist.org/observations/188372669,https://static.inaturalist.org/sounds/834481.wav?1697892543,,Chorthippus_biguttulus,Validation,,0.740393,data\raw\species40\Validation\Chorthippus_biguttulus_IN188372669_834481.wav
Cyclochila_australasiae_IN145567302_579380.mp3,Cyclochila_australasiae,Cicadidae,http://creativecommons.org/licenses/by-nc/4.0/,Josh,https://www.inaturalist.org/observations/145567302,https://static.inaturalist.org/sounds/579380.mp3?1672568299,,Cyclochila_australasiae,Validation,,0.166711,data\raw\species40\Validation\Cyclochila_australasiae_IN145567302_579380.mp3
Psaltoda_plaga_IN19613668_29196.mp3,Psaltoda_plaga,Cicadidae,http://creativecommons.org/licenses/by-nc/4.0/,Mark Calabretta,https://www.inaturalist.org/observations/19613668,https://static.inaturalist.org/sounds/29196.mp3?1547389369,,Psaltoda_plaga,Validation,,0.105811,data\raw\species40\Validation\Psaltoda_plaga_IN19613668_29196.mp3
Neotibicen_pruinosus_IN55036417_126621.mp3,Neotibicen_pruinosus,Cicadidae,http://creativecommons.org/licenses/by-nc-sa/4.0/,Lee Elliott,https://www.inaturalist.org/observations/55036417,https://static.inaturalist.org/sounds/126621.mp3?1596292577,,Neotibicen_pruinosus,Validation,,0.240318,data\raw\species40\Validation\Neotibicen_pruinosus_IN55036417_126621.mp3
Atrapsalta_corticina_IN142882163_567211.mp3,Atrapsalta_corticina,Cicadidae,http://creativecommons.org/licenses/by-nc/4.0/,Colin Trainor,https://www.inaturalist.org/observations/142882163,https://static.inaturalist.org/sounds/567211.m4a?1669432037,,Atrapsalta_corticina,Validation,,0.31312,data\raw\species40\Validation\Atrapsalta_corticina_IN142882163_567211.mp3
Eumodicogryllus_bordigalensis_IN209224256_981928.wav,Eumodicogryllus_bordigalensis,Orthoptera,http://creativecommons.org/licenses/by/4.0/,Daniel Linzbauer,https://www.inaturalist.org/observations/209224256,https://static.inaturalist.org/sounds/981928.wav?1714035779,,Eumodicogryllus_bordigalensis,Validation,,0.309289,data\raw\species40\Validation\Eumodicogryllus_bordigalensis_IN209224256_981928.wav
Eumodicogryllus_bordigalensis_IN168705794_746876.mp3,Eumodicogryllus_bordigalensis,Orthoptera,http://creativecommons.org/licenses/by-nc/4.0/,felixf,https://www.inaturalist.org/observations/168705794,https://static.inaturalist.org/sounds/746876.m4a?1687376286,,Eumodicogryllus_bordigalensis,Validation,,0.464957,data\raw\species40\Validation\Eumodicogryllus_bordigalensis_IN168705794_746876.mp3
Popplepsalta_notialis_IN104695875_345158.mp3,Popplepsalta_notialis,Cicadidae,http://creativecommons.org/licenses/by-nc/4.0/,Joel Poyitt,https://www.inaturalist.org/observations/104695875,https://static.inaturalist.org/sounds/345158.m4a?1641802785,,Popplepsalta_notialis,Validation,,0.149399,data\raw\species40\Validation\Popplepsalta_notialis_IN104695875_345158.mp3
Cicada_orni_IN127484875_505493.mp3,Cicada_orni,Cicadidae,http://creativecommons.org/licenses/by-nc/4.0/,Jean-Marie Frenoux,https://www.inaturalist.org/observations/127484875,https://static.inaturalist.org/sounds/505493.mp3?1658574276,,Cicada_orni,Validation,,0.165972,data\raw\species40\Validation\Cicada_orni_IN127484875_505493.mp3
Galanga_labeculata_IN143223045_568310.mp3,Galanga_labeculata,Cicadidae,http://creativecommons.org/licenses/by-nc/4.0/,Joel Poyitt,https://www.inaturalist.org/observations/143223045,https://static.inaturalist.org/sounds/568310.m4a?1669680392,,Galanga_labeculata,Validation,,0.118751,data\raw\species40\Validation\Galanga_labeculata_IN143223045_568310.mp3
Henicopsaltria_eydouxii_IN9567437_17317.mp3,Henicopsaltria_eydouxii,Cicadidae,http://creativecommons.org/licenses/by-nc/4.0/,Joel Poyitt,https://www.inaturalist.org/observations/9567437,https://static.inaturalist.org/sounds/17317.m4a?1516668365,,Henicopsaltria_eydouxii,Validation,,0.450209,data\raw\species40\Validation\Henicopsaltria_eydouxii_IN9567437_17317.mp3
Chorthippus_brunneus_XC751407.wav,Chorthippus_brunneus,Orthoptera,//creativecommons.org/licenses/by-sa/4.0/,Baudewijn Odé,https://xeno-canto.org/751407,https://xeno-canto.org/751407/download,,Chorthippus_brunneus,Validation,28.0,2.780836,data\raw\species40\Validation\Chorthippus_brunneus_XC751407.wav
Gryllus_pennsylvanicus_IN190031292_841669.wav,Gryllus_pennsylvanicus,Orthoptera,http://creativecommons.org/licenses/by-nc/4.0/,Ted Floyd,https://www.inaturalist.org/observations/190031292,https://static.inaturalist.org/sounds/841669.wav?1699154398,,Gryllus_pennsylvanicus,Validation,,1.693172,data\raw\species40\Validation\Gryllus_pennsylvanicus_IN190031292_841669.wav
Tettigonia_viridissima_IN86858251_273977.mp3,Tettigonia_viridissima,Orthoptera,http://creativecommons.org/licenses/by-nc/4.0/,iris_und_julia_schlick-steiner,https://www.inaturalist.org/observations/86858251,https://static.inaturalist.org/sounds/273977.m4a?1626188012,,Tettigonia_viridissima,Validation,,0.134993,data\raw\species40\Validation\Tettigonia_viridissima_IN86858251_273977.mp3
Neotibicen_canicularis_IN172332363_766916.wav,Neotibicen_canicularis,Cicadidae,http://creativecommons.org/licenses/by/4.0/,Mathew Zappa,https://www.inaturalist.org/observations/172332363,https://static.inaturalist.org/sounds/766916.wav?1689166910,,Neotibicen_canicularis,Validation,,0.853065,data\raw\species40\Validation\Neotibicen_canicularis_IN172332363_766916.wav
Cicada_barbara_IN64045464_158895.mp3,Cicada_barbara,Cicadidae,http://creativecommons.org/licenses/by-nc/4.0/,Simon Oliver,https://www.inaturalist.org/observations/64045464,https://static.inaturalist.org/sounds/158895.mp3?1610797946,,Cicada_barbara,Validation,,0.119655,data\raw\species40\Validation\Cicada_barbara_IN64045464_158895.mp3
Gryllus_bimaculatus_XC493777.mp3,Gryllus_bimaculatus,Orthoptera,//creativecommons.org/licenses/by-nc-sa/4.0/,Luca Baghino,https://xeno-canto.org/493777,https://xeno-canto.org/493777/download,,Gryllus_bimaculatus,Validation,,0.197387,data\raw\species40\Validation\Gryllus_bimaculatus_XC493777.mp3
Cicada_barbara_IN64103320_158893.mp3,Cicada_barbara,Cicadidae,http://creativecommons.org/licenses/by-nc/4.0/,Simon Oliver,https://www.inaturalist.org/observations/64103320,https://static.inaturalist.org/sounds/158893.mp3?1610795940,,Cicada_barbara,Validation,,0.02705,data\raw\species40\Validation\Cicada_barbara_IN64103320_158893.mp3
Gryllus_bimaculatus_IN141011813_558735.wav,Gryllus_bimaculatus,Orthoptera,http://creativecommons.org/licenses/by-nc/4.0/,Amanda Cogan Barber,https://www.inaturalist.org/observations/141011813,https://static.inaturalist.org/sounds/558735.wav?1667509404,,Gryllus_bimaculatus,Validation,,0.672516,data\raw\species40\Validation\Gryllus_bimaculatus_IN141011813_558735.wav
Atrapsalta_corticina_IN42468015_71293.mp3,Atrapsalta_corticina,Cicadidae,http://creativecommons.org/licenses/by-nc/4.0/,Joel Poyitt,https://www.inaturalist.org/observations/42468015,https://static.inaturalist.org/sounds/71293.m4a?1587214814,,Atrapsalta_corticina,Validation,,0.195137,data\raw\species40\Validation\Atrapsalta_corticina_IN42468015_71293.mp3
Popplepsalta_notialis_IN103062304_337555.mp3,Popplepsalta_notialis,Cicadidae,http://creativecommons.org/licenses/by-nc/4.0/,Joel Poyitt,https://www.inaturalist.org/observations/103062304,https://static.inaturalist.org/sounds/337555.m4a?1639515433,,Popplepsalta_notialis,Validation,,0.238604,data\raw\species40\Validation\Popplepsalta_notialis_IN103062304_337555.mp3
Tettigettalna_argentata_IN87339232_275991.mp3,Tettigettalna_argentata,Cicadidae,http://creativecommons.org/licenses/by-nc/4.0/,hiporame,https://www.inaturalist.org/observations/87339232,https://static.inaturalist.org/sounds/275991.m4a?1626481718,,Tettigettalna_argentata,Validation,,0.358213,data\raw\species40\Validation\Tettigettalna_argentata_IN87339232_275991.mp3
Popplepsalta_notialis_IN190629348_843960.mp3,Popplepsalta_notialis,Cicadidae,http://creativecommons.org/licenses/by-nc/4.0/,Joel Poyitt,https://www.inaturalist.org/observations/190629348,https://static.inaturalist.org/sounds/843960.m4a?1699663596,,Popplepsalta_notialis,Validation,,0.280729,data\raw\species40\Validation\Popplepsalta_notialis_IN190629348_843960.mp3
Tettigettalna_argentata_IN125302866_494142.mp3,Tettigettalna_argentata,Cicadidae,http://creativecommons.org/licenses/by-nc/4.0/,Nelson Conceição,https://www.inaturalist.org/observations/125302866,https://static.inaturalist.org/sounds/494142.mp3?1657287625,,Tettigettalna_argentata,Validation,,0.736614,data\raw\species40\Validation\Tettigettalna_argentata_IN125302866_494142.mp3
Cyclochila_australasiae_IN99612076_322254.mp3,Cyclochila_australasiae,Cicadidae,http://creativecommons.org/licenses/by-nc/4.0/,Joel Poyitt,https://www.inaturalist.org/observations/99612076,https://static.inaturalist.org/sounds/322254.m4a?1635410359,,Cyclochila_australasiae,Validation,,0.137516,data\raw\species40\Validation\Cyclochila_australasiae_IN99612076_322254.mp3
Eumodicogryllus_bordigalensis_IN116866593_436868.wav,Eumodicogryllus_bordigalensis,Orthoptera,http://creativecommons.org/licenses/by-nc/4.0/,Daniel Iversen,https://www.inaturalist.org/observations/116866593,https://static.inaturalist.org/sounds/436868.wav?1652467638,,Eumodicogryllus_bordigalensis,Validation,,0.927485,data\raw\species40\Validation\Eumodicogryllus_bordigalensis_IN116866593_436868.wav
Galanga_labeculata_IN69972248_165779.mp3,Galanga_labeculata,Cicadidae,http://creativecommons.org/licenses/by-nc/4.0/,bpscicada,https://www.inaturalist.org/observations/69972248,https://static.inaturalist.org/sounds/165779.m4a?1613973680,,Galanga_labeculata,Validation,,0.080497,data\raw\species40\Validation\Galanga_labeculata_IN69972248_165779.mp3
Neotibicen_tibicen_IN57333277_132142.wav,Neotibicen_tibicen,Cicadidae,http://creativecommons.org/licenses/by-nc/4.0/,Bob McCall,https://www.inaturalist.org/observations/57333277,https://static.inaturalist.org/sounds/132142.wav?1598192750,,Neotibicen_tibicen,Validation,,0.849392,data\raw\species40\Validation\Neotibicen_tibicen_IN57333277_132142.wav
Decticus_albifrons_IN229965694_1135190.mp3,Decticus_albifrons,Orthoptera,http://creativecommons.org/licenses/by-nc/4.0/,Luis Jordão,https://www.inaturalist.org/observations/229965694,https://static.inaturalist.org/sounds/1135190.m4a?1721247166,,Decticus_albifrons,Validation,,0.365417,data\raw\species40\Validation\Decticus_albifrons_IN229965694_1135190.mp3
Gryllotalpa_gryllotalpa_IN47372571_96503.mp3,Gryllotalpa_gryllotalpa,Orthoptera,http://creativecommons.org/licenses/by-nc/4.0/,amc,https://www.inaturalist.org/observations/47372571,https://static.inaturalist.org/sounds/96503.m4a?1590473266,,Gryllotalpa_gryllotalpa,Validation,,1.74061,data\raw\species40\Validation\Gryllotalpa_gryllotalpa_IN47372571_96503.mp3
Yoyetta_repetens_IN36334636_51697.wav,Yoyetta_repetens,Cicadidae,http://creativecommons.org/licenses/by-nc/4.0/,Christie,https://www.inaturalist.org/observations/36334636,https://static.inaturalist.org/sounds/51697.wav?1575422616,,Yoyetta_repetens,Validation,,0.284015,data\raw\species40\Validation\Yoyetta_repetens_IN36334636_51697.wav
Aleeta_curvicosta_IN9773425_17685.wav,Aleeta_curvicosta,Cicadidae,http://creativecommons.org/licenses/by-nc/4.0/,Christie,https://www.inaturalist.org/observations/9773425,https://static.inaturalist.org/sounds/17685.wav?1518145386,,Aleeta_curvicosta,Validation,,0.2233,data\raw\species40\Validation\Aleeta_curvicosta_IN9773425_17685.wav
Pholidoptera_griseoaptera_IN183995582_815438.mp3,Pholidoptera_griseoaptera,Orthoptera,http://creativecommons.org/licenses/by-nc/4.0/,Martin Vukušić,https://www.inaturalist.org/observations/183995582,https://static.inaturalist.org/sounds/815438.m4a?1695140273,,Pholidoptera_griseoaptera,Validation,,0.080514,data\raw\species40\Validation\Pholidoptera_griseoaptera_IN183995582_815438.mp3
Yoyetta_repetens_IN62746056_143178.wav,Yoyetta_repetens,Cicadidae,http://creativecommons.org/licenses/by-nc/4.0/,Christie,https://www.inaturalist.org/observations/62746056,https://static.inaturalist.org/sounds/143178.wav?1602923526,,Yoyetta_repetens,Validation,,0.355508,data\raw\species40\Validation\Yoyetta_repetens_IN62746056_143178.wav
Tettigonia_cantans_IN187884093_832107.mp3,Tettigonia_cantans,Orthoptera,http://creativecommons.org/licenses/by-sa/4.0/,Pierrette Nyssen,https://www.inaturalist.org/observations/187884093,https://static.inaturalist.org/sounds/832107.mp3?1697531976,,Tettigonia_cantans,Validation,,0.095113,data\raw\species40\Validation\Tettigonia_cantans_IN187884093_832107.mp3
Magicicada_cassini_IN79860690_230034.mp3,Magicicada_cassini,Cicadidae,http://creativecommons.org/licenses/by-nc/4.0/,cmciv,https://www.inaturalist.org/observations/79860690,https://static.inaturalist.org/sounds/230034.mp3?1621724507,,Magicicada_cassini,Validation,,0.136037,data\raw\species40\Validation\Magicicada_cassini_IN79860690_230034.mp3
Tettigonia_viridissima_IN145969347_581795.mp3,Tettigonia_viridissima,Orthoptera,http://creativecommons.org/licenses/by-nc/4.0/,mobbini,https://www.inaturalist.org/observations/145969347,https://static.inaturalist.org/sounds/581795.mp3?1673021985,,Tettigonia_viridissima,Validation,,0.108957,data\raw\species40\Validation\Tettigonia_viridissima_IN145969347_581795.mp3
Cystosoma_saundersii_IN145034295_576197.mp3,Cystosoma_saundersii,Cicadidae,http://creativecommons.org/licenses/by-nc/4.0/,Joel Poyitt,https://www.inaturalist.org/observations/145034295,https://static.inaturalist.org/sounds/576197.m4a?1671961405,,Cystosoma_saundersii,Validation,,0.074513,data\raw\species40\Validation\Cystosoma_saundersii_IN145034295_576197.mp3
Microcentrum_rhombifolium_IN131019352_521305.mp3,Microcentrum_rhombifolium,Orthoptera,http://creativecommons.org/licenses/by-nc/4.0/,bertfoquet,https://www.inaturalist.org/observations/131019352,https://static.inaturalist.org/sounds/521305.m4a?1660615441,,Microcentrum_rhombifolium,Validation,,0.243407,data\raw\species40\Validation\Microcentrum_rhombifolium_IN131019352_521305.mp3
Atrapsalta_corticina_IN93112141_299492.mp3,Atrapsalta_corticina,Cicadidae,http://creativecommons.org/licenses/by-nc/4.0/,Ben McBurney,https://www.inaturalist.org/observations/93112141,https://static.inaturalist.org/sounds/299492.mp3?1630378100,,Atrapsalta_corticina,Validation,,0.117655,data\raw\species40\Validation\Atrapsalta_corticina_IN93112141_299492.mp3
Cyclochila_australasiae_IN145034228_576194.mp3,Cyclochila_australasiae,Cicadidae,http://creativecommons.org/licenses/by-nc/4.0/,Joel Poyitt,https://www.inaturalist.org/observations/145034228,https://static.inaturalist.org/sounds/576194.m4a?1671961283,,Cyclochila_australasiae,Validation,,0.208273,data\raw\species40\Validation\Cyclochila_australasiae_IN145034228_576194.mp3
Yoyetta_repetens_IN20067636_30973.wav,Yoyetta_repetens,Cicadidae,http://creativecommons.org/licenses/by-nc/4.0/,Christie,https://www.inaturalist.org/observations/20067636,https://static.inaturalist.org/sounds/30973.wav?1549520497,,Yoyetta_repetens,Validation,,0.401619,data\raw\species40\Validation\Yoyetta_repetens_IN20067636_30973.wav
Conocephalus_fuscus_IN185753139_822971.mp3,Conocephalus_fuscus,Orthoptera,http://creativecommons.org/licenses/by-nc/4.0/,Africa Gomez,https://www.inaturalist.org/observations/185753139,https://static.inaturalist.org/sounds/822971.m4a?1696176473,,Conocephalus_fuscus,Validation,,0.13648,data\raw\species40\Validation\Conocephalus_fuscus_IN185753139_822971.mp3
Roeseliana_roeselii_IN184239120_816498.mp3,Roeseliana_roeselii,Orthoptera,http://creativecommons.org/licenses/by-nc/4.0/,aleia0107,https://www.inaturalist.org/observations/184239120,https://static.inaturalist.org/sounds/816498.m4a?1695293250,,Roeseliana_roeselii,Validation,,0.199504,data\raw\species40\Validation\Roeseliana_roeselii_IN184239120_816498.mp3
Aleeta_curvicosta_IN68994534_161974.mp3,Aleeta_curvicosta,Cicadidae,http://creativecommons.org/licenses/by-nc/4.0/,skattabrains,https://www.inaturalist.org/observations/68994534,https://static.inaturalist.org/sounds/161974.m4a?1612335632,,Aleeta_curvicosta,Validation,,0.288741,data\raw\species40\Validation\Aleeta_curvicosta_IN68994534_161974.mp3
Oecanthus_pellucens_IN99208208_320611.mp3,Oecanthus_pellucens,Orthoptera,http://creativecommons.org/licenses/by-nc/4.0/,maribego,https://www.inaturalist.org/observations/99208208,https://static.inaturalist.org/sounds/320611.m4a?1635080395,,Oecanthus_pellucens,Validation,,0.185632,data\raw\species40\Validation\Oecanthus_pellucens_IN99208208_320611.mp3
Galanga_labeculata_IN38306986_56878.wav,Galanga_labeculata,Cicadidae,http://creativecommons.org/licenses/by-nc/4.0/,Christie,https://www.inaturalist.org/observations/38306986,https://static.inaturalist.org/sounds/56878.wav?1580864736,,Galanga_labeculata,Validation,,0.235783,data\raw\species40\Validation\Galanga_labeculata_IN38306986_56878.wav
Neotibicen_robinsonianus_IN126150684_498667.wav,Neotibicen_robinsonianus,Cicadidae,http://creativecommons.org/licenses/by/4.0/,Chris Hartley,https://www.inaturalist.org/observations/126150684,https://static.inaturalist.org/sounds/498667.wav?1657763892,,Neotibicen_robinsonianus,Validation,,0.590077,data\raw\species40\Validation\Neotibicen_robinsonianus_IN126150684_498667.wav
Oecanthus_pellucens_IN130689070_519989.mp3,Oecanthus_pellucens,Orthoptera,http://creativecommons.org/licenses/by-nc/4.0/,Benjamin Monod-Broca,https://www.inaturalist.org/observations/130689070,https://static.inaturalist.org/sounds/519989.m4a?1660425891,,Oecanthus_pellucens,Validation,,0.041507,data\raw\species40\Validation\Oecanthus_pellucens_IN130689070_519989.mp3
Roeseliana_roeselii_IN183061589_811551.mp3,Roeseliana_roeselii,Orthoptera,http://creativecommons.org/licenses/by-nc/4.0/,Karol Łanocha,https://www.inaturalist.org/observations/183061589,https://static.inaturalist.org/sounds/811551.m4a?1694601314,,Roeseliana_roeselii,Validation,,0.17594,data\raw\species40\Validation\Roeseliana_roeselii_IN183061589_811551.mp3
Meimuna_opalifera_IN99677348_322501.mp3,Meimuna_opalifera,Cicadidae,http://creativecommons.org/licenses/by-nc/4.0/,naturalist107708,https://www.inaturalist.org/observations/99677348,https://static.inaturalist.org/sounds/322501.m4a?1635475798,,Meimuna_opalifera,Validation,,0.161326,data\raw\species40\Validation\Meimuna_opalifera_IN99677348_322501.mp3
Cystosoma_saundersii_IN16545885_25833.mp3,Cystosoma_saundersii,Cicadidae,http://creativecommons.org/licenses/by-nc/4.0/,Joel Poyitt,https://www.inaturalist.org/observations/16545885,https://static.inaturalist.org/sounds/25833.m4a?1537001921,,Cystosoma_saundersii,Validation,,0.35339,data\raw\species40\Validation\Cystosoma_saundersii_IN16545885_25833.mp3
Neotibicen_canicularis_IN91257057_291991.mp3,Neotibicen_canicularis,Cicadidae,http://creativecommons.org/licenses/by-nc/4.0/,Liam Ragan,https://www.inaturalist.org/observations/91257057,https://static.inaturalist.org/sounds/291991.m4a?1629046108,,Neotibicen_canicularis,Validation,,0.261758,data\raw\species40\Validation\Neotibicen_canicularis_IN91257057_291991.mp3
Eumodicogryllus_bordigalensis_IN92838448_298493.mp3,Eumodicogryllus_bordigalensis,Orthoptera,http://creativecommons.org/licenses/by-nc/4.0/,Daniel Iversen,https://www.inaturalist.org/observations/92838448,https://static.inaturalist.org/sounds/298493.m4a?1630188731,,Eumodicogryllus_bordigalensis,Validation,,0.6346,data\raw\species40\Validation\Eumodicogryllus_bordigalensis_IN92838448_298493.mp3
Neotibicen_tibicen_IN85666579_268210.mp3,Neotibicen_tibicen,Cicadidae,http://creativecommons.org/licenses/by-nc/4.0/,Dom Col,https://www.inaturalist.org/observations/85666579,https://static.inaturalist.org/sounds/268210.m4a?1625429465,,Neotibicen_tibicen,Validation,,0.320957,data\raw\species40\Validation\Neotibicen_tibicen_IN85666579_268210.mp3
Henicopsaltria_eydouxii_IN34857352_49219.mp3,Henicopsaltria_eydouxii,Cicadidae,http://creativecommons.org/licenses/by/4.0/,Thomas Mesaglio,https://www.inaturalist.org/observations/34857352,https://static.inaturalist.org/sounds/49219.m4a?1571971168,,Henicopsaltria_eydouxii,Validation,,0.135309,data\raw\species40\Validation\Henicopsaltria_eydouxii_IN34857352_49219.mp3
Neotibicen_robinsonianus_IN131274494_522304.mp3,Neotibicen_robinsonianus,Cicadidae,http://creativecommons.org/licenses/by-nc/4.0/,Ríona Brennan,https://www.inaturalist.org/observations/131274494,https://static.inaturalist.org/sounds/522304.mp3?1660782365,,Neotibicen_robinsonianus,Validation,,0.150787,data\raw\species40\Validation\Neotibicen_robinsonianus_IN131274494_522304.mp3
Chorthippus_mollis_IN138305613_547818.mp3,Chorthippus_mollis,Orthoptera,http://creativecommons.org/licenses/by-nc/4.0/,Sebastian Ćato,https://www.inaturalist.org/observations/138305613,https://static.inaturalist.org/sounds/547818.mp3?1665432361,,Chorthippus_mollis,Validation,,0.029627,data\raw\species40\Validation\Chorthippus_mollis_IN138305613_547818.mp3
Tettigonia_cantans_XC755338.mp3,Tettigonia_cantans,Orthoptera,//creativecommons.org/licenses/by-nc-sa/4.0/,Dimitri,https://xeno-canto.org/755338,https://xeno-canto.org/755338/download,,Tettigonia_cantans,Validation,,0.501172,data\raw\species40\Validation\Tettigonia_cantans_XC755338.mp3
Gryllus_bimaculatus_IN136529034_541372.wav,Gryllus_bimaculatus,Orthoptera,http://creativecommons.org/licenses/by/4.0/,Yves Bas,https://www.inaturalist.org/observations/136529034,https://static.inaturalist.org/sounds/541372.wav?1664160161,,Gryllus_bimaculatus,Validation,,0.580058,data\raw\species40\Validation\Gryllus_bimaculatus_IN136529034_541372.wav
Gryllus_bimaculatus_IN98392667_317088.mp3,Gryllus_bimaculatus,Orthoptera,http://creativecommons.org/licenses/by-nc/4.0/,michi100,https://www.inaturalist.org/observations/98392667,https://static.inaturalist.org/sounds/317088.m4a?1634402524,,Gryllus_bimaculatus,Validation,,0.100128,data\raw\species40\Validation\Gryllus_bimaculatus_IN98392667_317088.mp3
Tettigonia_cantans_IN177783395_790086.mp3,Tettigonia_cantans,Orthoptera,http://creativecommons.org/licenses/by/4.0/,E. A.,https://www.inaturalist.org/observations/177783395,https://static.inaturalist.org/sounds/790086.m4a?1691734873,,Tettigonia_cantans,Validation,,0.518985,data\raw\species40\Validation\Tettigonia_cantans_IN177783395_790086.mp3
Cystosoma_saundersii_IN18205252_27276.mp3,Cystosoma_saundersii,Cicadidae,http://creativecommons.org/licenses/by-nc/4.0/,Joel Poyitt,https://www.inaturalist.org/observations/18205252,https://static.inaturalist.org/sounds/27276.m4a?1648746159,,Cystosoma_saundersii,Validation,,0.148125,data\raw\species40\Validation\Cystosoma_saundersii_IN18205252_27276.mp3
Tettigettalna_argentata_IN131553991_523438.mp3,Tettigettalna_argentata,Cicadidae,http://creativecommons.org/licenses/by-nc/4.0/,Gonçalo Costa,https://www.inaturalist.org/observations/131553991,https://static.inaturalist.org/sounds/523438.m4a?1660984204,,Tettigettalna_argentata,Validation,,0.273426,data\raw\species40\Validation\Tettigettalna_argentata_IN131553991_523438.mp3
Neotibicen_canicularis_IN55050970_126663.wav,Neotibicen_canicularis,Cicadidae,http://creativecommons.org/licenses/by-nc/4.0/,Carter Dorscht,https://www.inaturalist.org/observations/55050970,https://static.inaturalist.org/sounds/126663.wav?1596299854,,Neotibicen_canicularis,Validation,,0.159656,data\raw\species40\Validation\Neotibicen_canicularis_IN55050970_126663.wav
Neotibicen_tibicen_IN229048062_1130909.mp3,Neotibicen_tibicen,Cicadidae,http://creativecommons.org/licenses/by/4.0/,L.J. Lamera,https://www.inaturalist.org/observations/229048062,https://static.inaturalist.org/sounds/1130909.m4a?1720885725,,Neotibicen_tibicen,Validation,,0.058704,data\raw\species40\Validation\Neotibicen_tibicen_IN229048062_1130909.mp3
Cystosoma_saundersii_IN18125316_27213.mp3,Cystosoma_saundersii,Cicadidae,http://creativecommons.org/licenses/by-nc/4.0/,Joel Poyitt,https://www.inaturalist.org/observations/18125316,https://static.inaturalist.org/sounds/27213.m4a?1648746097,,Cystosoma_saundersii,Validation,,0.200307,data\raw\species40\Validation\Cystosoma_saundersii_IN18125316_27213.mp3
Cyclochila_australasiae_IN18514881_27473.mp3,Cyclochila_australasiae,Cicadidae,http://creativecommons.org/licenses/by-nc/4.0/,Joel Poyitt,https://www.inaturalist.org/observations/18514881,https://static.inaturalist.org/sounds/27473.m4a?1648746582,,Cyclochila_australasiae,Validation,,0.183968,data\raw\species40\Validation\Cyclochila_australasiae_IN18514881_27473.mp3
Chorthippus_mollis_IN188372660_834472.wav,Chorthippus_mollis,Orthoptera,http://creativecommons.org/licenses/by-nc/4.0/,Ludwig Treuter,https://www.inaturalist.org/observations/188372660,https://static.inaturalist.org/sounds/834472.wav?1697891804,,Chorthippus_mollis,Validation,,0.788947,data\raw\species40\Validation\Chorthippus_mollis_IN188372660_834472.wav
Aleeta_curvicosta_IN20067576_30974.wav,Aleeta_curvicosta,Cicadidae,http://creativecommons.org/licenses/by-nc/4.0/,Christie,https://www.inaturalist.org/observations/20067576,https://static.inaturalist.org/sounds/30974.wav?1549520579,,Aleeta_curvicosta,Validation,,1.023273,data\raw\species40\Validation\Aleeta_curvicosta_IN20067576_30974.wav
Eumodicogryllus_bordigalensis_IN142689745_566262.mp3,Eumodicogryllus_bordigalensis,Orthoptera,http://creativecommons.org/licenses/by-nc/4.0/,Sarzedas,https://www.inaturalist.org/observations/142689745,https://static.inaturalist.org/sounds/566262.mp3?1669229579,,Eumodicogryllus_bordigalensis,Validation,,0.395492,data\raw\species40\Validation\Eumodicogryllus_bordigalensis_IN142689745_566262.mp3
Neotibicen_canicularis_IN131661217_523841.mp3,Neotibicen_canicularis,Cicadidae,http://creativecommons.org/licenses/by-nc/4.0/,rachelann37,https://www.inaturalist.org/observations/131661217,https://static.inaturalist.org/sounds/523841.m4a?1661040384,,Neotibicen_canicularis,Validation,,0.138542,data\raw\species40\Validation\Neotibicen_canicularis_IN131661217_523841.mp3
Oecanthus_pellucens_IN57587146_132706.mp3,Oecanthus_pellucens,Orthoptera,http://creativecommons.org/licenses/by-nc/4.0/,Pedro Beja,https://www.inaturalist.org/observations/57587146,https://static.inaturalist.org/sounds/132706.m4a?1598393232,,Oecanthus_pellucens,Validation,,0.495159,data\raw\species40\Validation\Oecanthus_pellucens_IN57587146_132706.mp3
Galanga_labeculata_IN111888478_396997.mp3,Galanga_labeculata,Cicadidae,http://creativecommons.org/licenses/by-nc/4.0/,Joel Poyitt,https://www.inaturalist.org/observations/111888478,https://static.inaturalist.org/sounds/396997.m4a?1650257418,,Galanga_labeculata,Validation,,0.136584,data\raw\species40\Validation\Galanga_labeculata_IN111888478_396997.mp3
Gryllus_bimaculatus_IN182167913_808053.mp3,Gryllus_bimaculatus,Orthoptera,http://creativecommons.org/licenses/by-nc/4.0/,Sebastian Ćato,https://www.inaturalist.org/observations/182167913,https://static.inaturalist.org/sounds/808053.mp3?1694083855,,Gryllus_bimaculatus,Validation,,0.043721,data\raw\species40\Validation\Gryllus_bimaculatus_IN182167913_808053.mp3
Roeseliana_roeselii_IN130700718_520032.mp3,Roeseliana_roeselii,Orthoptera,http://creativecommons.org/licenses/by-nc/4.0/,John M Palmer,https://www.inaturalist.org/observations/130700718,https://static.inaturalist.org/sounds/520032.m4a?1660431016,,Roeseliana_roeselii,Validation,,0.320401,data\raw\species40\Validation\Roeseliana_roeselii_IN130700718_520032.mp3
Neotibicen_canicularis_IN52311169_118141.wav,Neotibicen_canicularis,Cicadidae,http://creativecommons.org/licenses/by-nc/4.0/,Carter Dorscht,https://www.inaturalist.org/observations/52311169,https://static.inaturalist.org/sounds/118141.wav?1594162714,,Neotibicen_canicularis,Validation,,0.58717,data\raw\species40\Validation\Neotibicen_canicularis_IN52311169_118141.wav
Phaneroptera_nana_IN134221212_532652.mp3,Phaneroptera_nana,Orthoptera,http://creativecommons.org/licenses/by-nc/4.0/,Francisilmuloparlante,https://www.inaturalist.org/observations/134221212,https://static.inaturalist.org/sounds/532652.m4a?1662671227,,Phaneroptera_nana,Validation,,0.249503,data\raw\species40\Validation\Phaneroptera_nana_IN134221212_532652.mp3
Oecanthus_pellucens_XC893213.mp3,Oecanthus_pellucens,Orthoptera,//creativecommons.org/licenses/by-nc-sa/4.0/,Alain Malengreau,https://xeno-canto.org/893213,https://xeno-canto.org/893213/download,,Oecanthus_pellucens,Validation,,0.464201,data\raw\species40\Validation\Oecanthus_pellucens_XC893213.mp3
Atrapsalta_corticina_IN141841986_562741.wav,Atrapsalta_corticina,Cicadidae,http://creativecommons.org/licenses/by-nc/4.0/,Christie,https://www.inaturalist.org/observations/141841986,https://static.inaturalist.org/sounds/562741.wav?1668302321,,Atrapsalta_corticina,Validation,,0.806884,data\raw\species40\Validation\Atrapsalta_corticina_IN141841986_562741.wav
Chorthippus_biguttulus_IN189669439_839965.mp3,Chorthippus_biguttulus,Orthoptera,http://creativecommons.org/licenses/by-nc/4.0/,Tomáš Dvořák,https://www.inaturalist.org/observations/189669439,https://static.inaturalist.org/sounds/839965.m4a?1698851320,,Chorthippus_biguttulus,Validation,,0.113325,data\raw\species40\Validation\Chorthippus_biguttulus_IN189669439_839965.mp3
Popplepsalta_notialis_IN9810178_17723.mp3,Popplepsalta_notialis,Cicadidae,http://creativecommons.org/licenses/by-nc/4.0/,Joel Poyitt,https://www.inaturalist.org/observations/9810178,https://static.inaturalist.org/sounds/17723.m4a?1518273865,,Popplepsalta_notialis,Validation,,0.2475,data\raw\species40\Validation\Popplepsalta_notialis_IN9810178_17723.mp3
Popplepsalta_notialis_IN18720436_27734.mp3,Popplepsalta_notialis,Cicadidae,http://creativecommons.org/licenses/by-nc/4.0/,Joel Poyitt,https://www.inaturalist.org/observations/18720436,https://static.inaturalist.org/sounds/27734.m4a?1648746942,,Popplepsalta_notialis,Validation,,0.412278,data\raw\species40\Validation\Popplepsalta_notialis_IN18720436_27734.mp3
Aleeta_curvicosta_IN9238842_17011.wav,Aleeta_curvicosta,Cicadidae,http://creativecommons.org/licenses/by-nc/4.0/,Christie,https://www.inaturalist.org/observations/9238842,https://static.inaturalist.org/sounds/17011.wav?1515122680,,Aleeta_curvicosta,Validation,,0.670346,data\raw\species40\Validation\Aleeta_curvicosta_IN9238842_17011.wav
Pseudochorthippus_parallelus_IN171017312_759479.mp3,Pseudochorthippus_parallelus,Orthoptera,http://creativecommons.org/licenses/by/4.0/,E. A.,https://www.inaturalist.org/observations/171017312,https://static.inaturalist.org/sounds/759479.m4a?1688479125,,Pseudochorthippus_parallelus,Validation,,0.625174,data\raw\species40\Validation\Pseudochorthippus_parallelus_IN171017312_759479.mp3
Neotibicen_canicularis_IN54898113_125985.mp3,Neotibicen_canicularis,Cicadidae,http://creativecommons.org/licenses/by-nc/4.0/,Jeff Ward,https://www.inaturalist.org/observations/54898113,https://static.inaturalist.org/sounds/125985.mp3?1596157425,,Neotibicen_canicularis,Validation,,0.133735,data\raw\species40\Validation\Neotibicen_canicularis_IN54898113_125985.mp3
Roeseliana_roeselii_IN170937437_759064.wav,Roeseliana_roeselii,Orthoptera,http://creativecommons.org/licenses/by-nc/4.0/,maximion,https://www.inaturalist.org/observations/170937437,https://static.inaturalist.org/sounds/759064.wav?1688429682,,Roeseliana_roeselii,Validation,,0.488323,data\raw\species40\Validation\Roeseliana_roeselii_IN170937437_759064.wav
Gryllotalpa_gryllotalpa_IN119901979_459292.mp3,Gryllotalpa_gryllotalpa,Orthoptera,http://creativecommons.org/licenses/by-nc/4.0/,schablkath,https://www.inaturalist.org/observations/119901979,https://static.inaturalist.org/sounds/459292.m4a?1654193072,,Gryllotalpa_gryllotalpa,Validation,,0.290322,data\raw\species40\Validation\Gryllotalpa_gryllotalpa_IN119901979_459292.mp3
Gryllotalpa_gryllotalpa_IN165609131_725743.mp3,Gryllotalpa_gryllotalpa,Orthoptera,http://creativecommons.org/licenses/by-nc/4.0/,ebcs,https://www.inaturalist.org/observations/165609131,https://static.inaturalist.org/sounds/725743.mp3?1685916347,,Gryllotalpa_gryllotalpa,Validation,,0.075194,data\raw\species40\Validation\Gryllotalpa_gryllotalpa_IN165609131_725743.mp3
Chorthippus_biguttulus_IN177699919_789695.mp3,Chorthippus_biguttulus,Orthoptera,http://creativecommons.org/licenses/by/4.0/,E. A.,https://www.inaturalist.org/observations/177699919,https://static.inaturalist.org/sounds/789695.m4a?1691690273,,Chorthippus_biguttulus,Validation,,0.343185,data\raw\species40\Validation\Chorthippus_biguttulus_IN177699919_789695.mp3
Chorthippus_biguttulus_IN62884614_143508.mp3,Chorthippus_biguttulus,Orthoptera,http://creativecommons.org/licenses/by-nc/4.0/,mobbini,https://www.inaturalist.org/observations/62884614,https://static.inaturalist.org/sounds/143508.mp3?1603020194,,Chorthippus_biguttulus,Validation,,0.082999,data\raw\species40\Validation\Chorthippus_biguttulus_IN62884614_143508.mp3
Chorthippus_biguttulus_IN182218003_808227.mp3,Chorthippus_biguttulus,Orthoptera,http://creativecommons.org/licenses/by/4.0/,E. A.,https://www.inaturalist.org/observations/182218003,https://static.inaturalist.org/sounds/808227.m4a?1694110701,,Chorthippus_biguttulus,Validation,,0.420232,data\raw\species40\Validation\Chorthippus_biguttulus_IN182218003_808227.mp3
Conocephalus_fuscus_XC866531.wav,Conocephalus_fuscus,Orthoptera,//creativecommons.org/licenses/by-sa/4.0/,K.-G. Heller,https://xeno-canto.org/866531,https://xeno-canto.org/866531/download,,Conocephalus_fuscus,Validation,25.0,0.535991,data\raw\species40\Validation\Conocephalus_fuscus_XC866531.wav
Tettigettalna_argentata_IN121860391_472194.mp3,Tettigettalna_argentata,Cicadidae,http://creativecommons.org/licenses/by-nc/4.0/,Nelson Conceição,https://www.inaturalist.org/observations/121860391,https://static.inaturalist.org/sounds/472194.mp3?1655293870,,Tettigettalna_argentata,Validation,,0.583579,data\raw\species40\Validation\Tettigettalna_argentata_IN121860391_472194.mp3
Pholidoptera_griseoaptera_IN183542291_813619.mp3,Pholidoptera_griseoaptera,Orthoptera,http://creativecommons.org/licenses/by/4.0/,E. A.,https://www.inaturalist.org/observations/183542291,https://static.inaturalist.org/sounds/813619.m4a?1694889201,,Pholidoptera_griseoaptera,Validation,,0.227139,data\raw\species40\Validation\Pholidoptera_griseoaptera_IN183542291_813619.mp3
Tettigonia_viridissima_IN127282010_504336.mp3,Tettigonia_viridissima,Orthoptera,http://creativecommons.org/licenses/by-nc/4.0/,Octávio Mateus,https://www.inaturalist.org/observations/127282010,https://static.inaturalist.org/sounds/504336.m4a?1658440295,,Tettigonia_viridissima,Validation,,0.083745,data\raw\species40\Validation\Tettigonia_viridissima_IN127282010_504336.mp3
Cicada_barbara_IN177550888_789151.mp3,Cicada_barbara,Cicadidae,http://creativecommons.org/licenses/by-nc/4.0/,Nelson Conceição,https://www.inaturalist.org/observations/177550888,https://static.inaturalist.org/sounds/789151.mp3?1691607848,,Cicada_barbara,Validation,,1.621215,data\raw\species40\Validation\Cicada_barbara_IN177550888_789151.mp3
Pseudochorthippus_parallelus_IN171021102_759504.mp3,Pseudochorthippus_parallelus,Orthoptera,http://creativecommons.org/licenses/by/4.0/,E. A.,https://www.inaturalist.org/observations/171021102,https://static.inaturalist.org/sounds/759504.m4a?1688480585,,Pseudochorthippus_parallelus,Validation,,0.23269,data\raw\species40\Validation\Pseudochorthippus_parallelus_IN171021102_759504.mp3
Neotibicen_tibicen_IN130631929_519735.wav,Neotibicen_tibicen,Cicadidae,http://creativecommons.org/licenses/by-nc/4.0/,moni,https://www.inaturalist.org/observations/130631929,https://static.inaturalist.org/sounds/519735.wav?1660401742,,Neotibicen_tibicen,Validation,,2.220059,data\raw\species40\Validation\Neotibicen_tibicen_IN130631929_519735.wav
Neotibicen_canicularis_IN58085957_133644.mp3,Neotibicen_canicularis,Cicadidae,http://creativecommons.org/licenses/by/4.0/,Ben Armstrong,https://www.inaturalist.org/observations/58085957,https://static.inaturalist.org/sounds/133644.mp3?1598824748,,Neotibicen_canicularis,Validation,,0.302588,data\raw\species40\Validation\Neotibicen_canicularis_IN58085957_133644.mp3
Gryllotalpa_gryllotalpa_IN211964844_1005608.mp3,Gryllotalpa_gryllotalpa,Orthoptera,http://creativecommons.org/licenses/by-nc/4.0/,Manuel Raab,https://www.inaturalist.org/observations/211964844,https://static.inaturalist.org/sounds/1005608.m4a?1714435052,,Gryllotalpa_gryllotalpa,Validation,,0.372159,data\raw\species40\Validation\Gryllotalpa_gryllotalpa_IN211964844_1005608.mp3
Chorthippus_mollis_IN23090336_46219.mp3,Chorthippus_mollis,Orthoptera,http://creativecommons.org/licenses/by-sa/4.0/,jfgodeau,https://www.inaturalist.org/observations/23090336,https://static.inaturalist.org/sounds/46219.mp3?1566947665,,Chorthippus_mollis,Validation,,0.158934,data\raw\species40\Validation\Chorthippus_mollis_IN23090336_46219.mp3
Neotibicen_tibicen_IN93918338_302313.mp3,Neotibicen_tibicen,Cicadidae,http://creativecommons.org/licenses/by-nc/4.0/,Jessee J. Smith,https://www.inaturalist.org/observations/93918338,https://static.inaturalist.org/sounds/302313.m4a?1630961509,,Neotibicen_tibicen,Validation,,0.724939,data\raw\species40\Validation\Neotibicen_tibicen_IN93918338_302313.mp3
Pseudochorthippus_parallelus_XC925100.wav,Pseudochorthippus_parallelus,Orthoptera,//creativecommons.org/licenses/by/4.0/,Marius Faiß,https://xeno-canto.org/925100,https://xeno-canto.org/925100/download,,Pseudochorthippus_parallelus,Validation,,1.170601,data\raw\species40\Validation\Pseudochorthippus_parallelus_XC925100.wav
Cicada_barbara_IN171511700_761988.mp3,Cicada_barbara,Cicadidae,http://creativecommons.org/licenses/by-nc/4.0/,Bernard Noguès,https://www.inaturalist.org/observations/171511700,https://static.inaturalist.org/sounds/761988.mp3?1688708780,,Cicada_barbara,Validation,,0.284838,data\raw\species40\Validation\Cicada_barbara_IN171511700_761988.mp3
Microcentrum_rhombifolium_IN32419411_46819.wav,Microcentrum_rhombifolium,Orthoptera,http://creativecommons.org/licenses/by-nc/4.0/,Ted Floyd,https://www.inaturalist.org/observations/32419411,https://static.inaturalist.org/sounds/46819.wav?1568048527,,Microcentrum_rhombifolium,Validation,,1.417419,data\raw\species40\Validation\Microcentrum_rhombifolium_IN32419411_46819.wav
Meimuna_opalifera_IN130880739_520746.mp3,Meimuna_opalifera,Cicadidae,http://creativecommons.org/licenses/by-nc/4.0/,grey_wagtail,https://www.inaturalist.org/observations/130880739,https://static.inaturalist.org/sounds/520746.m4a?1660528313,,Meimuna_opalifera,Validation,,0.151643,data\raw\species40\Validation\Meimuna_opalifera_IN130880739_520746.mp3
Eumodicogryllus_bordigalensis_IN168551384_745892.mp3,Eumodicogryllus_bordigalensis,Orthoptera,http://creativecommons.org/licenses/by-nc/4.0/,dnlhrnr,https://www.inaturalist.org/observations/168551384,https://static.inaturalist.org/sounds/745892.m4a?1687294894,,Eumodicogryllus_bordigalensis,Validation,,0.276934,data\raw\species40\Validation\Eumodicogryllus_bordigalensis_IN168551384_745892.mp3
Henicopsaltria_eydouxii_IN195727310_870668.mp3,Henicopsaltria_eydouxii,Cicadidae,http://creativecommons.org/licenses/by-nc/4.0/,Dr Pamela Muggeridge,https://www.inaturalist.org/observations/195727310,https://static.inaturalist.org/sounds/870668.m4a?1704345642,,Henicopsaltria_eydouxii,Validation,,0.61257,data\raw\species40\Validation\Henicopsaltria_eydouxii_IN195727310_870668.mp3
Tettigonia_cantans_IN228511545_1127854.mp3,Tettigonia_cantans,Orthoptera,http://creativecommons.org/licenses/by/4.0/,Floris Vanderhaeghe,https://www.inaturalist.org/observations/228511545,https://static.inaturalist.org/sounds/1127854.mp3?1720643360,,Tettigonia_cantans,Validation,,0.14554,data\raw\species40\Validation\Tettigonia_cantans_IN228511545_1127854.mp3
Pholidoptera_griseoaptera_IN185405625_821309.mp3,Pholidoptera_griseoaptera,Orthoptera,http://creativecommons.org/licenses/by-nc/4.0/,Karol Łanocha,https://www.inaturalist.org/observations/185405625,https://static.inaturalist.org/sounds/821309.m4a?1695988507,,Pholidoptera_griseoaptera,Validation,,0.1869,data\raw\species40\Validation\Pholidoptera_griseoaptera_IN185405625_821309.mp3
Conocephalus_fuscus_XC866548.wav,Conocephalus_fuscus,Orthoptera,//creativecommons.org/licenses/by-sa/4.0/,K.-G. Heller,https://xeno-canto.org/866548,https://xeno-canto.org/866548/download,,Conocephalus_fuscus,Validation,28.0,0.703632,data\raw\species40\Validation\Conocephalus_fuscus_XC866548.wav
Neotibicen_tibicen_IN1799617_3759.mp3,Neotibicen_tibicen,Cicadidae,http://creativecommons.org/licenses/by-nc-sa/4.0/,Lee Elliott,https://www.inaturalist.org/observations/1799617,https://static.inaturalist.org/sounds/3759.mp3?1502845101,,Neotibicen_tibicen,Validation,,0.267255,data\raw\species40\Validation\Neotibicen_tibicen_IN1799617_3759.mp3
Chorthippus_mollis_IN176397861_784472.mp3,Chorthippus_mollis,Orthoptera,http://creativecommons.org/licenses/by-nc/4.0/,Thomas ARMAND,https://www.inaturalist.org/observations/176397861,https://static.inaturalist.org/sounds/784472.mp3?1691047009,,Chorthippus_mollis,Validation,,0.12609,data\raw\species40\Validation\Chorthippus_mollis_IN176397861_784472.mp3
Magicicada_cassini_IN220741238_1079411.wav,Magicicada_cassini,Cicadidae,http://creativecommons.org/publicdomain/zero/1.0/,cwarneke,https://www.inaturalist.org/observations/220741238,https://static.inaturalist.org/sounds/1079411.wav?1717615334,,Magicicada_cassini,Validation,,1.346904,data\raw\species40\Validation\Magicicada_cassini_IN220741238_1079411.wav
Eumodicogryllus_bordigalensis_IN177734702_789865.mp3,Eumodicogryllus_bordigalensis,Orthoptera,http://creativecommons.org/licenses/by-nc/4.0/,Julien Birard,https://www.inaturalist.org/observations/177734702,https://static.inaturalist.org/sounds/789865.m4a?1691704129,,Eumodicogryllus_bordigalensis,Validation,,0.513418,data\raw\species40\Validation\Eumodicogryllus_bordigalensis_IN177734702_789865.mp3
Tettigonia_cantans_IN133452036_530287.mp3,Tettigonia_cantans,Orthoptera,http://creativecommons.org/licenses/by-nc/4.0/,gernotkunz,https://www.inaturalist.org/observations/133452036,https://static.inaturalist.org/sounds/530287.m4a?1662208476,,Tettigonia_cantans,Validation,,0.760735,data\raw\species40\Validation\Tettigonia_cantans_IN133452036_530287.mp3
Roeseliana_roeselii_IN186855493_827838.mp3,Roeseliana_roeselii,Orthoptera,http://creativecommons.org/licenses/by-nc/4.0/,Africa Gomez,https://www.inaturalist.org/observations/186855493,https://static.inaturalist.org/sounds/827838.m4a?1696863896,,Roeseliana_roeselii,Validation,,0.158194,data\raw\species40\Validation\Roeseliana_roeselii_IN186855493_827838.mp3
Magicicada_septendecim_IN16575953_30312.mp3,Magicicada_septendecim,Cicadidae,http://creativecommons.org/licenses/by-nc/4.0/,David Jeffrey Ringer,https://www.inaturalist.org/observations/16575953,https://static.inaturalist.org/sounds/30312.m4a?1648748911,,Magicicada_septendecim,Validation,,0.401739,data\raw\species40\Validation\Magicicada_septendecim_IN16575953_30312.mp3
Cystosoma_saundersii_IN66074664_152221.wav,Cystosoma_saundersii,Cicadidae,http://creativecommons.org/licenses/by-nc/4.0/,Joel Poyitt,https://www.inaturalist.org/observations/66074664,https://static.inaturalist.org/sounds/152221.wav?1607052418,,Cystosoma_saundersii,Validation,,0.766714,data\raw\species40\Validation\Cystosoma_saundersii_IN66074664_152221.wav
Microcentrum_rhombifolium_IN184600963_817965.wav,Microcentrum_rhombifolium,Orthoptera,http://creativecommons.org/licenses/by-nc/4.0/,Ted Floyd,https://www.inaturalist.org/observations/184600963,https://static.inaturalist.org/sounds/817965.wav?1695504479,,Microcentrum_rhombifolium,Validation,,1.707628,data\raw\species40\Validation\Microcentrum_rhombifolium_IN184600963_817965.wav
Gryllus_pennsylvanicus_IN130716592_520121.mp3,Gryllus_pennsylvanicus,Orthoptera,http://creativecommons.org/licenses/by-nc/4.0/,D.J. McNeil,https://www.inaturalist.org/observations/130716592,https://static.inaturalist.org/sounds/520121.m4a?1660439570,,Gryllus_pennsylvanicus,Validation,,0.079676,data\raw\species40\Validation\Gryllus_pennsylvanicus_IN130716592_520121.mp3
Gryllotalpa_gryllotalpa_IN47526656_97307.mp3,Gryllotalpa_gryllotalpa,Orthoptera,http://creativecommons.org/licenses/by-nc/4.0/,Denis Ivanov,https://www.inaturalist.org/observations/47526656,https://static.inaturalist.org/sounds/97307.m4a?1590598021,,Gryllotalpa_gryllotalpa,Validation,,0.622965,data\raw\species40\Validation\Gryllotalpa_gryllotalpa_IN47526656_97307.mp3
Neotibicen_canicularis_IN130134496_517414.wav,Neotibicen_canicularis,Cicadidae,http://creativecommons.org/licenses/by-nc/4.0/,Carter Dorscht,https://www.inaturalist.org/observations/130134496,https://static.inaturalist.org/sounds/517414.wav?1660066308,,Neotibicen_canicularis,Validation,,0.935208,data\raw\species40\Validation\Neotibicen_canicularis_IN130134496_517414.wav
Tettigonia_cantans_IN97146356_313784.mp3,Tettigonia_cantans,Orthoptera,http://creativecommons.org/licenses/by/4.0/,E. A.,https://www.inaturalist.org/observations/97146356,https://static.inaturalist.org/sounds/313784.m4a?1633616321,,Tettigonia_cantans,Validation,,0.01312,data\raw\species40\Validation\Tettigonia_cantans_IN97146356_313784.mp3
Pseudochorthippus_parallelus_IN172652683_767730.mp3,Pseudochorthippus_parallelus,Orthoptera,http://creativecommons.org/publicdomain/zero/1.0/,ahabo,https://www.inaturalist.org/observations/172652683,https://static.inaturalist.org/sounds/767730.m4a?1689244807,,Pseudochorthippus_parallelus,Validation,,0.256599,data\raw\species40\Validation\Pseudochorthippus_parallelus_IN172652683_767730.mp3
Magicicada_septendecim_IN82357519_249468.mp3,Magicicada_septendecim,Cicadidae,http://creativecommons.org/licenses/by-nc/4.0/,Roshan Vignarajah,https://www.inaturalist.org/observations/82357519,https://static.inaturalist.org/sounds/249468.m4a?1623280357,,Magicicada_septendecim,Validation,,0.057152,data\raw\species40\Validation\Magicicada_septendecim_IN82357519_249468.mp3
Decticus_albifrons_IN176256942_783844.wav,Decticus_albifrons,Orthoptera,http://creativecommons.org/publicdomain/zero/1.0/,Florent,https://www.inaturalist.org/observations/176256942,https://static.inaturalist.org/sounds/783844.wav?1690977386,,Decticus_albifrons,Validation,,0.824054,data\raw\species40\Validation\Decticus_albifrons_IN176256942_783844.wav
Neotibicen_tibicen_IN28889400_43645.wav,Neotibicen_tibicen,Cicadidae,http://creativecommons.org/licenses/by-nc/4.0/,Koaw Nature,https://www.inaturalist.org/observations/28889400,https://static.inaturalist.org/sounds/43645.wav?1563223303,,Neotibicen_tibicen,Validation,,0.668241,data\raw\species40\Validation\Neotibicen_tibicen_IN28889400_43645.wav
Magicicada_septendecim_IN81385708_242860.wav,Magicicada_septendecim,Cicadidae,http://creativecommons.org/licenses/by-nc/4.0/,tminatbe,https://www.inaturalist.org/observations/81385708,https://static.inaturalist.org/sounds/242860.wav?1622678033,,Magicicada_septendecim,Validation,,0.894492,data\raw\species40\Validation\Magicicada_septendecim_IN81385708_242860.wav
Tettigonia_cantans_IN133216071_714879.mp3,Tettigonia_cantans,Orthoptera,http://creativecommons.org/publicdomain/zero/1.0/,Nico,https://www.inaturalist.org/observations/133216071,https://static.inaturalist.org/sounds/714879.m4a?1685217271,,Tettigonia_cantans,Validation,,0.209587,data\raw\species40\Validation\Tettigonia_cantans_IN133216071_714879.mp3
Cyclochila_australasiae_IN64643629_148054.mp3,Cyclochila_australasiae,Cicadidae,http://creativecommons.org/licenses/by-nc/4.0/,Joel Poyitt,https://www.inaturalist.org/observations/64643629,https://static.inaturalist.org/sounds/148054.m4a?1605061420,,Cyclochila_australasiae,Validation,,0.181469,data\raw\species40\Validation\Cyclochila_australasiae_IN64643629_148054.mp3
Conocephalus_fuscus_IN129686889_515607.mp3,Conocephalus_fuscus,Orthoptera,http://creativecommons.org/licenses/by/4.0/,snaily_naily173,https://www.inaturalist.org/observations/129686889,https://static.inaturalist.org/sounds/515607.mp3?1659801501,,Conocephalus_fuscus,Validation,,0.514022,data\raw\species40\Validation\Conocephalus_fuscus_IN129686889_515607.mp3
Conocephalus_fuscus_IN189348736_838683.mp3,Conocephalus_fuscus,Orthoptera,http://creativecommons.org/licenses/by-nc/4.0/,Africa Gomez,https://www.inaturalist.org/observations/189348736,https://static.inaturalist.org/sounds/838683.m4a?1698588076,,Conocephalus_fuscus,Validation,,0.197831,data\raw\species40\Validation\Conocephalus_fuscus_IN189348736_838683.mp3
Neotibicen_canicularis_IN131229393_522169.mp3,Neotibicen_canicularis,Cicadidae,http://creativecommons.org/licenses/by-nc/4.0/,octobertraveler,https://www.inaturalist.org/observations/131229393,https://static.inaturalist.org/sounds/522169.m4a?1660759479,,Neotibicen_canicularis,Validation,,0.361659,data\raw\species40\Validation\Neotibicen_canicularis_IN131229393_522169.mp3
Magicicada_cassini_IN82060470_247667.mp3,Magicicada_cassini,Cicadidae,http://creativecommons.org/licenses/by-nc/4.0/,Jessee J. Smith,https://www.inaturalist.org/observations/82060470,https://static.inaturalist.org/sounds/247667.m4a?1623089987,,Magicicada_cassini,Validation,,0.396282,data\raw\species40\Validation\Magicicada_cassini_IN82060470_247667.mp3
Meimuna_opalifera_IN179928217_798843.mp3,Meimuna_opalifera,Cicadidae,http://creativecommons.org/licenses/by-nc/4.0/,take551,https://www.inaturalist.org/observations/179928217,https://static.inaturalist.org/sounds/798843.m4a?1692852382,,Meimuna_opalifera,Validation,,1.018209,data\raw\species40\Validation\Meimuna_opalifera_IN179928217_798843.mp3
Gryllotalpa_gryllotalpa_IN156781900_657396.mp3,Gryllotalpa_gryllotalpa,Orthoptera,http://creativecommons.org/licenses/by-nc/4.0/,lvdr,https://www.inaturalist.org/observations/156781900,https://static.inaturalist.org/sounds/657396.m4a?1682538303,,Gryllotalpa_gryllotalpa,Validation,,0.235865,data\raw\species40\Validation\Gryllotalpa_gryllotalpa_IN156781900_657396.mp3
Magicicada_cassini_IN220267841_1075894.mp3,Magicicada_cassini,Cicadidae,http://creativecommons.org/licenses/by-nc/4.0/,asacerdotevelat,https://www.inaturalist.org/observations/220267841,https://static.inaturalist.org/sounds/1075894.m4a?1717429537,,Magicicada_cassini,Validation,,0.309162,data\raw\species40\Validation\Magicicada_cassini_IN220267841_1075894.mp3
Chorthippus_biguttulus_IN129126638_512777.mp3,Chorthippus_biguttulus,Orthoptera,http://creativecommons.org/licenses/by/4.0/,E. A.,https://www.inaturalist.org/observations/129126638,https://static.inaturalist.org/sounds/512777.mp3?1659442774,,Chorthippus_biguttulus,Validation,,0.052725,data\raw\species40\Validation\Chorthippus_biguttulus_IN129126638_512777.mp3
Gryllus_pennsylvanicus_IN99935945_323767.mp3,Gryllus_pennsylvanicus,Orthoptera,http://creativecommons.org/licenses/by-nc/4.0/,John D Reynolds,https://www.inaturalist.org/observations/99935945,https://static.inaturalist.org/sounds/323767.m4a?1635728500,,Gryllus_pennsylvanicus,Validation,,0.14619,data\raw\species40\Validation\Gryllus_pennsylvanicus_IN99935945_323767.mp3
Decticus_albifrons_XC921885.wav,Decticus_albifrons,Orthoptera,//creativecommons.org/licenses/by-nc-sa/4.0/,Esperanza Poveda,https://xeno-canto.org/921885,https://xeno-canto.org/921885/download,,Decticus_albifrons,Validation,26.0,2.142458,data\raw\species40\Validation\Decticus_albifrons_XC921885.wav
Chorthippus_biguttulus_IN88460349_281494.mp3,Chorthippus_biguttulus,Orthoptera,http://creativecommons.org/licenses/by-nc/4.0/,Fred,https://www.inaturalist.org/observations/88460349,https://static.inaturalist.org/sounds/281494.mp3?1627166271,,Chorthippus_biguttulus,Validation,,0.031236,data\raw\species40\Validation\Chorthippus_biguttulus_IN88460349_281494.mp3
Henicopsaltria_eydouxii_IN67237556_155820.mp3,Henicopsaltria_eydouxii,Cicadidae,http://creativecommons.org/licenses/by-nc/4.0/,Ben McBurney,https://www.inaturalist.org/observations/67237556,https://static.inaturalist.org/sounds/155820.mp3?1609222798,,Henicopsaltria_eydouxii,Validation,,0.211367,data\raw\species40\Validation\Henicopsaltria_eydouxii_IN67237556_155820.mp3
Magicicada_cassini_IN81251207_242044.mp3,Magicicada_cassini,Cicadidae,http://creativecommons.org/licenses/by-nc/4.0/,Julian Avery @EvolutionAvery,https://www.inaturalist.org/observations/81251207,https://static.inaturalist.org/sounds/242044.m4a?1622595738,,Magicicada_cassini,Validation,,0.326424,data\raw\species40\Validation\Magicicada_cassini_IN81251207_242044.mp3
Magicicada_septendecim_IN79690992_228727.wav,Magicicada_septendecim,Cicadidae,http://creativecommons.org/licenses/by-nc/4.0/,Sarah Lou H,https://www.inaturalist.org/observations/79690992,https://static.inaturalist.org/sounds/228727.wav?1621629549,,Magicicada_septendecim,Validation,,0.770642,data\raw\species40\Validation\Magicicada_septendecim_IN79690992_228727.wav
Cyclochila_australasiae_IN98959252_319375.wav,Cyclochila_australasiae,Cicadidae,http://creativecommons.org/licenses/by-nc/4.0/,Christie,https://www.inaturalist.org/observations/98959252,https://static.inaturalist.org/sounds/319375.wav?1634892425,,Cyclochila_australasiae,Validation,,0.306689,data\raw\species40\Validation\Cyclochila_australasiae_IN98959252_319375.wav
Platycleis_albopunctata_XC868119.wav,Platycleis_albopunctata,Orthoptera,//creativecommons.org/licenses/by-sa/4.0/,K.-G. Heller,https://xeno-canto.org/868119,https://xeno-canto.org/868119/download,,Platycleis_albopunctata,Validation,15.0,0.502116,data\raw\species40\Validation\Platycleis_albopunctata_XC868119.wav
Magicicada_cassini_IN80019450_231077.wav,Magicicada_cassini,Cicadidae,http://creativecommons.org/licenses/by-nc/4.0/,smuller,https://www.inaturalist.org/observations/80019450,https://static.inaturalist.org/sounds/231077.wav?1621806193,,Magicicada_cassini,Validation,,0.967699,data\raw\species40\Validation\Magicicada_cassini_IN80019450_231077.wav
Meimuna_opalifera_IN134524336_533902.mp3,Meimuna_opalifera,Cicadidae,http://creativecommons.org/licenses/by-nc/4.0/,MP Zhou,https://www.inaturalist.org/observations/134524336,https://static.inaturalist.org/sounds/533902.mp3?1662863342,,Meimuna_opalifera,Validation,,0.041655,data\raw\species40\Validation\Meimuna_opalifera_IN134524336_533902.mp3
Platycleis_albopunctata_XC868104.wav,Platycleis_albopunctata,Orthoptera,//creativecommons.org/licenses/by-sa/4.0/,K.-G. Heller,https://xeno-canto.org/868104,https://xeno-canto.org/868104/download,,Platycleis_albopunctata,Validation,26.0,2.324713,data\raw\species40\Validation\Platycleis_albopunctata_XC868104.wav
Magicicada_cassini_IN79423113_226500.mp3,Magicicada_cassini,Cicadidae,http://creativecommons.org/licenses/by-nc/4.0/,Hans Holbrook,https://www.inaturalist.org/observations/79423113,https://static.inaturalist.org/sounds/226500.m4a?1621448379,,Magicicada_cassini,Validation,,0.220889,data\raw\species40\Validation\Magicicada_cassini_IN79423113_226500.mp3
Magicicada_septendecim_IN79957315_230667.wav,Magicicada_septendecim,Cicadidae,http://creativecommons.org/licenses/by-nc/4.0/,leonab21,https://www.inaturalist.org/observations/79957315,https://static.inaturalist.org/sounds/230667.wav?1621784934,,Magicicada_septendecim,Validation,,0.764688,data\raw\species40\Validation\Magicicada_septendecim_IN79957315_230667.wav
Cyclochila_australasiae_IN60298210_137539.wav,Cyclochila_australasiae,Cicadidae,http://creativecommons.org/licenses/by-nc/4.0/,Nathan Emery,https://www.inaturalist.org/observations/60298210,https://static.inaturalist.org/sounds/137539.wav?1600676372,,Cyclochila_australasiae,Validation,,0.896579,data\raw\species40\Validation\Cyclochila_australasiae_IN60298210_137539.wav
Phaneroptera_nana_XC849128.wav,Phaneroptera_nana,Orthoptera,//creativecommons.org/licenses/by-sa/4.0/,Baudewijn Odé,https://xeno-canto.org/849128,https://xeno-canto.org/849128/download,,Phaneroptera_nana,Validation,,2.919852,data\raw\species40\Validation\Phaneroptera_nana_XC849128.wav
Magicicada_cassini_IN222497431_1092122.mp3,Magicicada_cassini,Cicadidae,http://creativecommons.org/licenses/by-nc/4.0/,hfricke,https://www.inaturalist.org/observations/222497431,https://static.inaturalist.org/sounds/1092122.m4a?1718304947,,Magicicada_cassini,Validation,,0.431006,data\raw\species40\Validation\Magicicada_cassini_IN222497431_1092122.mp3
Platycleis_albopunctata_XC868108.wav,Platycleis_albopunctata,Orthoptera,//creativecommons.org/licenses/by-sa/4.0/,K.-G. Heller,https://xeno-canto.org/868108,https://xeno-canto.org/868108/download,,Platycleis_albopunctata,Validation,20.0,1.865651,data\raw\species40\Validation\Platycleis_albopunctata_XC868108.wav
Gryllus_pennsylvanicus_IN90601186_289683.wav,Gryllus_pennsylvanicus,Orthoptera,http://creativecommons.org/publicdomain/zero/1.0/,Andrew Macumber,https://www.inaturalist.org/observations/90601186,https://static.inaturalist.org/sounds/289683.wav?1628554561,,Gryllus_pennsylvanicus,Validation,,1.051602,data\raw\species40\Validation\Gryllus_pennsylvanicus_IN90601186_289683.wav
Neotibicen_robinsonianus_IN180262942_800242.wav,Neotibicen_robinsonianus,Cicadidae,http://creativecommons.org/licenses/by-nc/4.0/,fredatwood,https://www.inaturalist.org/observations/180262942,https://static.inaturalist.org/sounds/800242.wav?1693056261,,Neotibicen_robinsonianus,Validation,,1.44363,data\raw\species40\Validation\Neotibicen_robinsonianus_IN180262942_800242.wav
Gryllus_pennsylvanicus_IN131711207_524170.mp3,Gryllus_pennsylvanicus,Orthoptera,http://creativecommons.org/licenses/by-nc/4.0/,daffodil7447,https://www.inaturalist.org/observations/131711207,https://static.inaturalist.org/sounds/524170.m4a?1661079713,,Gryllus_pennsylvanicus,Validation,,0.324054,data\raw\species40\Validation\Gryllus_pennsylvanicus_IN131711207_524170.mp3
Henicopsaltria_eydouxii_IN195043916_866514.mp3,Henicopsaltria_eydouxii,Cicadidae,http://creativecommons.org/licenses/by/4.0/,Thomas Mesaglio,https://www.inaturalist.org/observations/195043916,https://static.inaturalist.org/sounds/866514.m4a?1703738894,,Henicopsaltria_eydouxii,Validation,,1.524176,data\raw\species40\Validation\Henicopsaltria_eydouxii_IN195043916_866514.mp3
Chorthippus_brunneus_IN126995633_503119.mp3,Chorthippus_brunneus,Orthoptera,http://creativecommons.org/licenses/by/4.0/,E. A.,https://www.inaturalist.org/observations/126995633,https://static.inaturalist.org/sounds/503119.mp3?1658258424,,Chorthippus_brunneus,Validation,,0.099149,data\raw\species40\Validation\Chorthippus_brunneus_IN126995633_503119.mp3
Magicicada_cassini_IN165348439_724076.mp3,Magicicada_cassini,Cicadidae,http://creativecommons.org/licenses/by-nc/4.0/,asacerdotevelat,https://www.inaturalist.org/observations/165348439,https://static.inaturalist.org/sounds/724076.m4a?1685815369,,Magicicada_cassini,Validation,,0.558655,data\raw\species40\Validation\Magicicada_cassini_IN165348439_724076.mp3
Chorthippus_brunneus_IN181069568_803682.mp3,Chorthippus_brunneus,Orthoptera,http://creativecommons.org/licenses/by/4.0/,E. A.,https://www.inaturalist.org/observations/181069568,https://static.inaturalist.org/sounds/803682.m4a?1693498469,,Chorthippus_brunneus,Validation,,0.209634,data\raw\species40\Validation\Chorthippus_brunneus_IN181069568_803682.mp3
Conocephalus_fuscus_IN184891323_819072.mp3,Conocephalus_fuscus,Orthoptera,http://creativecommons.org/licenses/by-nc/4.0/,Africa Gomez,https://www.inaturalist.org/observations/184891323,https://static.inaturalist.org/sounds/819072.m4a?1695662905,,Conocephalus_fuscus,Validation,,0.299943,data\raw\species40\Validation\Conocephalus_fuscus_IN184891323_819072.mp3
Magicicada_septendecim_IN82405365_249791.wav,Magicicada_septendecim,Cicadidae,http://creativecommons.org/licenses/by-nc/4.0/,Karyn Molines,https://www.inaturalist.org/observations/82405365,https://static.inaturalist.org/sounds/249791.wav?1623323575,,Magicicada_septendecim,Validation,,1.025936,data\raw\species40\Validation\Magicicada_septendecim_IN82405365_249791.wav
Gryllus_pennsylvanicus_IN200021090_904337.mp3,Gryllus_pennsylvanicus,Orthoptera,http://creativecommons.org/licenses/by-nc/4.0/,Rostyslav Yurechko,https://www.inaturalist.org/observations/200021090,https://static.inaturalist.org/sounds/904337.mp3?1708545192,,Gryllus_pennsylvanicus,Validation,,0.251857,data\raw\species40\Validation\Gryllus_pennsylvanicus_IN200021090_904337.mp3
Platycleis_albopunctata_XC846623.wav,Platycleis_albopunctata,Orthoptera,//creativecommons.org/licenses/by-sa/4.0/,Baudewijn Odé,https://xeno-canto.org/846623,https://xeno-canto.org/846623/download,Pholidoptera griseoaptera,Platycleis_albopunctata,Validation,,2.613441,data\raw\species40\Validation\Platycleis_albopunctata_XC846623.wav
Meimuna_opalifera_IN182576463_809602.mp3,Meimuna_opalifera,Cicadidae,http://creativecommons.org/licenses/by/4.0/,岸本年郎,https://www.inaturalist.org/observations/182576463,https://static.inaturalist.org/sounds/809602.m4a?1694314586,,Meimuna_opalifera,Validation,,0.222373,data\raw\species40\Validation\Meimuna_opalifera_IN182576463_809602.mp3
Chorthippus_mollis_IN201776621_922909.mp3,Chorthippus_mollis,Orthoptera,http://creativecommons.org/licenses/by-nc/4.0/,Louis TON,https://www.inaturalist.org/observations/201776621,https://static.inaturalist.org/sounds/922909.mp3?1709984786,,Chorthippus_mollis,Validation,,0.347504,data\raw\species40\Validation\Chorthippus_mollis_IN201776621_922909.mp3
Magicicada_septendecim_IN81556041_244264.mp3,Magicicada_septendecim,Cicadidae,http://creativecommons.org/publicdomain/zero/1.0/,Martin Kalfatovic,https://www.inaturalist.org/observations/81556041,https://static.inaturalist.org/sounds/244264.m4a?1622813325,,Magicicada_septendecim,Validation,,0.192185,data\raw\species40\Validation\Magicicada_septendecim_IN81556041_244264.mp3
Microcentrum_rhombifolium_IN16834039_26042.mp3,Microcentrum_rhombifolium,Orthoptera,http://creativecommons.org/licenses/by-nc/4.0/,Joe MDO,https://www.inaturalist.org/observations/16834039,https://static.inaturalist.org/sounds/26042.mp3?1537721881,,Microcentrum_rhombifolium,Validation,,0.90005,data\raw\species40\Validation\Microcentrum_rhombifolium_IN16834039_26042.mp3
Conocephalus_fuscus_IN184890399_819062.mp3,Conocephalus_fuscus,Orthoptera,http://creativecommons.org/licenses/by-nc/4.0/,Africa Gomez,https://www.inaturalist.org/observations/184890399,https://static.inaturalist.org/sounds/819062.m4a?1695662554,,Conocephalus_fuscus,Validation,,0.230657,data\raw\species40\Validation\Conocephalus_fuscus_IN184890399_819062.mp3
Phaneroptera_nana_XC885610.wav,Phaneroptera_nana,Orthoptera,//creativecommons.org/licenses/by-sa/4.0/,K.-G. Heller,https://xeno-canto.org/885610,https://xeno-canto.org/885610/download,,Phaneroptera_nana,Validation,30.0,2.965357,data\raw\species40\Validation\Phaneroptera_nana_XC885610.wav
Neotibicen_robinsonianus_IN223450063_1098733.mp3,Neotibicen_robinsonianus,Cicadidae,http://creativecommons.org/licenses/by-nc/4.0/,Robby Deans,https://www.inaturalist.org/observations/223450063,https://static.inaturalist.org/sounds/1098733.m4a?1718670177,,Neotibicen_robinsonianus,Validation,,0.29192,data\raw\species40\Validation\Neotibicen_robinsonianus_IN223450063_1098733.mp3
Pseudochorthippus_parallelus_IN151106850_614654.mp3,Pseudochorthippus_parallelus,Orthoptera,http://creativecommons.org/licenses/by-nc/4.0/,mobbini,https://www.inaturalist.org/observations/151106850,https://static.inaturalist.org/sounds/614654.mp3?1678778458,,Pseudochorthippus_parallelus,Validation,,0.302837,data\raw\species40\Validation\Pseudochorthippus_parallelus_IN151106850_614654.mp3
Pseudochorthippus_parallelus_IN182072466_807635.mp3,Pseudochorthippus_parallelus,Orthoptera,http://creativecommons.org/licenses/by-nc/4.0/,Sebastian Ćato,https://www.inaturalist.org/observations/182072466,https://static.inaturalist.org/sounds/807635.mp3?1694017300,,Pseudochorthippus_parallelus,Validation,,0.052513,data\raw\species40\Validation\Pseudochorthippus_parallelus_IN182072466_807635.mp3
Neotibicen_robinsonianus_IN54303546_124444.wav,Neotibicen_robinsonianus,Cicadidae,http://creativecommons.org/licenses/by-nc/4.0/,Mike,https://www.inaturalist.org/observations/54303546,https://static.inaturalist.org/sounds/124444.wav?1595703017,,Neotibicen_robinsonianus,Validation,,0.582147,data\raw\species40\Validation\Neotibicen_robinsonianus_IN54303546_124444.wav
Pholidoptera_griseoaptera_IN173383834_771298.mp3,Pholidoptera_griseoaptera,Orthoptera,http://creativecommons.org/licenses/by-nc/4.0/,Тимофей Палкин,https://www.inaturalist.org/observations/173383834,https://static.inaturalist.org/sounds/771298.m4a?1689587816,,Pholidoptera_griseoaptera,Validation,,0.163033,data\raw\species40\Validation\Pholidoptera_griseoaptera_IN173383834_771298.mp3
Gryllotalpa_gryllotalpa_IN214073016_1022668.wav,Gryllotalpa_gryllotalpa,Orthoptera,http://creativecommons.org/licenses/by-nc/4.0/,mathieu_pelissie,https://www.inaturalist.org/observations/214073016,https://static.inaturalist.org/sounds/1022668.wav?1715032551,,Gryllotalpa_gryllotalpa,Validation,,0.561958,data\raw\species40\Validation\Gryllotalpa_gryllotalpa_IN214073016_1022668.wav
Neotibicen_robinsonianus_IN183279819_812495.mp3,Neotibicen_robinsonianus,Cicadidae,http://creativecommons.org/licenses/by-nc/4.0/,Kyle Aldinger,https://www.inaturalist.org/observations/183279819,https://static.inaturalist.org/sounds/812495.m4a?1694729602,,Neotibicen_robinsonianus,Validation,,0.202577,data\raw\species40\Validation\Neotibicen_robinsonianus_IN183279819_812495.mp3
Microcentrum_rhombifolium_IN94775633_305238.mp3,Microcentrum_rhombifolium,Orthoptera,http://creativecommons.org/licenses/by-nc/4.0/,Brice,https://www.inaturalist.org/observations/94775633,https://static.inaturalist.org/sounds/305238.m4a?1631582331,,Microcentrum_rhombifolium,Validation,,0.194559,data\raw\species40\Validation\Microcentrum_rhombifolium_IN94775633_305238.mp3
Henicopsaltria_eydouxii_IN195861408_871392.mp3,Henicopsaltria_eydouxii,Cicadidae,http://creativecommons.org/licenses/by-nc/4.0/,bulldog_bri,https://www.inaturalist.org/observations/195861408,https://static.inaturalist.org/sounds/871392.m4a?1704485212,,Henicopsaltria_eydouxii,Validation,,0.431448,data\raw\species40\Validation\Henicopsaltria_eydouxii_IN195861408_871392.mp3
Conocephalus_fuscus_IN183671553_814147.mp3,Conocephalus_fuscus,Orthoptera,http://creativecommons.org/licenses/by-nc/4.0/,Africa Gomez,https://www.inaturalist.org/observations/183671553,https://static.inaturalist.org/sounds/814147.m4a?1694961882,,Conocephalus_fuscus,Validation,,0.181016,data\raw\species40\Validation\Conocephalus_fuscus_IN183671553_814147.mp3
Gryllus_bimaculatus_XC796105.wav,Gryllus_bimaculatus,Orthoptera,//creativecommons.org/licenses/by/4.0/,Able Lawrence,https://xeno-canto.org/796105,https://xeno-canto.org/796105/download,,Gryllus_bimaculatus,Validation,24.0,1.089253,data\raw\species40\Validation\Gryllus_bimaculatus_XC796105.wav
Meimuna_opalifera_IN189074138_837479.mp3,Meimuna_opalifera,Cicadidae,http://creativecommons.org/licenses/by-nc/4.0/,gdman,https://www.inaturalist.org/observations/189074138,https://static.inaturalist.org/sounds/837479.m4a?1698371570,,Meimuna_opalifera,Validation,,0.178268,data\raw\species40\Validation\Meimuna_opalifera_IN189074138_837479.mp3
Pholidoptera_griseoaptera_IN180422956_800932.mp3,Pholidoptera_griseoaptera,Orthoptera,http://creativecommons.org/licenses/by-nc/4.0/,Karol Łanocha,https://www.inaturalist.org/observations/180422956,https://static.inaturalist.org/sounds/800932.m4a?1693140682,,Pholidoptera_griseoaptera,Validation,,0.463082,data\raw\species40\Validation\Pholidoptera_griseoaptera_IN180422956_800932.mp3
Pholidoptera_griseoaptera_IN150802770_612620.mp3,Pholidoptera_griseoaptera,Orthoptera,http://creativecommons.org/licenses/by-nc/4.0/,mobbini,https://www.inaturalist.org/observations/150802770,https://static.inaturalist.org/sounds/612620.mp3?1678526092,,Pholidoptera_griseoaptera,Validation,,0.067848,data\raw\species40\Validation\Pholidoptera_griseoaptera_IN150802770_612620.mp3
Pholidoptera_griseoaptera_IN189361499_838762.wav,Pholidoptera_griseoaptera,Orthoptera,http://creativecommons.org/licenses/by/4.0/,Daniel Linzbauer,https://www.inaturalist.org/observations/189361499,https://static.inaturalist.org/sounds/838762.wav?1698594889,,Pholidoptera_griseoaptera,Validation,,0.619613,data\raw\species40\Validation\Pholidoptera_griseoaptera_IN189361499_838762.wav
Henicopsaltria_eydouxii_IN19607067_29187.wav,Henicopsaltria_eydouxii,Cicadidae,http://creativecommons.org/licenses/by-nc/4.0/,Christie,https://www.inaturalist.org/observations/19607067,https://static.inaturalist.org/sounds/29187.wav?1547361438,,Henicopsaltria_eydouxii,Validation,,0.720473,data\raw\species40\Validation\Henicopsaltria_eydouxii_IN19607067_29187.wav
Eumodicogryllus_bordigalensis_IN223553407_1099370.mp3,Eumodicogryllus_bordigalensis,Orthoptera,http://creativecommons.org/licenses/by-nc/4.0/,Manuel Raab,https://www.inaturalist.org/observations/223553407,https://static.inaturalist.org/sounds/1099370.m4a?1718722188,,Eumodicogryllus_bordigalensis,Validation,,0.281122,data\raw\species40\Validation\Eumodicogryllus_bordigalensis_IN223553407_1099370.mp3
Chorthippus_brunneus_IN175079053_778791.wav,Chorthippus_brunneus,Orthoptera,http://creativecommons.org/licenses/by-nc/4.0/,Ludwig Treuter,https://www.inaturalist.org/observations/175079053,https://static.inaturalist.org/sounds/778791.wav?1690395892,,Chorthippus_brunneus,Validation,,0.228156,data\raw\species40\Validation\Chorthippus_brunneus_IN175079053_778791.wav
Chorthippus_brunneus_IN183540765_813610.mp3,Chorthippus_brunneus,Orthoptera,http://creativecommons.org/licenses/by/4.0/,E. A.,https://www.inaturalist.org/observations/183540765,https://static.inaturalist.org/sounds/813610.m4a?1694888653,,Chorthippus_brunneus,Validation,,0.147057,data\raw\species40\Validation\Chorthippus_brunneus_IN183540765_813610.mp3
Platycleis_albopunctata_XC868124.wav,Platycleis_albopunctata,Orthoptera,//creativecommons.org/licenses/by-sa/4.0/,K.-G. Heller,https://xeno-canto.org/868124,https://xeno-canto.org/868124/download,,Platycleis_albopunctata,Validation,32.0,1.495365,data\raw\species40\Validation\Platycleis_albopunctata_XC868124.wav
Gryllotalpa_gryllotalpa_IN217564242_1053410.mp3,Gryllotalpa_gryllotalpa,Orthoptera,http://creativecommons.org/licenses/by-nc/4.0/,Mirko Tomasi,https://www.inaturalist.org/observations/217564242,https://static.inaturalist.org/sounds/1053410.mp3?1716409821,,Gryllotalpa_gryllotalpa,Validation,,0.50301,data\raw\species40\Validation\Gryllotalpa_gryllotalpa_IN217564242_1053410.mp3
Meimuna_opalifera_IN188160836_833472.mp3,Meimuna_opalifera,Cicadidae,http://creativecommons.org/licenses/by-nc/4.0/,紫狸子,https://www.inaturalist.org/observations/188160836,https://static.inaturalist.org/sounds/833472.m4a?1697736401,,Meimuna_opalifera,Validation,,0.323559,data\raw\species40\Validation\Meimuna_opalifera_IN188160836_833472.mp3
Chorthippus_brunneus_XC876802.wav,Chorthippus_brunneus,Orthoptera,//creativecommons.org/licenses/by-sa/4.0/,Dragan Chobanov,https://xeno-canto.org/876802,https://xeno-canto.org/876802/download,,Chorthippus_brunneus,Validation,32.0,0.623225,data\raw\species40\Validation\Chorthippus_brunneus_XC876802.wav
Eumodicogryllus_bordigalensis_IN180815160_802524.mp3,Eumodicogryllus_bordigalensis,Orthoptera,http://creativecommons.org/licenses/by-nc/4.0/,Ryszard Orzechowski,https://www.inaturalist.org/observations/180815160,https://static.inaturalist.org/sounds/802524.mp3?1693337799,,Eumodicogryllus_bordigalensis,Validation,,0.067306,data\raw\species40\Validation\Eumodicogryllus_bordigalensis_IN180815160_802524.mp3
Gryllus_bimaculatus_IN87203254_275358.mp3,Gryllus_bimaculatus,Orthoptera,http://creativecommons.org/licenses/by-nc/4.0/,zighost,https://www.inaturalist.org/observations/87203254,https://static.inaturalist.org/sounds/275358.m4a?1626389839,,Gryllus_bimaculatus,Validation,,0.58399,data\raw\species40\Validation\Gryllus_bimaculatus_IN87203254_275358.mp3
Microcentrum_rhombifolium_IN133410828_530139.mp3,Microcentrum_rhombifolium,Orthoptera,http://creativecommons.org/licenses/by-nc/4.0/,lizjohn8124,https://www.inaturalist.org/observations/133410828,https://static.inaturalist.org/sounds/530139.m4a?1662169270,,Microcentrum_rhombifolium,Validation,,0.179766,data\raw\species40\Validation\Microcentrum_rhombifolium_IN133410828_530139.mp3
Pholidoptera_griseoaptera_IN183235640_812342.mp3,Pholidoptera_griseoaptera,Orthoptera,http://creativecommons.org/licenses/by/4.0/,E. A.,https://www.inaturalist.org/observations/183235640,https://static.inaturalist.org/sounds/812342.m4a?1694710475,,Pholidoptera_griseoaptera,Validation,,0.213279,data\raw\species40\Validation\Pholidoptera_griseoaptera_IN183235640_812342.mp3
Microcentrum_rhombifolium_IN183923938_815137.mp3,Microcentrum_rhombifolium,Orthoptera,http://creativecommons.org/licenses/by-nc/4.0/,Cody Porter,https://www.inaturalist.org/observations/183923938,https://static.inaturalist.org/sounds/815137.m4a?1695083905,,Microcentrum_rhombifolium,Validation,,0.230548,data\raw\species40\Validation\Microcentrum_rhombifolium_IN183923938_815137.mp3
Pseudochorthippus_parallelus_XC819924.wav,Pseudochorthippus_parallelus,Orthoptera,//creativecommons.org/licenses/by-nc-sa/4.0/,Stanislas Wroza,https://xeno-canto.org/819924,https://xeno-canto.org/819924/download,,Pseudochorthippus_parallelus,Validation,,1.192663,data\raw\species40\Validation\Pseudochorthippus_parallelus_XC819924.wav
Gryllus_bimaculatus_IN178266822_792140.mp3,Gryllus_bimaculatus,Orthoptera,http://creativecommons.org/licenses/by-nc/4.0/,Zsófia Varga-Szilay,https://www.inaturalist.org/observations/178266822,https://static.inaturalist.org/sounds/792140.mp3?1691965862,,Gryllus_bimaculatus,Validation,,0.158279,data\raw\species40\Validation\Gryllus_bimaculatus_IN178266822_792140.mp3
Decticus_albifrons_IN175205039_779272.mp3,Decticus_albifrons,Orthoptera,http://creativecommons.org/licenses/by-nc/4.0/,vallridaura,https://www.inaturalist.org/observations/175205039,https://static.inaturalist.org/sounds/779272.mp3?1690466557,,Decticus_albifrons,Validation,,0.188073,data\raw\species40\Validation\Decticus_albifrons_IN175205039_779272.mp3
Pseudochorthippus_parallelus_IN37897003_55625.wav,Pseudochorthippus_parallelus,Orthoptera,http://creativecommons.org/licenses/by/4.0/,Yves Bas,https://www.inaturalist.org/observations/37897003,https://static.inaturalist.org/sounds/55625.wav?1579848050,,Pseudochorthippus_parallelus,Validation,,1.981208,data\raw\species40\Validation\Pseudochorthippus_parallelus_IN37897003_55625.wav
Pseudochorthippus_parallelus_IN173956326_773933.mp3,Pseudochorthippus_parallelus,Orthoptera,http://creativecommons.org/publicdomain/zero/1.0/,ahabo,https://www.inaturalist.org/observations/173956326,https://static.inaturalist.org/sounds/773933.m4a?1689870051,,Pseudochorthippus_parallelus,Validation,,0.265243,data\raw\species40\Validation\Pseudochorthippus_parallelus_IN173956326_773933.mp3
Decticus_albifrons_IN58141487_133737.wav,Decticus_albifrons,Orthoptera,http://creativecommons.org/licenses/by/4.0/,Tim Leilich,https://www.inaturalist.org/observations/58141487,https://static.inaturalist.org/sounds/133737.wav?1598879788,,Decticus_albifrons,Validation,,1.728568,data\raw\species40\Validation\Decticus_albifrons_IN58141487_133737.wav
Henicopsaltria_eydouxii_IN19776494_30388.wav,Henicopsaltria_eydouxii,Cicadidae,http://creativecommons.org/licenses/by-nc/4.0/,Christie,https://www.inaturalist.org/observations/19776494,https://static.inaturalist.org/sounds/30388.wav?1548116967,,Henicopsaltria_eydouxii,Validation,,1.699989,data\raw\species40\Validation\Henicopsaltria_eydouxii_IN19776494_30388.wav
Henicopsaltria_eydouxii_IN19227918_28603.wav,Henicopsaltria_eydouxii,Cicadidae,http://creativecommons.org/licenses/by-nc/4.0/,Christie,https://www.inaturalist.org/observations/19227918,https://static.inaturalist.org/sounds/28603.wav?1545816110,,Henicopsaltria_eydouxii,Validation,,0.73551,data\raw\species40\Validation\Henicopsaltria_eydouxii_IN19227918_28603.wav
Phaneroptera_nana_XC830151.mp3,Phaneroptera_nana,Orthoptera,//creativecommons.org/licenses/by-nc-sa/4.0/,Fraser Simpson,https://xeno-canto.org/830151,https://xeno-canto.org/830151/download,,Phaneroptera_nana,Validation,25.4,0.160421,data\raw\species40\Validation\Phaneroptera_nana_XC830151.mp3
Chorthippus_mollis_IN181247570_804377.mp3,Chorthippus_mollis,Orthoptera,http://creativecommons.org/licenses/by/4.0/,E. A.,https://www.inaturalist.org/observations/181247570,https://static.inaturalist.org/sounds/804377.m4a?1693597535,,Chorthippus_mollis,Validation,,0.45115,data\raw\species40\Validation\Chorthippus_mollis_IN181247570_804377.mp3
Chorthippus_brunneus_IN98784388_318621.mp3,Chorthippus_brunneus,Orthoptera,http://creativecommons.org/licenses/by-nc/4.0/,gernotkunz,https://www.inaturalist.org/observations/98784388,https://static.inaturalist.org/sounds/318621.m4a?1634733030,,Chorthippus_brunneus,Validation,,0.167409,data\raw\species40\Validation\Chorthippus_brunneus_IN98784388_318621.mp3
Chorthippus_mollis_IN133435703_530239.mp3,Chorthippus_mollis,Orthoptera,http://creativecommons.org/licenses/by-nc/4.0/,p_stipticus,https://www.inaturalist.org/observations/133435703,https://static.inaturalist.org/sounds/530239.mp3?1662194173,,Chorthippus_mollis,Validation,,0.066142,data\raw\species40\Validation\Chorthippus_mollis_IN133435703_530239.mp3
Platycleis_albopunctata_XC927388.wav,Platycleis_albopunctata,Orthoptera,//creativecommons.org/licenses/by-nc-sa/4.0/,David Funosas,https://xeno-canto.org/927388,https://xeno-canto.org/927388/download,"Chorthippus jacobsi, Nemobius sylvestris",Platycleis_albopunctata,Validation,28.0,1.225343,data\raw\species40\Validation\Platycleis_albopunctata_XC927388.wav
Chorthippus_brunneus_IN93853508_306026.mp3,Chorthippus_brunneus,Orthoptera,http://creativecommons.org/licenses/by-nc/4.0/,Julien Preud'homme,https://www.inaturalist.org/observations/93853508,https://static.inaturalist.org/sounds/306026.m4a?1631780632,,Chorthippus_brunneus,Validation,,0.219672,data\raw\species40\Validation\Chorthippus_brunneus_IN93853508_306026.mp3
Chorthippus_brunneus_IN145099656_576534.mp3,Chorthippus_brunneus,Orthoptera,http://creativecommons.org/licenses/by-nc/4.0/,mobbini,https://www.inaturalist.org/observations/145099656,https://static.inaturalist.org/sounds/576534.mp3?1672051587,,Chorthippus_brunneus,Validation,,0.173619,data\raw\species40\Validation\Chorthippus_brunneus_IN145099656_576534.mp3
Decticus_albifrons_IN128346967_509244.mp3,Decticus_albifrons,Orthoptera,http://creativecommons.org/licenses/by-nc/4.0/,mathildeg66,https://www.inaturalist.org/observations/128346967,https://static.inaturalist.org/sounds/509244.m4a?1659037123,,Decticus_albifrons,Validation,,0.280151,data\raw\species40\Validation\Decticus_albifrons_IN128346967_509244.mp3
Phaneroptera_nana_IN186717194_827222.mp3,Phaneroptera_nana,Orthoptera,http://creativecommons.org/licenses/by-nc/4.0/,Isa Klee,https://www.inaturalist.org/observations/186717194,https://static.inaturalist.org/sounds/827222.m4a?1696784528,,Phaneroptera_nana,Validation,,0.426745,data\raw\species40\Validation\Phaneroptera_nana_IN186717194_827222.mp3
Platycleis_albopunctata_XC751519.wav,Platycleis_albopunctata,Orthoptera,//creativecommons.org/licenses/by-sa/4.0/,Baudewijn Odé,https://xeno-canto.org/751519,https://xeno-canto.org/751519/download,,Platycleis_albopunctata,Validation,,0.842764,data\raw\species40\Validation\Platycleis_albopunctata_XC751519.wav
Phaneroptera_nana_XC847428.wav,Phaneroptera_nana,Orthoptera,//creativecommons.org/licenses/by-sa/4.0/,Baudewijn Odé,https://xeno-canto.org/847428,https://xeno-canto.org/847428/download,Pterolepis spoliata,Phaneroptera_nana,Validation,22.0,1.842303,data\raw\species40\Validation\Phaneroptera_nana_XC847428.wav
Platycleis_albopunctata_IN187941766_832717.wav,Platycleis_albopunctata,Orthoptera,http://creativecommons.org/licenses/by/4.0/,Yves Bas,https://www.inaturalist.org/observations/187941766,https://static.inaturalist.org/sounds/832717.wav?1697618181,,Platycleis_albopunctata,Validation,,0.979516,data\raw\species40\Validation\Platycleis_albopunctata_IN187941766_832717.wav
Platycleis_albopunctata_XC868118.wav,Platycleis_albopunctata,Orthoptera,//creativecommons.org/licenses/by-sa/4.0/,K.-G. Heller,https://xeno-canto.org/868118,https://xeno-canto.org/868118/download,,Platycleis_albopunctata,Validation,24.5,0.765605,data\raw\species40\Validation\Platycleis_albopunctata_XC868118.wav
Chorthippus_mollis_IN138970135_550505.mp3,Chorthippus_mollis,Orthoptera,http://creativecommons.org/licenses/by-nc/4.0/,gernotkunz,https://www.inaturalist.org/observations/138970135,https://static.inaturalist.org/sounds/550505.m4a?1665929065,,Chorthippus_mollis,Validation,,0.859961,data\raw\species40\Validation\Chorthippus_mollis_IN138970135_550505.mp3
Decticus_albifrons_IN28990952_43755.mp3,Decticus_albifrons,Orthoptera,http://creativecommons.org/licenses/by-nc/4.0/,micdallo,https://www.inaturalist.org/observations/28990952,https://static.inaturalist.org/sounds/43755.m4a?1563363477,,Decticus_albifrons,Validation,,0.660682,data\raw\species40\Validation\Decticus_albifrons_IN28990952_43755.mp3
Decticus_albifrons_IN93973817_302550.mp3,Decticus_albifrons,Orthoptera,http://creativecommons.org/licenses/by-nc/4.0/,Богдан Погадаев,https://www.inaturalist.org/observations/93973817,https://static.inaturalist.org/sounds/302550.m4a?1631006850,,Decticus_albifrons,Validation,,0.493024,data\raw\species40\Validation\Decticus_albifrons_IN93973817_302550.mp3
Phaneroptera_nana_XC849753.wav,Phaneroptera_nana,Orthoptera,//creativecommons.org/licenses/by-sa/4.0/,Baudewijn Odé,https://xeno-canto.org/849753,https://xeno-canto.org/849753/download,,Phaneroptera_nana,Validation,,1.258292,data\raw\species40\Validation\Phaneroptera_nana_XC849753.wav
Phaneroptera_nana_XC876324.wav,Phaneroptera_nana,Orthoptera,//creativecommons.org/licenses/by-sa/4.0/,Dragan Chobanov,https://xeno-canto.org/876324,https://xeno-canto.org/876324/download,,Phaneroptera_nana,Validation,20.5,2.221817,data\raw\species40\Validation\Phaneroptera_nana_XC876324.wav
Chorthippus_mollis_IN185552937_822141.mp3,Chorthippus_mollis,Orthoptera,http://creativecommons.org/licenses/by-nc/4.0/,Isa Klee,https://www.inaturalist.org/observations/185552937,https://static.inaturalist.org/sounds/822141.m4a?1696073880,,Chorthippus_mollis,Validation,,0.266494,data\raw\species40\Validation\Chorthippus_mollis_IN185552937_822141.mp3
Phaneroptera_nana_XC822332.wav,Phaneroptera_nana,Orthoptera,//creativecommons.org/licenses/by-nc-sa/4.0/,Dimitri,https://xeno-canto.org/822332,https://xeno-canto.org/822332/download,,Phaneroptera_nana,Validation,23.5,2.233881,data\raw\species40\Validation\Phaneroptera_nana_XC822332.wav
Phaneroptera_nana_IN188289251_834095.wav,Phaneroptera_nana,Orthoptera,http://creativecommons.org/licenses/by-nc/4.0/,Benjamin Schmid,https://www.inaturalist.org/observations/188289251,https://static.inaturalist.org/sounds/834095.wav?1697828912,,Phaneroptera_nana,Validation,,0.665072,data\raw\species40\Validation\Phaneroptera_nana_IN188289251_834095.wav
Gryllotalpa_gryllotalpa_IN49463298_106893.mp3,Gryllotalpa_gryllotalpa,Orthoptera,http://creativecommons.org/licenses/by-nc/4.0/,markussehnal,https://www.inaturalist.org/observations/49463298,https://static.inaturalist.org/sounds/106893.m4a?1592077221,,Gryllotalpa_gryllotalpa,Test,,0.332276,data\raw\species40\Test\Gryllotalpa_gryllotalpa_IN49463298_106893.mp3
Henicopsaltria_eydouxii_IN196254533_873758.mp3,Henicopsaltria_eydouxii,Cicadidae,http://creativecommons.org/licenses/by-nc/4.0/,bpscicada,https://www.inaturalist.org/observations/196254533,https://static.inaturalist.org/sounds/873758.mp3?1704861247,,Henicopsaltria_eydouxii,Test,,0.229494,data\raw\species40\Test\Henicopsaltria_eydouxii_IN196254533_873758.mp3
Cicada_orni_IN84733019_263369.mp3,Cicada_orni,Cicadidae,http://creativecommons.org/licenses/by/4.0/,katunchik,https://www.inaturalist.org/observations/84733019,https://static.inaturalist.org/sounds/263369.m4a?1624816034,,Cicada_orni,Test,,0.276247,data\raw\species40\Test\Cicada_orni_IN84733019_263369.mp3
Chorthippus_biguttulus_IN184382415_817144.mp3,Chorthippus_biguttulus,Orthoptera,http://creativecommons.org/licenses/by-nc/4.0/,mobbini,https://www.inaturalist.org/observations/184382415,https://static.inaturalist.org/sounds/817144.mp3?1695392936,,Chorthippus_biguttulus,Test,,0.139218,data\raw\species40\Test\Chorthippus_biguttulus_IN184382415_817144.mp3
Yoyetta_celis_IN34338872_48439.wav,Yoyetta_celis,Cicadidae,http://creativecommons.org/licenses/by-nc/4.0/,Christie,https://www.inaturalist.org/observations/34338872,https://static.inaturalist.org/sounds/48439.wav?1571018653,,Yoyetta_celis,Test,,0.411005,data\raw\species40\Test\Yoyetta_celis_IN34338872_48439.wav
Cicada_orni_IN174268878_775464.mp3,Cicada_orni,Cicadidae,http://creativecommons.org/licenses/by-nc/4.0/,Vera L. Nunes,https://www.inaturalist.org/observations/174268878,https://static.inaturalist.org/sounds/775464.m4a?1690034146,,Cicada_orni,Test,,0.140995,data\raw\species40\Test\Cicada_orni_IN174268878_775464.mp3
Pholidoptera_griseoaptera_IN145579603_579443.mp3,Pholidoptera_griseoaptera,Orthoptera,http://creativecommons.org/licenses/by-nc/4.0/,mobbini,https://www.inaturalist.org/observations/145579603,https://static.inaturalist.org/sounds/579443.mp3?1672583117,,Pholidoptera_griseoaptera,Test,,0.086506,data\raw\species40\Test\Pholidoptera_griseoaptera_IN145579603_579443.mp3
Cicada_orni_IN171749152_763214.wav,Cicada_orni,Cicadidae,http://creativecommons.org/licenses/by-nc/4.0/,rodolfoferreira,https://www.inaturalist.org/observations/171749152,https://static.inaturalist.org/sounds/763214.wav?1688827183,,Cicada_orni,Test,,0.309367,data\raw\species40\Test\Cicada_orni_IN171749152_763214.wav
Henicopsaltria_eydouxii_IN67426474_156411.wav,Henicopsaltria_eydouxii,Cicadidae,http://creativecommons.org/licenses/by-nc/4.0/,Christie,https://www.inaturalist.org/observations/67426474,https://static.inaturalist.org/sounds/156411.wav?1609545922,,Henicopsaltria_eydouxii,Test,,1.566328,data\raw\species40\Test\Henicopsaltria_eydouxii_IN67426474_156411.wav
Neotibicen_tibicen_IN130390252_518592.mp3,Neotibicen_tibicen,Cicadidae,http://creativecommons.org/licenses/by-nc/4.0/,Kyle Aldinger,https://www.inaturalist.org/observations/130390252,https://static.inaturalist.org/sounds/518592.m4a?1660235739,,Neotibicen_tibicen,Test,,0.462333,data\raw\species40\Test\Neotibicen_tibicen_IN130390252_518592.mp3
Magicicada_septendecim_IN83266683_254909.mp3,Magicicada_septendecim,Cicadidae,http://creativecommons.org/licenses/by-nc/4.0/,gwt2102,https://www.inaturalist.org/observations/83266683,https://static.inaturalist.org/sounds/254909.m4a?1623855490,,Magicicada_septendecim,Test,,0.107979,data\raw\species40\Test\Magicicada_septendecim_IN83266683_254909.mp3
Pholidoptera_griseoaptera_XC828123.wav,Pholidoptera_griseoaptera,Orthoptera,//creativecommons.org/licenses/by-nc-sa/4.0/,brickegickel,https://xeno-canto.org/828123,https://xeno-canto.org/828123/download,Oecanthus pellucens,Pholidoptera_griseoaptera,Test,,0.613137,data\raw\species40\Test\Pholidoptera_griseoaptera_XC828123.wav
Pterophylla_camellifolia_IN172103371_765023.mp3,Pterophylla_camellifolia,Orthoptera,http://creativecommons.org/licenses/by-nc/4.0/,ruebodeep,https://www.inaturalist.org/observations/172103371,https://static.inaturalist.org/sounds/765023.m4a?1688962338,,Pterophylla_camellifolia,Test,,0.104851,data\raw\species40\Test\Pterophylla_camellifolia_IN172103371_765023.mp3
Yoyetta_celis_IN18887698_28107.wav,Yoyetta_celis,Cicadidae,http://creativecommons.org/licenses/by-nc/4.0/,Christie,https://www.inaturalist.org/observations/18887698,https://static.inaturalist.org/sounds/28107.wav?1544267192,,Yoyetta_celis,Test,,0.593,data\raw\species40\Test\Yoyetta_celis_IN18887698_28107.wav
Neotibicen_tibicen_IN95491637_307511.mp3,Neotibicen_tibicen,Cicadidae,http://creativecommons.org/licenses/by-nc/4.0/,jeanw,https://www.inaturalist.org/observations/95491637,https://static.inaturalist.org/sounds/307511.m4a?1632103836,,Neotibicen_tibicen,Test,,0.198665,data\raw\species40\Test\Neotibicen_tibicen_IN95491637_307511.mp3
Neotibicen_canicularis_IN168775500_747190.wav,Neotibicen_canicularis,Cicadidae,http://creativecommons.org/licenses/by/4.0/,Mathew Zappa,https://www.inaturalist.org/observations/168775500,https://static.inaturalist.org/sounds/747190.wav?1687409159,,Neotibicen_canicularis,Test,,1.046587,data\raw\species40\Test\Neotibicen_canicularis_IN168775500_747190.wav
Psaltoda_plaga_IN151545470_617955.mp3,Psaltoda_plaga,Cicadidae,http://creativecommons.org/licenses/by-nc/4.0/,jhannan,https://www.inaturalist.org/observations/151545470,https://static.inaturalist.org/sounds/617955.m4a?1679182147,,Psaltoda_plaga,Test,,0.314315,data\raw\species40\Test\Psaltoda_plaga_IN151545470_617955.mp3
Cicada_orni_IN53403710_121789.mp3,Cicada_orni,Cicadidae,http://creativecommons.org/licenses/by-nc/4.0/,Vera L. Nunes,https://www.inaturalist.org/observations/53403710,https://static.inaturalist.org/sounds/121789.mp3?1595019412,,Cicada_orni,Test,,0.09773,data\raw\species40\Test\Cicada_orni_IN53403710_121789.mp3
Neotibicen_canicularis_IN87929167_279311.wav,Neotibicen_canicularis,Cicadidae,http://creativecommons.org/licenses/by-nc/4.0/,Joshua Campos,https://www.inaturalist.org/observations/87929167,https://static.inaturalist.org/sounds/279311.wav?1626826027,,Neotibicen_canicularis,Test,,0.765489,data\raw\species40\Test\Neotibicen_canicularis_IN87929167_279311.wav
Psaltoda_plaga_IN144112742_571810.wav,Psaltoda_plaga,Cicadidae,http://creativecommons.org/licenses/by-nc/4.0/,Christie,https://www.inaturalist.org/observations/144112742,https://static.inaturalist.org/sounds/571810.wav?1670717548,,Psaltoda_plaga,Test,,0.419984,data\raw\species40\Test\Psaltoda_plaga_IN144112742_571810.wav
Yoyetta_repetens_IN18044080_27037.wav,Yoyetta_repetens,Cicadidae,http://creativecommons.org/licenses/by-nc/4.0/,Christie,https://www.inaturalist.org/observations/18044080,https://static.inaturalist.org/sounds/27037.wav?1541305812,,Yoyetta_repetens,Test,,0.363828,data\raw\species40\Test\Yoyetta_repetens_IN18044080_27037.wav
Atrapsalta_corticina_IN36244141_51500.wav,Atrapsalta_corticina,Cicadidae,http://creativecommons.org/licenses/by-nc/4.0/,bpscicada,https://www.inaturalist.org/observations/36244141,https://static.inaturalist.org/sounds/51500.wav?1575177521,,Atrapsalta_corticina,Test,,1.496453,data\raw\species40\Test\Atrapsalta_corticina_IN36244141_51500.wav
Pterophylla_camellifolia_IN62830665_143345.mp3,Pterophylla_camellifolia,Orthoptera,http://creativecommons.org/licenses/by/4.0/,Jonathan Layman,https://www.inaturalist.org/observations/62830665,https://static.inaturalist.org/sounds/143345.m4a?1602969802,,Pterophylla_camellifolia,Test,,0.288037,data\raw\species40\Test\Pterophylla_camellifolia_IN62830665_143345.mp3
Chorthippus_biguttulus_IN183062747_811560.mp3,Chorthippus_biguttulus,Orthoptera,http://creativecommons.org/licenses/by-nc/4.0/,Karol Łanocha,https://www.inaturalist.org/observations/183062747,https://static.inaturalist.org/sounds/811560.m4a?1694602439,,Chorthippus_biguttulus,Test,,0.212859,data\raw\species40\Test\Chorthippus_biguttulus_IN183062747_811560.mp3
Aleeta_curvicosta_IN69795025_165094.wav,Aleeta_curvicosta,Cicadidae,http://creativecommons.org/licenses/by-nc/4.0/,Joel Poyitt,https://www.inaturalist.org/observations/69795025,https://static.inaturalist.org/sounds/165094.wav?1613701182,,Aleeta_curvicosta,Test,,0.830096,data\raw\species40\Test\Aleeta_curvicosta_IN69795025_165094.wav
Pseudochorthippus_parallelus_XC766767.wav,Pseudochorthippus_parallelus,Orthoptera,//creativecommons.org/licenses/by-nc-sa/4.0/,Stanislas Wroza,https://xeno-canto.org/766767,https://xeno-canto.org/766767/download,,Pseudochorthippus_parallelus,Test,,1.000479,data\raw\species40\Test\Pseudochorthippus_parallelus_XC766767.wav
Cyclochila_australasiae_IN17956184_26870.wav,Cyclochila_australasiae,Cicadidae,http://creativecommons.org/licenses/by-nc/4.0/,Christie,https://www.inaturalist.org/observations/17956184,https://static.inaturalist.org/sounds/26870.wav?1540888859,,Cyclochila_australasiae,Test,,0.426565,data\raw\species40\Test\Cyclochila_australasiae_IN17956184_26870.wav
Tettigonia_cantans_IN187884092_832106.mp3,Tettigonia_cantans,Orthoptera,http://creativecommons.org/licenses/by-sa/4.0/,Pierrette Nyssen,https://www.inaturalist.org/observations/187884092,https://static.inaturalist.org/sounds/832106.mp3?1697531939,,Tettigonia_cantans,Test,,0.059313,data\raw\species40\Test\Tettigonia_cantans_IN187884092_832106.mp3
Neotibicen_robinsonianus_IN87708605_277932.mp3,Neotibicen_robinsonianus,Cicadidae,http://creativecommons.org/licenses/by-nc/4.0/,artbird,https://www.inaturalist.org/observations/87708605,https://static.inaturalist.org/sounds/277932.m4a?1626701690,,Neotibicen_robinsonianus,Test,,0.536939,data\raw\species40\Test\Neotibicen_robinsonianus_IN87708605_277932.mp3
Cicada_orni_IN86259176_271072.mp3,Cicada_orni,Cicadidae,http://creativecommons.org/licenses/by-nc/4.0/,tomazc,https://www.inaturalist.org/observations/86259176,https://static.inaturalist.org/sounds/271072.m4a?1625822195,,Cicada_orni,Test,,0.336239,data\raw\species40\Test\Cicada_orni_IN86259176_271072.mp3
Yoyetta_repetens_IN67954339_158215.mp3,Yoyetta_repetens,Cicadidae,http://creativecommons.org/licenses/by-nc/4.0/,bpscicada,https://www.inaturalist.org/observations/67954339,https://static.inaturalist.org/sounds/158215.m4a?1610452359,,Yoyetta_repetens,Test,,0.188425,data\raw\species40\Test\Yoyetta_repetens_IN67954339_158215.mp3
Cicada_orni_IN88018005_279844.mp3,Cicada_orni,Cicadidae,http://creativecommons.org/licenses/by-nc/4.0/,Luis Jordão,https://www.inaturalist.org/observations/88018005,https://static.inaturalist.org/sounds/279844.mp3?1626890261,,Cicada_orni,Test,,0.153457,data\raw\species40\Test\Cicada_orni_IN88018005_279844.mp3
Aleeta_curvicosta_IN149198013_600764.mp3,Aleeta_curvicosta,Cicadidae,http://creativecommons.org/licenses/by-nc/4.0/,bpscicada,https://www.inaturalist.org/observations/149198013,https://static.inaturalist.org/sounds/600764.m4a?1676860221,,Aleeta_curvicosta,Test,,0.142526,data\raw\species40\Test\Aleeta_curvicosta_IN149198013_600764.mp3
Roeseliana_roeselii_IN124087769_486617.wav,Roeseliana_roeselii,Orthoptera,http://creativecommons.org/licenses/by/4.0/,Daniel Linzbauer,https://www.inaturalist.org/observations/124087769,https://static.inaturalist.org/sounds/486617.wav?1656585694,,Roeseliana_roeselii,Test,,0.82956,data\raw\species40\Test\Roeseliana_roeselii_IN124087769_486617.wav
Gryllus_bimaculatus_IN123731876_483997.mp3,Gryllus_bimaculatus,Orthoptera,http://creativecommons.org/licenses/by-nc/4.0/,Purab Chowdhury,https://www.inaturalist.org/observations/123731876,https://static.inaturalist.org/sounds/483997.mp3?1656359724,,Gryllus_bimaculatus,Test,,0.597169,data\raw\species40\Test\Gryllus_bimaculatus_IN123731876_483997.mp3
Pholidoptera_griseoaptera_IN180921743_803054.mp3,Pholidoptera_griseoaptera,Orthoptera,http://creativecommons.org/licenses/by/4.0/,E. A.,https://www.inaturalist.org/observations/180921743,https://static.inaturalist.org/sounds/803054.m4a?1693408349,,Pholidoptera_griseoaptera,Test,,0.42985,data\raw\species40\Test\Pholidoptera_griseoaptera_IN180921743_803054.mp3
Chorthippus_brunneus_IN133303707_714884.mp3,Chorthippus_brunneus,Orthoptera,http://creativecommons.org/publicdomain/zero/1.0/,Nico,https://www.inaturalist.org/observations/133303707,https://static.inaturalist.org/sounds/714884.m4a?1685217529,,Chorthippus_brunneus,Test,,0.125058,data\raw\species40\Test\Chorthippus_brunneus_IN133303707_714884.mp3
Magicicada_cassini_IN79848013_229941.mp3,Magicicada_cassini,Cicadidae,http://creativecommons.org/licenses/by/4.0/,Zachary Dankowicz,https://www.inaturalist.org/observations/79848013,https://static.inaturalist.org/sounds/229941.mp3?1621717477,,Magicicada_cassini,Test,,0.047641,data\raw\species40\Test\Magicicada_cassini_IN79848013_229941.mp3
Tettigonia_cantans_IN185310967_820889.mp3,Tettigonia_cantans,Orthoptera,http://creativecommons.org/licenses/by/4.0/,E. A.,https://www.inaturalist.org/observations/185310967,https://static.inaturalist.org/sounds/820889.m4a?1695923906,,Tettigonia_cantans,Test,,0.625242,data\raw\species40\Test\Tettigonia_cantans_IN185310967_820889.mp3
Yoyetta_celis_IN97410930_318525.wav,Yoyetta_celis,Cicadidae,http://creativecommons.org/licenses/by-nc/4.0/,Christie,https://www.inaturalist.org/observations/97410930,https://static.inaturalist.org/sounds/318525.wav?1634695745,,Yoyetta_celis,Test,,0.172611,data\raw\species40\Test\Yoyetta_celis_IN97410930_318525.wav
Magicicada_cassini_IN222053294_1089198.mp3,Magicicada_cassini,Cicadidae,http://creativecommons.org/licenses/by/4.0/,Tom,https://www.inaturalist.org/observations/222053294,https://static.inaturalist.org/sounds/1089198.m4a?1718122009,,Magicicada_cassini,Test,,0.15663,data\raw\species40\Test\Magicicada_cassini_IN222053294_1089198.mp3
Cicada_orni_IN88619747_282212.mp3,Cicada_orni,Cicadidae,http://creativecommons.org/licenses/by-nc/4.0/,filipeabreu,https://www.inaturalist.org/observations/88619747,https://static.inaturalist.org/sounds/282212.m4a?1627254193,,Cicada_orni,Test,,0.311405,data\raw\species40\Test\Cicada_orni_IN88619747_282212.mp3
Microcentrum_rhombifolium_IN143233387_568342.wav,Microcentrum_rhombifolium,Orthoptera,http://creativecommons.org/licenses/by-nc/4.0/,Brian Wulker,https://www.inaturalist.org/observations/143233387,https://static.inaturalist.org/sounds/568342.wav?1669688292,,Microcentrum_rhombifolium,Test,,0.687116,data\raw\species40\Test\Microcentrum_rhombifolium_IN143233387_568342.wav
Tettigonia_viridissima_XC850569.wav,Tettigonia_viridissima,Orthoptera,//creativecommons.org/licenses/by-sa/4.0/,Baudewijn Odé,https://xeno-canto.org/850569,https://xeno-canto.org/850569/download,,Tettigonia_viridissima,Test,,0.269367,data\raw\species40\Test\Tettigonia_viridissima_XC850569.wav
Pholidoptera_griseoaptera_IN183104988_811710.mp3,Pholidoptera_griseoaptera,Orthoptera,http://creativecommons.org/licenses/by-nc/4.0/,Karol Łanocha,https://www.inaturalist.org/observations/183104988,https://static.inaturalist.org/sounds/811710.m4a?1694626312,,Pholidoptera_griseoaptera,Test,,0.249404,data\raw\species40\Test\Pholidoptera_griseoaptera_IN183104988_811710.mp3
Neotibicen_canicularis_IN30912704_45522.mp3,Neotibicen_canicularis,Cicadidae,http://creativecommons.org/licenses/by-nc/4.0/,Sydney,https://www.inaturalist.org/observations/30912704,https://static.inaturalist.org/sounds/45522.mp3?1565923810,,Neotibicen_canicularis,Test,,0.265998,data\raw\species40\Test\Neotibicen_canicularis_IN30912704_45522.mp3
Yoyetta_celis_IN62877771_143489.wav,Yoyetta_celis,Cicadidae,http://creativecommons.org/licenses/by-nc/4.0/,Joel Poyitt,https://www.inaturalist.org/observations/62877771,https://static.inaturalist.org/sounds/143489.mpga?1603013725,,Yoyetta_celis,Test,,1.86763,data\raw\species40\Test\Yoyetta_celis_IN62877771_143489.wav
Tettigonia_viridissima_XC926569.wav,Tettigonia_viridissima,Orthoptera,//creativecommons.org/licenses/by-nc-sa/4.0/,José Carlos Sires,https://xeno-canto.org/926569,https://xeno-canto.org/926569/download,,Tettigonia_viridissima,Test,31.0,1.405049,data\raw\species40\Test\Tettigonia_viridissima_XC926569.wav
Gryllus_bimaculatus_IN189321198_838551.mp3,Gryllus_bimaculatus,Orthoptera,http://creativecommons.org/licenses/by-nc/4.0/,Hubert Szczygieł,https://www.inaturalist.org/observations/189321198,https://static.inaturalist.org/sounds/838551.m4a?1698564005,,Gryllus_bimaculatus,Test,,0.093032,data\raw\species40\Test\Gryllus_bimaculatus_IN189321198_838551.mp3
Atrapsalta_corticina_IN198117794_887757.mp3,Atrapsalta_corticina,Cicadidae,http://creativecommons.org/licenses/by-nc/4.0/,Joel Poyitt,https://www.inaturalist.org/observations/198117794,https://static.inaturalist.org/sounds/887757.m4a?1706772919,,Atrapsalta_corticina,Test,,0.467158,data\raw\species40\Test\Atrapsalta_corticina_IN198117794_887757.mp3
Pterophylla_camellifolia_IN184603729_817994.wav,Pterophylla_camellifolia,Orthoptera,http://creativecommons.org/licenses/by-nc/4.0/,Cody Porter,https://www.inaturalist.org/observations/184603729,https://static.inaturalist.org/sounds/817994.wav?1695507564,,Pterophylla_camellifolia,Test,,0.212768,data\raw\species40\Test\Pterophylla_camellifolia_IN184603729_817994.wav
Pterophylla_camellifolia_IN137700087_545522.wav,Pterophylla_camellifolia,Orthoptera,http://creativecommons.org/publicdomain/zero/1.0/,flika10,https://www.inaturalist.org/observations/137700087,https://static.inaturalist.org/sounds/545522.wav?1665017497,,Pterophylla_camellifolia,Test,,0.470539,data\raw\species40\Test\Pterophylla_camellifolia_IN137700087_545522.wav
Psaltoda_plaga_IN100809305_327858.mp3,Psaltoda_plaga,Cicadidae,http://creativecommons.org/licenses/by-nc/4.0/,Ben McBurney,https://www.inaturalist.org/observations/100809305,https://static.inaturalist.org/sounds/327858.mp3?1636589268,,Psaltoda_plaga,Test,,0.080755,data\raw\species40\Test\Psaltoda_plaga_IN100809305_327858.mp3
Yoyetta_celis_IN34622939_48749.wav,Yoyetta_celis,Cicadidae,http://creativecommons.org/licenses/by-nc/4.0/,Christie,https://www.inaturalist.org/observations/34622939,https://static.inaturalist.org/sounds/48749.wav?1571567937,,Yoyetta_celis,Test,,0.268163,data\raw\species40\Test\Yoyetta_celis_IN34622939_48749.wav
Cicada_barbara_IN125848311_497042.mp3,Cicada_barbara,Cicadidae,http://creativecommons.org/licenses/by-nc/4.0/,Nelson Conceição,https://www.inaturalist.org/observations/125848311,https://static.inaturalist.org/sounds/497042.mp3?1657577824,,Cicada_barbara,Test,,0.132688,data\raw\species40\Test\Cicada_barbara_IN125848311_497042.mp3
Gryllotalpa_gryllotalpa_IN156781863_657394.mp3,Gryllotalpa_gryllotalpa,Orthoptera,http://creativecommons.org/licenses/by-nc/4.0/,lvdr,https://www.inaturalist.org/observations/156781863,https://static.inaturalist.org/sounds/657394.m4a?1682538286,,Gryllotalpa_gryllotalpa,Test,,0.374155,data\raw\species40\Test\Gryllotalpa_gryllotalpa_IN156781863_657394.mp3
Conocephalus_fuscus_IN131744907_524314.mp3,Conocephalus_fuscus,Orthoptera,http://creativecommons.org/licenses/by/4.0/,snaily_naily173,https://www.inaturalist.org/observations/131744907,https://static.inaturalist.org/sounds/524314.mp3?1661097642,,Conocephalus_fuscus,Test,,0.066451,data\raw\species40\Test\Conocephalus_fuscus_IN131744907_524314.mp3
Pterophylla_camellifolia_IN90211216_288472.mp3,Pterophylla_camellifolia,Orthoptera,http://creativecommons.org/licenses/by-nc/4.0/,Kyle Aldinger,https://www.inaturalist.org/observations/90211216,https://static.inaturalist.org/sounds/288472.m4a?1628298137,,Pterophylla_camellifolia,Test,,0.174087,data\raw\species40\Test\Pterophylla_camellifolia_IN90211216_288472.mp3
Tettigonia_viridissima_IN130835048_520558.wav,Tettigonia_viridissima,Orthoptera,http://creativecommons.org/licenses/by-nc/4.0/,David Nayer,https://www.inaturalist.org/observations/130835048,https://static.inaturalist.org/sounds/520558.wav?1660506969,,Tettigonia_viridissima,Test,,1.615763,data\raw\species40\Test\Tettigonia_viridissima_IN130835048_520558.wav
Neotibicen_tibicen_IN52041708_117044.wav,Neotibicen_tibicen,Cicadidae,http://creativecommons.org/licenses/by-nc/4.0/,Cosmic Cat,https://www.inaturalist.org/observations/52041708,https://static.inaturalist.org/sounds/117044.wav?1593969009,,Neotibicen_tibicen,Test,,1.367684,data\raw\species40\Test\Neotibicen_tibicen_IN52041708_117044.wav
Gryllus_campestris_IN218445448_1061736.mp3,Gryllus_campestris,Orthoptera,http://creativecommons.org/licenses/by-nc/4.0/,Shumik A,https://www.inaturalist.org/observations/218445448,https://static.inaturalist.org/sounds/1061736.mp3?1716747542,,Gryllus_campestris,Test,,0.067237,data\raw\species40\Test\Gryllus_campestris_IN218445448_1061736.mp3
Cicada_barbara_IN85067125_264959.mp3,Cicada_barbara,Cicadidae,http://creativecommons.org/licenses/by/4.0/,Duarte Frade,https://www.inaturalist.org/observations/85067125,https://static.inaturalist.org/sounds/264959.mp3?1625041916,,Cicada_barbara,Test,,0.232027,data\raw\species40\Test\Cicada_barbara_IN85067125_264959.mp3
Platycleis_albopunctata_XC778783.wav,Platycleis_albopunctata,Orthoptera,//creativecommons.org/licenses/by-nc-sa/4.0/,Benjamin Drillat,https://xeno-canto.org/778783,https://xeno-canto.org/778783/download,,Platycleis_albopunctata,Test,,2.711747,data\raw\species40\Test\Platycleis_albopunctata_XC778783.wav
Aleeta_curvicosta_IN19684767_30274.wav,Aleeta_curvicosta,Cicadidae,http://creativecommons.org/licenses/by-nc/4.0/,Christie,https://www.inaturalist.org/observations/19684767,https://static.inaturalist.org/sounds/30274.wav?1547691378,,Aleeta_curvicosta,Test,,0.720008,data\raw\species40\Test\Aleeta_curvicosta_IN19684767_30274.wav
Atrapsalta_corticina_IN189286307_838426.wav,Atrapsalta_corticina,Cicadidae,http://creativecommons.org/licenses/by-nc/4.0/,Christie,https://www.inaturalist.org/observations/189286307,https://static.inaturalist.org/sounds/838426.wav?1698535190,,Atrapsalta_corticina,Test,,0.727303,data\raw\species40\Test\Atrapsalta_corticina_IN189286307_838426.wav
Eumodicogryllus_bordigalensis_IN175795016_781619.wav,Eumodicogryllus_bordigalensis,Orthoptera,http://creativecommons.org/licenses/by-nc/4.0/,Sylvain Eichhorn,https://www.inaturalist.org/observations/175795016,https://static.inaturalist.org/sounds/781619.wav?1690745551,,Eumodicogryllus_bordigalensis,Test,,0.570418,data\raw\species40\Test\Eumodicogryllus_bordigalensis_IN175795016_781619.wav
Chorthippus_biguttulus_IN177367181_788369.wav,Chorthippus_biguttulus,Orthoptera,http://creativecommons.org/licenses/by/4.0/,Daniel Linzbauer,https://www.inaturalist.org/observations/177367181,https://static.inaturalist.org/sounds/788369.wav?1691513565,,Chorthippus_biguttulus,Test,,0.468835,data\raw\species40\Test\Chorthippus_biguttulus_IN177367181_788369.wav
Oecanthus_pellucens_IN94229944_303507.mp3,Oecanthus_pellucens,Orthoptera,http://creativecommons.org/licenses/by-nc/4.0/,zighost,https://www.inaturalist.org/observations/94229944,https://static.inaturalist.org/sounds/303507.mp3?1631204685,,Oecanthus_pellucens,Test,,0.460289,data\raw\species40\Test\Oecanthus_pellucens_IN94229944_303507.mp3
Gryllus_campestris_IN118388651_448665.mp3,Gryllus_campestris,Orthoptera,http://creativecommons.org/licenses/by-nc/4.0/,paola,https://www.inaturalist.org/observations/118388651,https://static.inaturalist.org/sounds/448665.m4a?1653323987,,Gryllus_campestris,Test,,0.066197,data\raw\species40\Test\Gryllus_campestris_IN118388651_448665.mp3
Pterophylla_camellifolia_IN94882065_305537.mp3,Pterophylla_camellifolia,Orthoptera,http://creativecommons.org/licenses/by-nc/4.0/,matthew_wills,https://www.inaturalist.org/observations/94882065,https://static.inaturalist.org/sounds/305537.m4a?1631664315,,Pterophylla_camellifolia,Test,,0.170612,data\raw\species40\Test\Pterophylla_camellifolia_IN94882065_305537.mp3
Galanga_labeculata_IN193254762_856927.mp3,Galanga_labeculata,Cicadidae,http://creativecommons.org/licenses/by-nc/4.0/,Joel Poyitt,https://www.inaturalist.org/observations/193254762,https://static.inaturalist.org/sounds/856927.m4a?1701907422,,Galanga_labeculata,Test,,0.206015,data\raw\species40\Test\Galanga_labeculata_IN193254762_856927.mp3
Conocephalus_fuscus_IN185920179_823749.mp3,Conocephalus_fuscus,Orthoptera,http://creativecommons.org/licenses/by-nc/4.0/,Africa Gomez,https://www.inaturalist.org/observations/185920179,https://static.inaturalist.org/sounds/823749.m4a?1696263600,,Conocephalus_fuscus,Test,,0.223259,data\raw\species40\Test\Conocephalus_fuscus_IN185920179_823749.mp3
Cystosoma_saundersii_IN144976205_575824.mp3,Cystosoma_saundersii,Cicadidae,http://creativecommons.org/licenses/by-nc/4.0/,Joel Poyitt,https://www.inaturalist.org/observations/144976205,https://static.inaturalist.org/sounds/575824.m4a?1671876222,,Cystosoma_saundersii,Test,,0.130039,data\raw\species40\Test\Cystosoma_saundersii_IN144976205_575824.mp3
Pterophylla_camellifolia_IN48905044_104238.wav,Pterophylla_camellifolia,Orthoptera,http://creativecommons.org/licenses/by-nc/4.0/,"Clifton Ladd, C.W.B.",https://www.inaturalist.org/observations/48905044,https://static.inaturalist.org/sounds/104238.wav?1591622232,,Pterophylla_camellifolia,Test,,2.549784,data\raw\species40\Test\Pterophylla_camellifolia_IN48905044_104238.wav
Tettigettalna_argentata_IN125848312_497047.mp3,Tettigettalna_argentata,Cicadidae,http://creativecommons.org/licenses/by-nc/4.0/,Nelson Conceição,https://www.inaturalist.org/observations/125848312,https://static.inaturalist.org/sounds/497047.mp3?1657578145,,Tettigettalna_argentata,Test,,0.843191,data\raw\species40\Test\Tettigettalna_argentata_IN125848312_497047.mp3
Aleeta_curvicosta_IN66080378_152243.wav,Aleeta_curvicosta,Cicadidae,http://creativecommons.org/licenses/by-nc/4.0/,bpscicada,https://www.inaturalist.org/observations/66080378,https://static.inaturalist.org/sounds/152243.wav?1607063118,,Aleeta_curvicosta,Test,,0.801728,data\raw\species40\Test\Aleeta_curvicosta_IN66080378_152243.wav
Magicicada_cassini_IN81037148_240487.mp3,Magicicada_cassini,Cicadidae,http://creativecommons.org/publicdomain/zero/1.0/,Martin Kalfatovic,https://www.inaturalist.org/observations/81037148,https://static.inaturalist.org/sounds/240487.m4a?1622473798,,Magicicada_cassini,Test,,0.122468,data\raw\species40\Test\Magicicada_cassini_IN81037148_240487.mp3
Eumodicogryllus_bordigalensis_IN44758770_82537.wav,Eumodicogryllus_bordigalensis,Orthoptera,http://creativecommons.org/licenses/by/4.0/,Yves Bas,https://www.inaturalist.org/observations/44758770,https://static.inaturalist.org/sounds/82537.wav?1588527138,,Eumodicogryllus_bordigalensis,Test,,0.52885,data\raw\species40\Test\Eumodicogryllus_bordigalensis_IN44758770_82537.wav
Chorthippus_mollis_IN189669433_839958.mp3,Chorthippus_mollis,Orthoptera,http://creativecommons.org/licenses/by-nc/4.0/,Tomáš Dvořák,https://www.inaturalist.org/observations/189669433,https://static.inaturalist.org/sounds/839958.m4a?1698851317,,Chorthippus_mollis,Test,,0.121208,data\raw\species40\Test\Chorthippus_mollis_IN189669433_839958.mp3
Gryllus_campestris_IN121210549_467759.mp3,Gryllus_campestris,Orthoptera,http://creativecommons.org/licenses/by-nc/4.0/,mobbini,https://www.inaturalist.org/observations/121210549,https://static.inaturalist.org/sounds/467759.mp3?1654941912,,Gryllus_campestris,Test,,0.075601,data\raw\species40\Test\Gryllus_campestris_IN121210549_467759.mp3
Popplepsalta_notialis_IN19283393_28699.wav,Popplepsalta_notialis,Cicadidae,http://creativecommons.org/licenses/by-nc/4.0/,Christie,https://www.inaturalist.org/observations/19283393,https://static.inaturalist.org/sounds/28699.wav?1546064932,,Popplepsalta_notialis,Test,,0.769003,data\raw\species40\Test\Popplepsalta_notialis_IN19283393_28699.wav
Neotibicen_robinsonianus_IN229146027_1131374.mp3,Neotibicen_robinsonianus,Cicadidae,http://creativecommons.org/licenses/by-nc/4.0/,Dan Hodges,https://www.inaturalist.org/observations/229146027,https://static.inaturalist.org/sounds/1131374.m4a?1720914676,,Neotibicen_robinsonianus,Test,,0.114232,data\raw\species40\Test\Neotibicen_robinsonianus_IN229146027_1131374.mp3
Meimuna_opalifera_IN134543271_533972.mp3,Meimuna_opalifera,Cicadidae,http://creativecommons.org/licenses/by-nc/4.0/,chiffon14,https://www.inaturalist.org/observations/134543271,https://static.inaturalist.org/sounds/533972.m4a?1662879558,,Meimuna_opalifera,Test,,0.079399,data\raw\species40\Test\Meimuna_opalifera_IN134543271_533972.mp3
Yoyetta_celis_IN65976011_151905.wav,Yoyetta_celis,Cicadidae,http://creativecommons.org/publicdomain/zero/1.0/,Claudia Schipp,https://www.inaturalist.org/observations/65976011,https://static.inaturalist.org/sounds/151905.wav?1606869525,,Yoyetta_celis,Test,,1.039083,data\raw\species40\Test\Yoyetta_celis_IN65976011_151905.wav
Tettigettalna_argentata_IN177656675_789511.mp3,Tettigettalna_argentata,Cicadidae,http://creativecommons.org/licenses/by-nc/4.0/,Carlos Pinheiro,https://www.inaturalist.org/observations/177656675,https://static.inaturalist.org/sounds/789511.mp3?1691671845,,Tettigettalna_argentata,Test,,0.255619,data\raw\species40\Test\Tettigettalna_argentata_IN177656675_789511.mp3
Gryllotalpa_gryllotalpa_IN214657761_1028186.wav,Gryllotalpa_gryllotalpa,Orthoptera,http://creativecommons.org/licenses/by-nc/4.0/,Benjamin Schmid,https://www.inaturalist.org/observations/214657761,https://static.inaturalist.org/sounds/1028186.wav?1715286167,,Gryllotalpa_gryllotalpa,Test,,0.444938,data\raw\species40\Test\Gryllotalpa_gryllotalpa_IN214657761_1028186.wav
Cicada_barbara_IN131187724_521995.mp3,Cicada_barbara,Cicadidae,http://creativecommons.org/licenses/by-nc/4.0/,Daniel Raposo,https://www.inaturalist.org/observations/131187724,https://static.inaturalist.org/sounds/521995.mp3?1660738007,,Cicada_barbara,Test,,0.307995,data\raw\species40\Test\Cicada_barbara_IN131187724_521995.mp3
Gryllotalpa_gryllotalpa_IN47116039_95181.wav,Gryllotalpa_gryllotalpa,Orthoptera,http://creativecommons.org/licenses/by-nc/4.0/,Damiano,https://www.inaturalist.org/observations/47116039,https://static.inaturalist.org/sounds/95181.mpga?1590330423,,Gryllotalpa_gryllotalpa,Test,,1.682884,data\raw\species40\Test\Gryllotalpa_gryllotalpa_IN47116039_95181.wav
Psaltoda_plaga_IN20860911_31886.wav,Psaltoda_plaga,Cicadidae,http://creativecommons.org/licenses/by-nc/4.0/,Christie,https://www.inaturalist.org/observations/20860911,https://static.inaturalist.org/sounds/31886.wav?1551838972,,Psaltoda_plaga,Test,,0.411438,data\raw\species40\Test\Psaltoda_plaga_IN20860911_31886.wav
Pholidoptera_griseoaptera_IN184732638_818534.mp3,Pholidoptera_griseoaptera,Orthoptera,http://creativecommons.org/licenses/by-nc/4.0/,Karol Łanocha,https://www.inaturalist.org/observations/184732638,https://static.inaturalist.org/sounds/818534.m4a?1695577881,,Pholidoptera_griseoaptera,Test,,0.495328,data\raw\species40\Test\Pholidoptera_griseoaptera_IN184732638_818534.mp3
Pterophylla_camellifolia_IN172611055_767489.wav,Pterophylla_camellifolia,Orthoptera,http://creativecommons.org/licenses/by-nc/4.0/,hr_dragonfly,https://www.inaturalist.org/observations/172611055,https://static.inaturalist.org/sounds/767489.wav?1689215034,,Pterophylla_camellifolia,Test,,0.685596,data\raw\species40\Test\Pterophylla_camellifolia_IN172611055_767489.wav
Yoyetta_celis_IN9531044_17339.wav,Yoyetta_celis,Cicadidae,http://creativecommons.org/licenses/by-nc/4.0/,Christie,https://www.inaturalist.org/observations/9531044,https://static.inaturalist.org/sounds/17339.wav?1516701929,,Yoyetta_celis,Test,,0.124942,data\raw\species40\Test\Yoyetta_celis_IN9531044_17339.wav
Magicicada_septendecim_IN81309825_242467.wav,Magicicada_septendecim,Cicadidae,http://creativecommons.org/licenses/by-nc/4.0/,Ken Dobson,https://www.inaturalist.org/observations/81309825,https://static.inaturalist.org/sounds/242467.wav?1622646776,,Magicicada_septendecim,Test,,0.612982,data\raw\species40\Test\Magicicada_septendecim_IN81309825_242467.wav
Neotibicen_robinsonianus_IN55603822_127999.mp3,Neotibicen_robinsonianus,Cicadidae,http://creativecommons.org/licenses/by-nc/4.0/,bonnieeamick,https://www.inaturalist.org/observations/55603822,https://static.inaturalist.org/sounds/127999.mp3?1596727490,,Neotibicen_robinsonianus,Test,,0.131631,data\raw\species40\Test\Neotibicen_robinsonianus_IN55603822_127999.mp3
Pterophylla_camellifolia_IN172263815_765858.wav,Pterophylla_camellifolia,Orthoptera,http://creativecommons.org/licenses/by-nc/4.0/,thoscole,https://www.inaturalist.org/observations/172263815,https://static.inaturalist.org/sounds/765858.wav?1689039865,,Pterophylla_camellifolia,Test,,0.271301,data\raw\species40\Test\Pterophylla_camellifolia_IN172263815_765858.wav
Aleeta_curvicosta_IN149008068_599391.mp3,Aleeta_curvicosta,Cicadidae,http://creativecommons.org/licenses/by-nc/4.0/,Colin Trainor,https://www.inaturalist.org/observations/149008068,https://static.inaturalist.org/sounds/599391.m4a?1676685412,,Aleeta_curvicosta,Test,,0.40112,data\raw\species40\Test\Aleeta_curvicosta_IN149008068_599391.mp3
Cystosoma_saundersii_IN18515136_27483.mp3,Cystosoma_saundersii,Cicadidae,http://creativecommons.org/licenses/by-nc/4.0/,Joel Poyitt,https://www.inaturalist.org/observations/18515136,https://static.inaturalist.org/sounds/27483.m4a?1648746598,,Cystosoma_saundersii,Test,,0.154742,data\raw\species40\Test\Cystosoma_saundersii_IN18515136_27483.mp3
Cicada_orni_IN122635696_477221.mp3,Cicada_orni,Cicadidae,http://creativecommons.org/licenses/by-nc/4.0/,Mathis Garro,https://www.inaturalist.org/observations/122635696,https://static.inaturalist.org/sounds/477221.m4a?1655726386,,Cicada_orni,Test,,0.180502,data\raw\species40\Test\Cicada_orni_IN122635696_477221.mp3
Cicada_orni_IN90237802_288593.mp3,Cicada_orni,Cicadidae,http://creativecommons.org/licenses/by-nc/4.0/,libibi,https://www.inaturalist.org/observations/90237802,https://static.inaturalist.org/sounds/288593.m4a?1628327047,,Cicada_orni,Test,,0.215511,data\raw\species40\Test\Cicada_orni_IN90237802_288593.mp3
Gryllus_campestris_IN228822777_1129628.wav,Gryllus_campestris,Orthoptera,http://creativecommons.org/licenses/by-nc/4.0/,João Lima,https://www.inaturalist.org/observations/228822777,https://static.inaturalist.org/sounds/1129628.wav?1720791316,,Gryllus_campestris,Test,,2.367296,data\raw\species40\Test\Gryllus_campestris_IN228822777_1129628.wav
Magicicada_cassini_IN82068833_247740.wav,Magicicada_cassini,Cicadidae,http://creativecommons.org/licenses/by-nc/4.0/,gittelis,https://www.inaturalist.org/observations/82068833,https://static.inaturalist.org/sounds/247740.wav?1623095656,,Magicicada_cassini,Test,,1.398919,data\raw\species40\Test\Magicicada_cassini_IN82068833_247740.wav
Tettigonia_viridissima_XC906121.wav,Tettigonia_viridissima,Orthoptera,//creativecommons.org/licenses/by-nc-sa/4.0/,Tomás Gris,https://xeno-canto.org/906121,https://xeno-canto.org/906121/download,"Chorthippus jacobsi, Chorthippus apicalis",Tettigonia_viridissima,Test,29.0,1.729544,data\raw\species40\Test\Tettigonia_viridissima_XC906121.wav
Psaltoda_plaga_IN196391132_874462.mp3,Psaltoda_plaga,Cicadidae,http://creativecommons.org/licenses/by-nc/4.0/,bulldog_bri,https://www.inaturalist.org/observations/196391132,https://static.inaturalist.org/sounds/874462.m4a?1705021614,,Psaltoda_plaga,Test,,0.447612,data\raw\species40\Test\Psaltoda_plaga_IN196391132_874462.mp3
Gryllus_campestris_IN161793760_698306.mp3,Gryllus_campestris,Orthoptera,http://creativecommons.org/licenses/by-nc/4.0/,Laurent Barthe,https://www.inaturalist.org/observations/161793760,https://static.inaturalist.org/sounds/698306.mp3?1684156460,,Gryllus_campestris,Test,,0.121988,data\raw\species40\Test\Gryllus_campestris_IN161793760_698306.mp3
Oecanthus_pellucens_IN177882036_790478.mp3,Oecanthus_pellucens,Orthoptera,http://creativecommons.org/licenses/by-nc/4.0/,Jakob Fahr,https://www.inaturalist.org/observations/177882036,https://static.inaturalist.org/sounds/790478.m4a?1691785264,,Oecanthus_pellucens,Test,,0.280508,data\raw\species40\Test\Oecanthus_pellucens_IN177882036_790478.mp3
Decticus_albifrons_IN181335625_804872.wav,Decticus_albifrons,Orthoptera,http://creativecommons.org/licenses/by/4.0/,Yves Bas,https://www.inaturalist.org/observations/181335625,https://static.inaturalist.org/sounds/804872.wav?1693651493,,Decticus_albifrons,Test,,0.950258,data\raw\species40\Test\Decticus_albifrons_IN181335625_804872.wav
Cicada_barbara_IN89233559_284555.wav,Cicada_barbara,Cicadidae,http://creativecommons.org/licenses/by-nc/4.0/,jcordeiro,https://www.inaturalist.org/observations/89233559,https://static.inaturalist.org/sounds/284555.wav?1627675363,,Cicada_barbara,Test,,2.728984,data\raw\species40\Test\Cicada_barbara_IN89233559_284555.wav
Popplepsalta_notialis_IN191916529_849911.mp3,Popplepsalta_notialis,Cicadidae,http://creativecommons.org/licenses/by/4.0/,Thomas Mesaglio,https://www.inaturalist.org/observations/191916529,https://static.inaturalist.org/sounds/849911.m4a?1700808328,,Popplepsalta_notialis,Test,,0.31412,data\raw\species40\Test\Popplepsalta_notialis_IN191916529_849911.mp3
Pterophylla_camellifolia_IN34634634_48762.mp3,Pterophylla_camellifolia,Orthoptera,http://creativecommons.org/licenses/by-nc/4.0/,Annkatrin Rose,https://www.inaturalist.org/observations/34634634,https://static.inaturalist.org/sounds/48762.mp3?1571585435,,Pterophylla_camellifolia,Test,,0.054846,data\raw\species40\Test\Pterophylla_camellifolia_IN34634634_48762.mp3
Cyclochila_australasiae_IN144137845_571919.wav,Cyclochila_australasiae,Cicadidae,http://creativecommons.org/licenses/by-nc/4.0/,Christie,https://www.inaturalist.org/observations/144137845,https://static.inaturalist.org/sounds/571919.wav?1670749746,,Cyclochila_australasiae,Test,,0.388401,data\raw\species40\Test\Cyclochila_australasiae_IN144137845_571919.wav
Neotibicen_tibicen_IN172996958_769542.mp3,Neotibicen_tibicen,Cicadidae,http://creativecommons.org/licenses/by-nc/4.0/,aaronr,https://www.inaturalist.org/observations/172996958,https://static.inaturalist.org/sounds/769542.m4a?1689423527,,Neotibicen_tibicen,Test,,0.294784,data\raw\species40\Test\Neotibicen_tibicen_IN172996958_769542.mp3
Yoyetta_celis_IN97610921_314313.wav,Yoyetta_celis,Cicadidae,http://creativecommons.org/licenses/by-nc/4.0/,Christie,https://www.inaturalist.org/observations/97610921,https://static.inaturalist.org/sounds/314313.wav?1633758641,,Yoyetta_celis,Test,,0.048683,data\raw\species40\Test\Yoyetta_celis_IN97610921_314313.wav
Pholidoptera_griseoaptera_IN35172041_49641.mp3,Pholidoptera_griseoaptera,Orthoptera,http://creativecommons.org/licenses/by-nc/4.0/,mobbini,https://www.inaturalist.org/observations/35172041,https://static.inaturalist.org/sounds/49641.mp3?1572633553,,Pholidoptera_griseoaptera,Test,,0.304591,data\raw\species40\Test\Pholidoptera_griseoaptera_IN35172041_49641.mp3
Cicada_orni_IN50974309_111983.mp3,Cicada_orni,Cicadidae,http://creativecommons.org/licenses/by-nc/4.0/,migr,https://www.inaturalist.org/observations/50974309,https://static.inaturalist.org/sounds/111983.mp3?1593169961,,Cicada_orni,Test,,0.361899,data\raw\species40\Test\Cicada_orni_IN50974309_111983.mp3
Magicicada_septendecim_IN82451859_250041.mp3,Magicicada_septendecim,Cicadidae,http://creativecommons.org/licenses/by-nc/4.0/,Antoni W.,https://www.inaturalist.org/observations/82451859,https://static.inaturalist.org/sounds/250041.m4a?1623349490,,Magicicada_septendecim,Test,,0.227883,data\raw\species40\Test\Magicicada_septendecim_IN82451859_250041.mp3
Chorthippus_biguttulus_IN191774394_849159.mp3,Chorthippus_biguttulus,Orthoptera,http://creativecommons.org/licenses/by/4.0/,E. A.,https://www.inaturalist.org/observations/191774394,https://static.inaturalist.org/sounds/849159.m4a?1700675706,,Chorthippus_biguttulus,Test,,0.425356,data\raw\species40\Test\Chorthippus_biguttulus_IN191774394_849159.mp3
Yoyetta_celis_IN185260686_820615.mp3,Yoyetta_celis,Cicadidae,http://creativecommons.org/licenses/by/4.0/,Thomas Mesaglio,https://www.inaturalist.org/observations/185260686,https://static.inaturalist.org/sounds/820615.m4a?1695898811,,Yoyetta_celis,Test,,0.556062,data\raw\species40\Test\Yoyetta_celis_IN185260686_820615.mp3
Yoyetta_celis_IN19037280_28324.wav,Yoyetta_celis,Cicadidae,http://creativecommons.org/licenses/by-nc/4.0/,Christie,https://www.inaturalist.org/observations/19037280,https://static.inaturalist.org/sounds/28324.wav?1544942603,,Yoyetta_celis,Test,,0.195155,data\raw\species40\Test\Yoyetta_celis_IN19037280_28324.wav
Gryllus_bimaculatus_XC446541.mp3,Gryllus_bimaculatus,Orthoptera,//creativecommons.org/licenses/by-nc-sa/4.0/,Baudewijn Odé,https://xeno-canto.org/446541,https://xeno-canto.org/446541/download,,Gryllus_bimaculatus,Test,,0.158564,data\raw\species40\Test\Gryllus_bimaculatus_XC446541.mp3
Neotibicen_tibicen_IN55912025_128825.wav,Neotibicen_tibicen,Cicadidae,http://creativecommons.org/licenses/by-nc/4.0/,Kristin A. Bakkegard,https://www.inaturalist.org/observations/55912025,https://static.inaturalist.org/sounds/128825.wav?1596982492,,Neotibicen_tibicen,Test,,2.532595,data\raw\species40\Test\Neotibicen_tibicen_IN55912025_128825.wav
Roeseliana_roeselii_IN134618182_534215.mp3,Roeseliana_roeselii,Orthoptera,http://creativecommons.org/licenses/by/4.0/,snaily_naily173,https://www.inaturalist.org/observations/134618182,https://static.inaturalist.org/sounds/534215.mp3?1662921687,,Roeseliana_roeselii,Test,,0.158654,data\raw\species40\Test\Roeseliana_roeselii_IN134618182_534215.mp3
Tettigonia_viridissima_IN189359438_838745.mp3,Tettigonia_viridissima,Orthoptera,http://creativecommons.org/licenses/by-nc/4.0/,mobbini,https://www.inaturalist.org/observations/189359438,https://static.inaturalist.org/sounds/838745.mp3?1698593713,,Tettigonia_viridissima,Test,,0.090017,data\raw\species40\Test\Tettigonia_viridissima_IN189359438_838745.mp3
Aleeta_curvicosta_IN37213113_53957.mp3,Aleeta_curvicosta,Cicadidae,http://creativecommons.org/licenses/by-nc/4.0/,Joel Poyitt,https://www.inaturalist.org/observations/37213113,https://static.inaturalist.org/sounds/53957.m4a?1578016839,,Aleeta_curvicosta,Test,,0.380642,data\raw\species40\Test\Aleeta_curvicosta_IN37213113_53957.mp3
Chorthippus_biguttulus_IN185308649_820881.mp3,Chorthippus_biguttulus,Orthoptera,http://creativecommons.org/licenses/by/4.0/,E. A.,https://www.inaturalist.org/observations/185308649,https://static.inaturalist.org/sounds/820881.m4a?1695922969,,Chorthippus_biguttulus,Test,,0.289107,data\raw\species40\Test\Chorthippus_biguttulus_IN185308649_820881.mp3
Tettigonia_viridissima_IN181241280_804347.mp3,Tettigonia_viridissima,Orthoptera,http://creativecommons.org/licenses/by-nc/4.0/,Karol Łanocha,https://www.inaturalist.org/observations/181241280,https://static.inaturalist.org/sounds/804347.m4a?1693594815,,Tettigonia_viridissima,Test,,0.249439,data\raw\species40\Test\Tettigonia_viridissima_IN181241280_804347.mp3
Gryllus_campestris_IN156396535_654647.mp3,Gryllus_campestris,Orthoptera,http://creativecommons.org/licenses/by-nc/4.0/,Croc O'Dyle,https://www.inaturalist.org/observations/156396535,https://static.inaturalist.org/sounds/654647.m4a?1682333621,,Gryllus_campestris,Test,,0.110673,data\raw\species40\Test\Gryllus_campestris_IN156396535_654647.mp3
Pholidoptera_griseoaptera_IN92661422_297570.wav,Pholidoptera_griseoaptera,Orthoptera,http://creativecommons.org/licenses/by/4.0/,Yves Bas,https://www.inaturalist.org/observations/92661422,https://static.inaturalist.org/sounds/297570.wav?1630066508,,Pholidoptera_griseoaptera,Test,,0.428569,data\raw\species40\Test\Pholidoptera_griseoaptera_IN92661422_297570.wav
Magicicada_cassini_IN82081564_247832.mp3,Magicicada_cassini,Cicadidae,http://creativecommons.org/publicdomain/zero/1.0/,Martin Kalfatovic,https://www.inaturalist.org/observations/82081564,https://static.inaturalist.org/sounds/247832.m4a?1623102577,,Magicicada_cassini,Test,,0.264811,data\raw\species40\Test\Magicicada_cassini_IN82081564_247832.mp3
Gryllus_campestris_IN215343798_1034829.mp3,Gryllus_campestris,Orthoptera,http://creativecommons.org/licenses/by-nc/4.0/,Sylvain G,https://www.inaturalist.org/observations/215343798,https://static.inaturalist.org/sounds/1034829.mp3?1715544804,,Gryllus_campestris,Test,,0.042669,data\raw\species40\Test\Gryllus_campestris_IN215343798_1034829.mp3
Tettigonia_viridissima_IN173083505_769887.mp3,Tettigonia_viridissima,Orthoptera,http://creativecommons.org/licenses/by-nc/4.0/,njbell,https://www.inaturalist.org/observations/173083505,https://static.inaturalist.org/sounds/769887.m4a?1689452343,,Tettigonia_viridissima,Test,,0.254855,data\raw\species40\Test\Tettigonia_viridissima_IN173083505_769887.mp3
Popplepsalta_notialis_IN185864423_824101.wav,Popplepsalta_notialis,Cicadidae,http://creativecommons.org/licenses/by-nc/4.0/,Christie,https://www.inaturalist.org/observations/185864423,https://static.inaturalist.org/sounds/824101.wav?1696321105,,Popplepsalta_notialis,Test,,0.381724,data\raw\species40\Test\Popplepsalta_notialis_IN185864423_824101.wav
Chorthippus_mollis_IN134553715_534019.mp3,Chorthippus_mollis,Orthoptera,http://creativecommons.org/licenses/by-nc/4.0/,Тимофей Палкин,https://www.inaturalist.org/observations/134553715,https://static.inaturalist.org/sounds/534019.m4a?1662890412,,Chorthippus_mollis,Test,,0.285315,data\raw\species40\Test\Chorthippus_mollis_IN134553715_534019.mp3
Chorthippus_biguttulus_IN177206095_787744.mp3,Chorthippus_biguttulus,Orthoptera,http://creativecommons.org/licenses/by-nc/4.0/,jollero,https://www.inaturalist.org/observations/177206095,https://static.inaturalist.org/sounds/787744.mp3?1691431057,,Chorthippus_biguttulus,Test,,0.066309,data\raw\species40\Test\Chorthippus_biguttulus_IN177206095_787744.mp3
Psaltoda_plaga_IN20377162_31265.mp3,Psaltoda_plaga,Cicadidae,http://creativecommons.org/licenses/by-nc/4.0/,Joel Poyitt,https://www.inaturalist.org/observations/20377162,https://static.inaturalist.org/sounds/31265.m4a?1648749489,,Psaltoda_plaga,Test,,0.129478,data\raw\species40\Test\Psaltoda_plaga_IN20377162_31265.mp3
Tettigonia_viridissima_IN182707332_810079.mp3,Tettigonia_viridissima,Orthoptera,http://creativecommons.org/licenses/by-nc/4.0/,Stephan Pflume,https://www.inaturalist.org/observations/182707332,https://static.inaturalist.org/sounds/810079.m4a?1694380086,,Tettigonia_viridissima,Test,,0.212661,data\raw\species40\Test\Tettigonia_viridissima_IN182707332_810079.mp3
Neotibicen_robinsonianus_IN92196373_295473.mp3,Neotibicen_robinsonianus,Cicadidae,http://creativecommons.org/licenses/by-nc/4.0/,Joshua Eastlake,https://www.inaturalist.org/observations/92196373,https://static.inaturalist.org/sounds/295473.m4a?1629687734,,Neotibicen_robinsonianus,Test,,0.300405,data\raw\species40\Test\Neotibicen_robinsonianus_IN92196373_295473.mp3
Neotibicen_pruinosus_IN230891504_1139841.mp3,Neotibicen_pruinosus,Cicadidae,http://creativecommons.org/licenses/by/4.0/,L.J. Lamera,https://www.inaturalist.org/observations/230891504,https://static.inaturalist.org/sounds/1139841.m4a?1721610041,,Neotibicen_pruinosus,Test,,0.142958,data\raw\species40\Test\Neotibicen_pruinosus_IN230891504_1139841.mp3
Oecanthus_pellucens_XC489002.mp3,Oecanthus_pellucens,Orthoptera,//creativecommons.org/licenses/by-nc-sa/4.0/,Stephan Risch,https://xeno-canto.org/489002,https://xeno-canto.org/489002/download,,Oecanthus_pellucens,Test,,0.798989,data\raw\species40\Test\Oecanthus_pellucens_XC489002.mp3
Gryllus_campestris_IN116936855_437443.mp3,Gryllus_campestris,Orthoptera,http://creativecommons.org/licenses/by-nc/4.0/,roby,https://www.inaturalist.org/observations/116936855,https://static.inaturalist.org/sounds/437443.m4a?1652512658,,Gryllus_campestris,Test,,0.071768,data\raw\species40\Test\Gryllus_campestris_IN116936855_437443.mp3
Microcentrum_rhombifolium_IN184209104_816358.mp3,Microcentrum_rhombifolium,Orthoptera,http://creativecommons.org/licenses/by-nc/4.0/,Austin,https://www.inaturalist.org/observations/184209104,https://static.inaturalist.org/sounds/816358.m4a?1695264583,,Microcentrum_rhombifolium,Test,,0.182635,data\raw\species40\Test\Microcentrum_rhombifolium_IN184209104_816358.mp3
Chorthippus_brunneus_IN95761463_308346.wav,Chorthippus_brunneus,Orthoptera,http://creativecommons.org/licenses/by-sa/4.0/,jfgodeau,https://www.inaturalist.org/observations/95761463,https://static.inaturalist.org/sounds/308346.wav?1632323323,,Chorthippus_brunneus,Test,,0.940181,data\raw\species40\Test\Chorthippus_brunneus_IN95761463_308346.wav
Meimuna_opalifera_IN130477272_518907.mp3,Meimuna_opalifera,Cicadidae,http://creativecommons.org/licenses/by-nc/4.0/,grey_wagtail,https://www.inaturalist.org/observations/130477272,https://static.inaturalist.org/sounds/518907.m4a?1660296381,,Meimuna_opalifera,Test,,0.173731,data\raw\species40\Test\Meimuna_opalifera_IN130477272_518907.mp3
Eumodicogryllus_bordigalensis_IN129897272_516450.mp3,Eumodicogryllus_bordigalensis,Orthoptera,http://creativecommons.org/licenses/by-nc/4.0/,elisabraz,https://www.inaturalist.org/observations/129897272,https://static.inaturalist.org/sounds/516450.mp3?1659910483,,Eumodicogryllus_bordigalensis,Test,,0.329687,data\raw\species40\Test\Eumodicogryllus_bordigalensis_IN129897272_516450.mp3
Gryllus_campestris_IN214153276_1023460.mp3,Gryllus_campestris,Orthoptera,http://creativecommons.org/licenses/by-nc/4.0/,Coby Meester,https://www.inaturalist.org/observations/214153276,https://static.inaturalist.org/sounds/1023460.m4a?1715073622,,Gryllus_campestris,Test,,0.169782,data\raw\species40\Test\Gryllus_campestris_IN214153276_1023460.mp3
Oecanthus_pellucens_IN96560692_310967.mp3,Oecanthus_pellucens,Orthoptera,http://creativecommons.org/licenses/by-nc/4.0/,roby,https://www.inaturalist.org/observations/96560692,https://static.inaturalist.org/sounds/310967.m4a?1632906964,,Oecanthus_pellucens,Test,,0.162179,data\raw\species40\Test\Oecanthus_pellucens_IN96560692_310967.mp3
Magicicada_cassini_IN81366985_242820.mp3,Magicicada_cassini,Cicadidae,http://creativecommons.org/licenses/by-nc/4.0/,Kevin Young,https://www.inaturalist.org/observations/81366985,https://static.inaturalist.org/sounds/242820.m4a?1622675123,,Magicicada_cassini,Test,,0.211378,data\raw\species40\Test\Magicicada_cassini_IN81366985_242820.mp3
Popplepsalta_notialis_IN18014456_27183.wav,Popplepsalta_notialis,Cicadidae,http://creativecommons.org/licenses/by-nc/4.0/,Nathan Emery,https://www.inaturalist.org/observations/18014456,https://static.inaturalist.org/sounds/27183.wav?1541392333,,Popplepsalta_notialis,Test,,0.57759,data\raw\species40\Test\Popplepsalta_notialis_IN18014456_27183.wav
Oecanthus_pellucens_IN99528665_321898.mp3,Oecanthus_pellucens,Orthoptera,http://creativecommons.org/licenses/by-nc/4.0/,Stefan,https://www.inaturalist.org/observations/99528665,https://static.inaturalist.org/sounds/321898.mp3?1635327056,,Oecanthus_pellucens,Test,,0.045881,data\raw\species40\Test\Oecanthus_pellucens_IN99528665_321898.mp3
Gryllus_campestris_IN217919103_1056353.mp3,Gryllus_campestris,Orthoptera,http://creativecommons.org/licenses/by-nc/4.0/,clairelupus,https://www.inaturalist.org/observations/217919103,https://static.inaturalist.org/sounds/1056353.m4a?1716566981,,Gryllus_campestris,Test,,0.091812,data\raw\species40\Test\Gryllus_campestris_IN217919103_1056353.mp3
Psaltoda_plaga_IN68942769_161800.wav,Psaltoda_plaga,Cicadidae,http://creativecommons.org/licenses/by-nc/4.0/,Joel Poyitt,https://www.inaturalist.org/observations/68942769,https://static.inaturalist.org/sounds/161800.wav?1612231530,,Psaltoda_plaga,Test,,0.722392,data\raw\species40\Test\Psaltoda_plaga_IN68942769_161800.wav
Pholidoptera_griseoaptera_IN127620470_506045.mp3,Pholidoptera_griseoaptera,Orthoptera,http://creativecommons.org/licenses/by-nc/4.0/,bertfoquet,https://www.inaturalist.org/observations/127620470,https://static.inaturalist.org/sounds/506045.m4a?1658634352,,Pholidoptera_griseoaptera,Test,,0.505927,data\raw\species40\Test\Pholidoptera_griseoaptera_IN127620470_506045.mp3
Tettigettalna_argentata_IN86717983_273358.mp3,Tettigettalna_argentata,Cicadidae,http://creativecommons.org/licenses/by-nc/4.0/,fernando_borracha,https://www.inaturalist.org/observations/86717983,https://static.inaturalist.org/sounds/273358.mp3?1626100904,,Tettigettalna_argentata,Test,,0.411307,data\raw\species40\Test\Tettigettalna_argentata_IN86717983_273358.mp3
Neotibicen_robinsonianus_IN87766155_278157.mp3,Neotibicen_robinsonianus,Cicadidae,http://creativecommons.org/licenses/by/4.0/,Will Kuhn,https://www.inaturalist.org/observations/87766155,https://static.inaturalist.org/sounds/278157.m4a?1626727341,,Neotibicen_robinsonianus,Test,,0.342114,data\raw\species40\Test\Neotibicen_robinsonianus_IN87766155_278157.mp3
Pseudochorthippus_parallelus_XC815883.wav,Pseudochorthippus_parallelus,Orthoptera,//creativecommons.org/licenses/by-nc-sa/4.0/,Stuart Fisher,https://xeno-canto.org/815883,https://xeno-canto.org/815883/download,,Pseudochorthippus_parallelus,Test,20.0,2.474363,data\raw\species40\Test\Pseudochorthippus_parallelus_XC815883.wav
Popplepsalta_notialis_IN18049636_27009.wav,Popplepsalta_notialis,Cicadidae,http://creativecommons.org/licenses/by-nc/4.0/,Christie,https://www.inaturalist.org/observations/18049636,https://static.inaturalist.org/sounds/27009.wav?1541248720,,Popplepsalta_notialis,Test,,0.295829,data\raw\species40\Test\Popplepsalta_notialis_IN18049636_27009.wav
Oecanthus_pellucens_IN177714754_789749.mp3,Oecanthus_pellucens,Orthoptera,http://creativecommons.org/licenses/by-nc/4.0/,p_stipticus,https://www.inaturalist.org/observations/177714754,https://static.inaturalist.org/sounds/789749.mp3?1691695988,,Oecanthus_pellucens,Test,,0.080349,data\raw\species40\Test\Oecanthus_pellucens_IN177714754_789749.mp3
Tettigonia_viridissima_IN128698513_515368.wav,Tettigonia_viridissima,Orthoptera,http://creativecommons.org/licenses/by-nc/4.0/,enolalarchey,https://www.inaturalist.org/observations/128698513,https://static.inaturalist.org/sounds/515368.wav?1659766634,,Tettigonia_viridissima,Test,,1.007588,data\raw\species40\Test\Tettigonia_viridissima_IN128698513_515368.wav
Neotibicen_robinsonianus_IN192589233_853600.mp3,Neotibicen_robinsonianus,Cicadidae,http://creativecommons.org/licenses/by-nc/4.0/,Jessee J. Smith,https://www.inaturalist.org/observations/192589233,https://static.inaturalist.org/sounds/853600.m4a?1701298008,,Neotibicen_robinsonianus,Test,,0.188332,data\raw\species40\Test\Neotibicen_robinsonianus_IN192589233_853600.mp3
Magicicada_cassini_IN80400364_234629.mp3,Magicicada_cassini,Cicadidae,http://creativecommons.org/licenses/by-nc/4.0/,Jessee J. Smith,https://www.inaturalist.org/observations/80400364,https://static.inaturalist.org/sounds/234629.m4a?1622058075,,Magicicada_cassini,Test,,0.392948,data\raw\species40\Test\Magicicada_cassini_IN80400364_234629.mp3
Psaltoda_plaga_IN149685713_604528.mp3,Psaltoda_plaga,Cicadidae,http://creativecommons.org/licenses/by-nc/4.0/,jhannan,https://www.inaturalist.org/observations/149685713,https://static.inaturalist.org/sounds/604528.m4a?1677374534,,Psaltoda_plaga,Test,,0.241019,data\raw\species40\Test\Psaltoda_plaga_IN149685713_604528.mp3
Gryllus_pennsylvanicus_IN55984938_128993.mp3,Gryllus_pennsylvanicus,Orthoptera,http://creativecommons.org/licenses/by-nc/4.0/,David LeGros,https://www.inaturalist.org/observations/55984938,https://static.inaturalist.org/sounds/128993.m4a?1597022762,,Gryllus_pennsylvanicus,Test,,0.128549,data\raw\species40\Test\Gryllus_pennsylvanicus_IN55984938_128993.mp3
Pseudochorthippus_parallelus_IN169946638_754068.wav,Pseudochorthippus_parallelus,Orthoptera,http://creativecommons.org/licenses/by-nc/4.0/,Benjamin Schmid,https://www.inaturalist.org/observations/169946638,https://static.inaturalist.org/sounds/754068.wav?1687962794,,Pseudochorthippus_parallelus,Test,,1.155516,data\raw\species40\Test\Pseudochorthippus_parallelus_IN169946638_754068.wav
Roeseliana_roeselii_IN225989856_1114107.mp3,Roeseliana_roeselii,Orthoptera,http://creativecommons.org/licenses/by-nc/4.0/,gernotkunz,https://www.inaturalist.org/observations/225989856,https://static.inaturalist.org/sounds/1114107.m4a?1719684909,,Roeseliana_roeselii,Test,,0.702683,data\raw\species40\Test\Roeseliana_roeselii_IN225989856_1114107.mp3
Chorthippus_brunneus_IN178952676_794940.mp3,Chorthippus_brunneus,Orthoptera,http://creativecommons.org/licenses/by/4.0/,E. A.,https://www.inaturalist.org/observations/178952676,https://static.inaturalist.org/sounds/794940.m4a?1692341628,,Chorthippus_brunneus,Test,,0.495062,data\raw\species40\Test\Chorthippus_brunneus_IN178952676_794940.mp3
Gryllotalpa_gryllotalpa_IN161286555_694273.mp3,Gryllotalpa_gryllotalpa,Orthoptera,http://creativecommons.org/licenses/by-nc/4.0/,Philip Schaffer,https://www.inaturalist.org/observations/161286555,https://static.inaturalist.org/sounds/694273.mp3?1683922078,,Gryllotalpa_gryllotalpa,Test,,0.093964,data\raw\species40\Test\Gryllotalpa_gryllotalpa_IN161286555_694273.mp3
Oecanthus_pellucens_IN185468978_821609.mp3,Oecanthus_pellucens,Orthoptera,http://creativecommons.org/licenses/by-nc/4.0/,elaphus9,https://www.inaturalist.org/observations/185468978,https://static.inaturalist.org/sounds/821609.mp3?1696015251,,Oecanthus_pellucens,Test,,0.168741,data\raw\species40\Test\Oecanthus_pellucens_IN185468978_821609.mp3
Cicada_barbara_IN123368964_481874.mp3,Cicada_barbara,Cicadidae,http://creativecommons.org/licenses/by-nc/4.0/,Thijs Valkenburg,https://www.inaturalist.org/observations/123368964,https://static.inaturalist.org/sounds/481874.m4a?1656168757,,Cicada_barbara,Test,,0.126162,data\raw\species40\Test\Cicada_barbara_IN123368964_481874.mp3
Neotibicen_robinsonianus_IN57856676_133148.wav,Neotibicen_robinsonianus,Cicadidae,http://creativecommons.org/licenses/by-nc/4.0/,smuller,https://www.inaturalist.org/observations/57856676,https://static.inaturalist.org/sounds/133148.wav?1598643845,,Neotibicen_robinsonianus,Test,,1.187796,data\raw\species40\Test\Neotibicen_robinsonianus_IN57856676_133148.wav
Tettigettalna_argentata_IN57211942_131858.mp3,Tettigettalna_argentata,Cicadidae,http://creativecommons.org/licenses/by-nc/4.0/,Octávio Mateus,https://www.inaturalist.org/observations/57211942,https://static.inaturalist.org/sounds/131858.m4a?1598101533,,Tettigettalna_argentata,Test,,0.260325,data\raw\species40\Test\Tettigettalna_argentata_IN57211942_131858.mp3
Oecanthus_pellucens_IN175814654_781772.mp3,Oecanthus_pellucens,Orthoptera,http://creativecommons.org/licenses/by-nc/4.0/,Gonçalo Guerreiro,https://www.inaturalist.org/observations/175814654,https://static.inaturalist.org/sounds/781772.mp3?1690751578,,Oecanthus_pellucens,Test,,0.085974,data\raw\species40\Test\Oecanthus_pellucens_IN175814654_781772.mp3
Neotibicen_pruinosus_IN132040821_525520.mp3,Neotibicen_pruinosus,Cicadidae,http://creativecommons.org/publicdomain/zero/1.0/,Annamarie,https://www.inaturalist.org/observations/132040821,https://static.inaturalist.org/sounds/525520.m4a?1661279082,,Neotibicen_pruinosus,Test,,0.061877,data\raw\species40\Test\Neotibicen_pruinosus_IN132040821_525520.mp3
Neotibicen_robinsonianus_IN129886438_516396.mp3,Neotibicen_robinsonianus,Cicadidae,http://creativecommons.org/licenses/by-nc/4.0/,Ríona Brennan,https://www.inaturalist.org/observations/129886438,https://static.inaturalist.org/sounds/516396.mp3?1659904028,,Neotibicen_robinsonianus,Test,,0.091182,data\raw\species40\Test\Neotibicen_robinsonianus_IN129886438_516396.mp3
Magicicada_septendecim_IN81039470_240506.mp3,Magicicada_septendecim,Cicadidae,http://creativecommons.org/publicdomain/zero/1.0/,Martin Kalfatovic,https://www.inaturalist.org/observations/81039470,https://static.inaturalist.org/sounds/240506.m4a?1622474857,,Magicicada_septendecim,Test,,0.204576,data\raw\species40\Test\Magicicada_septendecim_IN81039470_240506.mp3
Neotibicen_tibicen_IN14431994_24468.mp3,Neotibicen_tibicen,Cicadidae,http://creativecommons.org/licenses/by-nc/4.0/,Dan Johnson,https://www.inaturalist.org/observations/14431994,https://static.inaturalist.org/sounds/24468.mp3?1532283740,,Neotibicen_tibicen,Test,,0.13918,data\raw\species40\Test\Neotibicen_tibicen_IN14431994_24468.mp3
Galanga_labeculata_IN66460320_153418.wav,Galanga_labeculata,Cicadidae,http://creativecommons.org/licenses/by-nc/4.0/,Joel Poyitt,https://www.inaturalist.org/observations/66460320,https://static.inaturalist.org/sounds/153418.wav?1607771916,,Galanga_labeculata,Test,,1.03276,data\raw\species40\Test\Galanga_labeculata_IN66460320_153418.wav
Cyclochila_australasiae_IN18370414_27348.mp3,Cyclochila_australasiae,Cicadidae,http://creativecommons.org/licenses/by-nc/4.0/,Joel Poyitt,https://www.inaturalist.org/observations/18370414,https://static.inaturalist.org/sounds/27348.m4a?1542112272,,Cyclochila_australasiae,Test,,0.150911,data\raw\species40\Test\Cyclochila_australasiae_IN18370414_27348.mp3
Galanga_labeculata_IN38931536_58429.wav,Galanga_labeculata,Cicadidae,http://creativecommons.org/licenses/by-nc/4.0/,Christie,https://www.inaturalist.org/observations/38931536,https://static.inaturalist.org/sounds/58429.wav?1582240063,,Galanga_labeculata,Test,,0.365365,data\raw\species40\Test\Galanga_labeculata_IN38931536_58429.wav
Neotibicen_canicularis_IN14421458_24255.wav,Neotibicen_canicularis,Cicadidae,http://creativecommons.org/licenses/by-nc/4.0/,Zoology123,https://www.inaturalist.org/observations/14421458,https://static.inaturalist.org/sounds/24255.wav?1531766188,,Neotibicen_canicularis,Test,,1.443592,data\raw\species40\Test\Neotibicen_canicularis_IN14421458_24255.wav
Cicada_barbara_IN57823175_133098.mp3,Cicada_barbara,Cicadidae,http://creativecommons.org/licenses/by-nc/4.0/,Octávio Mateus,https://www.inaturalist.org/observations/57823175,https://static.inaturalist.org/sounds/133098.m4a?1598620003,,Cicada_barbara,Test,,0.247182,data\raw\species40\Test\Cicada_barbara_IN57823175_133098.mp3
Magicicada_septendecim_IN82451850_250034.mp3,Magicicada_septendecim,Cicadidae,http://creativecommons.org/licenses/by-nc/4.0/,Antoni W.,https://www.inaturalist.org/observations/82451850,https://static.inaturalist.org/sounds/250034.m4a?1623349431,,Magicicada_septendecim,Test,,0.514374,data\raw\species40\Test\Magicicada_septendecim_IN82451850_250034.mp3
Tettigonia_cantans_IN88582058_282030.wav,Tettigonia_cantans,Orthoptera,http://creativecommons.org/licenses/by-nc/4.0/,thephoxinus,https://www.inaturalist.org/observations/88582058,https://static.inaturalist.org/sounds/282030.wav?1627238198,,Tettigonia_cantans,Test,,0.064659,data\raw\species40\Test\Tettigonia_cantans_IN88582058_282030.wav
Chorthippus_biguttulus_IN138362616_548024.mp3,Chorthippus_biguttulus,Orthoptera,http://creativecommons.org/licenses/by/4.0/,E. A.,https://www.inaturalist.org/observations/138362616,https://static.inaturalist.org/sounds/548024.mp3?1665475053,,Chorthippus_biguttulus,Test,,0.123189,data\raw\species40\Test\Chorthippus_biguttulus_IN138362616_548024.mp3
Chorthippus_biguttulus_IN61664569_140541.mp3,Chorthippus_biguttulus,Orthoptera,http://creativecommons.org/licenses/by/4.0/,carnifex,https://www.inaturalist.org/observations/61664569,https://static.inaturalist.org/sounds/140541.mp3?1601817328,,Chorthippus_biguttulus,Test,,0.041556,data\raw\species40\Test\Chorthippus_biguttulus_IN61664569_140541.mp3
Neotibicen_tibicen_IN125440008_494976.wav,Neotibicen_tibicen,Cicadidae,http://creativecommons.org/licenses/by-nc/4.0/,Cherie Cornmesser,https://www.inaturalist.org/observations/125440008,https://static.inaturalist.org/sounds/494976.wav?1657372648,,Neotibicen_tibicen,Test,,2.768771,data\raw\species40\Test\Neotibicen_tibicen_IN125440008_494976.wav
Decticus_albifrons_IN86329905_271440.mp3,Decticus_albifrons,Orthoptera,http://creativecommons.org/licenses/by/4.0/,Naturalista,https://www.inaturalist.org/observations/86329905,https://static.inaturalist.org/sounds/271440.m4a?1625867004,,Decticus_albifrons,Test,,0.224552,data\raw\species40\Test\Decticus_albifrons_IN86329905_271440.mp3
Cyclochila_australasiae_IN66459148_153408.mp3,Cyclochila_australasiae,Cicadidae,http://creativecommons.org/licenses/by-nc/4.0/,John Cull,https://www.inaturalist.org/observations/66459148,https://static.inaturalist.org/sounds/153408.m4a?1607767048,,Cyclochila_australasiae,Test,,0.132203,data\raw\species40\Test\Cyclochila_australasiae_IN66459148_153408.mp3
Galanga_labeculata_IN39275959_59124.wav,Galanga_labeculata,Cicadidae,http://creativecommons.org/licenses/by-nc/4.0/,bpscicada,https://www.inaturalist.org/observations/39275959,https://static.inaturalist.org/sounds/59124.wav?1582808503,,Galanga_labeculata,Test,,1.517353,data\raw\species40\Test\Galanga_labeculata_IN39275959_59124.wav
Roeseliana_roeselii_IN227993138_1125204.mp3,Roeseliana_roeselii,Orthoptera,http://creativecommons.org/licenses/by-nc/4.0/,Karol Łanocha,https://www.inaturalist.org/observations/227993138,https://static.inaturalist.org/sounds/1125204.m4a?1720437617,,Roeseliana_roeselii,Test,,0.085573,data\raw\species40\Test\Roeseliana_roeselii_IN227993138_1125204.mp3
Tettigettalna_argentata_IN174085014_774565.mp3,Tettigettalna_argentata,Cicadidae,http://creativecommons.org/licenses/by-nc/4.0/,Kevin GURCEL,https://www.inaturalist.org/observations/174085014,https://static.inaturalist.org/sounds/774565.mp3?1689942012,,Tettigettalna_argentata,Test,,0.200543,data\raw\species40\Test\Tettigettalna_argentata_IN174085014_774565.mp3
Tettigonia_viridissima_IN133233921_529646.wav,Tettigonia_viridissima,Orthoptera,http://creativecommons.org/licenses/by/4.0/,Daniel Linzbauer,https://www.inaturalist.org/observations/133233921,https://static.inaturalist.org/sounds/529646.wav?1662054682,,Tettigonia_viridissima,Test,,0.755347,data\raw\species40\Test\Tettigonia_viridissima_IN133233921_529646.wav
Tettigettalna_argentata_IN87173088_275240.mp3,Tettigettalna_argentata,Cicadidae,http://creativecommons.org/licenses/by-nc/4.0/,hiporame,https://www.inaturalist.org/observations/87173088,https://static.inaturalist.org/sounds/275240.m4a?1626374642,,Tettigettalna_argentata,Test,,0.238203,data\raw\species40\Test\Tettigettalna_argentata_IN87173088_275240.mp3
Popplepsalta_notialis_IN64398288_147399.wav,Popplepsalta_notialis,Cicadidae,http://creativecommons.org/licenses/by-nc/4.0/,Nathan Emery,https://www.inaturalist.org/observations/64398288,https://static.inaturalist.org/sounds/147399.wav?1604791149,,Popplepsalta_notialis,Test,,0.215594,data\raw\species40\Test\Popplepsalta_notialis_IN64398288_147399.wav
Cystosoma_saundersii_IN193862858_859550.mp3,Cystosoma_saundersii,Cicadidae,http://creativecommons.org/licenses/by-nc/4.0/,Joel Poyitt,https://www.inaturalist.org/observations/193862858,https://static.inaturalist.org/sounds/859550.m4a?1702460363,,Cystosoma_saundersii,Test,,0.139026,data\raw\species40\Test\Cystosoma_saundersii_IN193862858_859550.mp3
Neotibicen_canicularis_IN55493504_127744.mp3,Neotibicen_canicularis,Cicadidae,http://creativecommons.org/licenses/by/4.0/,Nick Kleinschmidt,https://www.inaturalist.org/observations/55493504,https://static.inaturalist.org/sounds/127744.m4a?1596638751,,Neotibicen_canicularis,Test,,0.284036,data\raw\species40\Test\Neotibicen_canicularis_IN55493504_127744.mp3
Magicicada_cassini_IN81121152_241148.mp3,Magicicada_cassini,Cicadidae,http://creativecommons.org/licenses/by-nc/4.0/,Laura Breeden,https://www.inaturalist.org/observations/81121152,https://static.inaturalist.org/sounds/241148.mp3?1622509014,,Magicicada_cassini,Test,,0.789523,data\raw\species40\Test\Magicicada_cassini_IN81121152_241148.mp3
Cyclochila_australasiae_IN144223063_572251.mp3,Cyclochila_australasiae,Cicadidae,http://creativecommons.org/licenses/by-nc/4.0/,bpscicada,https://www.inaturalist.org/observations/144223063,https://static.inaturalist.org/sounds/572251.mp3?1670844519,,Cyclochila_australasiae,Test,,0.298912,data\raw\species40\Test\Cyclochila_australasiae_IN144223063_572251.mp3
Meimuna_opalifera_IN184485114_817610.mp3,Meimuna_opalifera,Cicadidae,http://creativecommons.org/licenses/by-nc/4.0/,lava_chen,https://www.inaturalist.org/observations/184485114,https://static.inaturalist.org/sounds/817610.mp3?1695442789,,Meimuna_opalifera,Test,,0.459094,data\raw\species40\Test\Meimuna_opalifera_IN184485114_817610.mp3
Neotibicen_robinsonianus_IN195309441_868069.wav,Neotibicen_robinsonianus,Cicadidae,http://creativecommons.org/licenses/by-nc/4.0/,Penguin,https://www.inaturalist.org/observations/195309441,https://static.inaturalist.org/sounds/868069.wav?1703975368,,Neotibicen_robinsonianus,Test,,0.82814,data\raw\species40\Test\Neotibicen_robinsonianus_IN195309441_868069.wav
Tettigettalna_argentata_IN87441795_276468.mp3,Tettigettalna_argentata,Cicadidae,http://creativecommons.org/licenses/by-nc/4.0/,João Farminhão,https://www.inaturalist.org/observations/87441795,https://static.inaturalist.org/sounds/276468.mp3?1626548778,,Tettigettalna_argentata,Test,,0.469565,data\raw\species40\Test\Tettigettalna_argentata_IN87441795_276468.mp3
Aleeta_curvicosta_IN19855372_30516.wav,Aleeta_curvicosta,Cicadidae,http://creativecommons.org/licenses/by-nc/4.0/,Christie,https://www.inaturalist.org/observations/19855372,https://static.inaturalist.org/sounds/30516.wav?1548388777,,Aleeta_curvicosta,Test,,0.685565,data\raw\species40\Test\Aleeta_curvicosta_IN19855372_30516.wav
Psaltoda_plaga_IN65738627_151234.wav,Psaltoda_plaga,Cicadidae,http://creativecommons.org/licenses/by-nc/4.0/,Joel Poyitt,https://www.inaturalist.org/observations/65738627,https://static.inaturalist.org/sounds/151234.wav?1606547761,,Psaltoda_plaga,Test,,1.081548,data\raw\species40\Test\Psaltoda_plaga_IN65738627_151234.wav
Aleeta_curvicosta_IN37474621_54600.mp3,Aleeta_curvicosta,Cicadidae,http://creativecommons.org/licenses/by-nc/4.0/,Joel Poyitt,https://www.inaturalist.org/observations/37474621,https://static.inaturalist.org/sounds/54600.m4a?1578714676,,Aleeta_curvicosta,Test,,0.304932,data\raw\species40\Test\Aleeta_curvicosta_IN37474621_54600.mp3
Gryllotalpa_gryllotalpa_IN78475899_219063.mp3,Gryllotalpa_gryllotalpa,Orthoptera,http://creativecommons.org/licenses/by-nc/4.0/,Jakob Jilg,https://www.inaturalist.org/observations/78475899,https://static.inaturalist.org/sounds/219063.mp3?1620839390,,Gryllotalpa_gryllotalpa,Test,,0.3776,data\raw\species40\Test\Gryllotalpa_gryllotalpa_IN78475899_219063.mp3
Platycleis_albopunctata_XC751828.wav,Platycleis_albopunctata,Orthoptera,//creativecommons.org/licenses/by-sa/4.0/,Baudewijn Odé,https://xeno-canto.org/751828,https://xeno-canto.org/751828/download,,Platycleis_albopunctata,Test,,2.885926,data\raw\species40\Test\Platycleis_albopunctata_XC751828.wav
Eumodicogryllus_bordigalensis_IN223726217_1100394.wav,Eumodicogryllus_bordigalensis,Orthoptera,http://creativecommons.org/licenses/by-nc/4.0/,vieluigi,https://www.inaturalist.org/observations/223726217,https://static.inaturalist.org/sounds/1100394.wav?1718796147,,Eumodicogryllus_bordigalensis,Test,,0.198919,data\raw\species40\Test\Eumodicogryllus_bordigalensis_IN223726217_1100394.wav
Gryllotalpa_gryllotalpa_IN214939702_1030801.mp3,Gryllotalpa_gryllotalpa,Orthoptera,http://creativecommons.org/licenses/by-nc/4.0/,alcon_blue,https://www.inaturalist.org/observations/214939702,https://static.inaturalist.org/sounds/1030801.mp3?1715406135,,Gryllotalpa_gryllotalpa,Test,,0.084362,data\raw\species40\Test\Gryllotalpa_gryllotalpa_IN214939702_1030801.mp3
Chorthippus_brunneus_IN173412604_771456.mp3,Chorthippus_brunneus,Orthoptera,http://creativecommons.org/licenses/by/4.0/,bungus354,https://www.inaturalist.org/observations/173412604,https://static.inaturalist.org/sounds/771456.m4a?1689603256,,Chorthippus_brunneus,Test,,0.201511,data\raw\species40\Test\Chorthippus_brunneus_IN173412604_771456.mp3
Tettigettalna_argentata_IN224833141_1107107.mp3,Tettigettalna_argentata,Cicadidae,http://creativecommons.org/licenses/by/4.0/,Duarte Frade,https://www.inaturalist.org/observations/224833141,https://static.inaturalist.org/sounds/1107107.mp3?1719215703,,Tettigettalna_argentata,Test,,0.157454,data\raw\species40\Test\Tettigettalna_argentata_IN224833141_1107107.mp3
Neotibicen_canicularis_IN54288324_124417.wav,Neotibicen_canicularis,Cicadidae,http://creativecommons.org/licenses/by-nc/4.0/,Carter Dorscht,https://www.inaturalist.org/observations/54288324,https://static.inaturalist.org/sounds/124417.wav?1595696384,,Neotibicen_canicularis,Test,,0.706541,data\raw\species40\Test\Neotibicen_canicularis_IN54288324_124417.wav
Gryllus_pennsylvanicus_IN181516700_805396.mp3,Gryllus_pennsylvanicus,Orthoptera,http://creativecommons.org/licenses/by-nc/4.0/,juicepig,https://www.inaturalist.org/observations/181516700,https://static.inaturalist.org/sounds/805396.m4a?1693723347,,Gryllus_pennsylvanicus,Test,,0.151335,data\raw\species40\Test\Gryllus_pennsylvanicus_IN181516700_805396.mp3
Cyclochila_australasiae_IN101388790_330384.wav,Cyclochila_australasiae,Cicadidae,http://creativecommons.org/licenses/by-nc/4.0/,Christie,https://www.inaturalist.org/observations/101388790,https://static.inaturalist.org/sounds/330384.wav?1637225941,,Cyclochila_australasiae,Test,,0.590017,data\raw\species40\Test\Cyclochila_australasiae_IN101388790_330384.wav
Neotibicen_pruinosus_IN172446495_766618.mp3,Neotibicen_pruinosus,Cicadidae,http://creativecommons.org/licenses/by-nc/4.0/,J Smith,https://www.inaturalist.org/observations/172446495,https://static.inaturalist.org/sounds/766618.mp3?1689129331,,Neotibicen_pruinosus,Test,,0.265688,data\raw\species40\Test\Neotibicen_pruinosus_IN172446495_766618.mp3
Magicicada_cassini_IN80260281_233153.mp3,Magicicada_cassini,Cicadidae,http://creativecommons.org/licenses/by/4.0/,Will Kuhn,https://www.inaturalist.org/observations/80260281,https://static.inaturalist.org/sounds/233153.m4a?1621964101,,Magicicada_cassini,Test,,1.0607,data\raw\species40\Test\Magicicada_cassini_IN80260281_233153.mp3
Microcentrum_rhombifolium_IN94066883_302913.mp3,Microcentrum_rhombifolium,Orthoptera,http://creativecommons.org/licenses/by-nc/4.0/,Caleb Helsel,https://www.inaturalist.org/observations/94066883,https://static.inaturalist.org/sounds/302913.m4a?1631098548,,Microcentrum_rhombifolium,Test,,0.141095,data\raw\species40\Test\Microcentrum_rhombifolium_IN94066883_302913.mp3
Yoyetta_repetens_IN9779855_17662.mp3,Yoyetta_repetens,Cicadidae,http://creativecommons.org/licenses/by-nc/4.0/,Joel Poyitt,https://www.inaturalist.org/observations/9779855,https://static.inaturalist.org/sounds/17662.m4a?1518092830,,Yoyetta_repetens,Test,,0.241807,data\raw\species40\Test\Yoyetta_repetens_IN9779855_17662.mp3
Chorthippus_biguttulus_IN140966026_558522.wav,Chorthippus_biguttulus,Orthoptera,http://creativecommons.org/licenses/by/4.0/,Yves Bas,https://www.inaturalist.org/observations/140966026,https://static.inaturalist.org/sounds/558522.wav?1667473434,,Chorthippus_biguttulus,Test,,0.254701,data\raw\species40\Test\Chorthippus_biguttulus_IN140966026_558522.wav
Cyclochila_australasiae_IN62472500_142386.wav,Cyclochila_australasiae,Cicadidae,http://creativecommons.org/licenses/by-nc/4.0/,Joel Poyitt,https://www.inaturalist.org/observations/62472500,https://static.inaturalist.org/sounds/142386.mpga?1602584877,,Cyclochila_australasiae,Test,,0.608668,data\raw\species40\Test\Cyclochila_australasiae_IN62472500_142386.wav
Neotibicen_robinsonianus_IN132223268_526289.mp3,Neotibicen_robinsonianus,Cicadidae,http://creativecommons.org/licenses/by-nc/4.0/,Penguin,https://www.inaturalist.org/observations/132223268,https://static.inaturalist.org/sounds/526289.m4a?1661392826,,Neotibicen_robinsonianus,Test,,0.178816,data\raw\species40\Test\Neotibicen_robinsonianus_IN132223268_526289.mp3
Atrapsalta_corticina_IN9888041_17824.mp3,Atrapsalta_corticina,Cicadidae,http://creativecommons.org/licenses/by-nc/4.0/,Joel Poyitt,https://www.inaturalist.org/observations/9888041,https://static.inaturalist.org/sounds/17824.m4a?1518841203,,Atrapsalta_corticina,Test,,0.412562,data\raw\species40\Test\Atrapsalta_corticina_IN9888041_17824.mp3
Atrapsalta_corticina_IN94409409_304076.mp3,Atrapsalta_corticina,Cicadidae,http://creativecommons.org/licenses/by/4.0/,Thomas Mesaglio,https://www.inaturalist.org/observations/94409409,https://static.inaturalist.org/sounds/304076.m4a?1631342367,,Atrapsalta_corticina,Test,,0.328625,data\raw\species40\Test\Atrapsalta_corticina_IN94409409_304076.mp3
Galanga_labeculata_IN36208301_51416.wav,Galanga_labeculata,Cicadidae,http://creativecommons.org/licenses/by-nc/4.0/,Christie,https://www.inaturalist.org/observations/36208301,https://static.inaturalist.org/sounds/51416.wav?1575086778,,Galanga_labeculata,Test,,0.292912,data\raw\species40\Test\Galanga_labeculata_IN36208301_51416.wav
Pholidoptera_griseoaptera_IN99622266_322302.mp3,Pholidoptera_griseoaptera,Orthoptera,http://creativecommons.org/licenses/by-nc/4.0/,Julian Kokott,https://www.inaturalist.org/observations/99622266,https://static.inaturalist.org/sounds/322302.m4a?1635425167,,Pholidoptera_griseoaptera,Test,,0.299646,data\raw\species40\Test\Pholidoptera_griseoaptera_IN99622266_322302.mp3
Cicada_barbara_IN93247309_300046.mp3,Cicada_barbara,Cicadidae,http://creativecommons.org/licenses/by-nc/4.0/,Pedro,https://www.inaturalist.org/observations/93247309,https://static.inaturalist.org/sounds/300046.m4a?1630499056,,Cicada_barbara,Test,,0.186578,data\raw\species40\Test\Cicada_barbara_IN93247309_300046.mp3
Yoyetta_repetens_IN145242269_577534.mp3,Yoyetta_repetens,Cicadidae,http://creativecommons.org/licenses/by-nc/4.0/,bpscicada,https://www.inaturalist.org/observations/145242269,https://static.inaturalist.org/sounds/577534.m4a?1672207652,,Yoyetta_repetens,Test,,0.102998,data\raw\species40\Test\Yoyetta_repetens_IN145242269_577534.mp3
Cicada_barbara_IN88934513_283409.mp3,Cicada_barbara,Cicadidae,http://creativecommons.org/licenses/by-nc/4.0/,Nelson Conceição,https://www.inaturalist.org/observations/88934513,https://static.inaturalist.org/sounds/283409.mp3?1627479305,,Cicada_barbara,Test,,0.916599,data\raw\species40\Test\Cicada_barbara_IN88934513_283409.mp3
Neotibicen_tibicen_IN175718030_781335.mp3,Neotibicen_tibicen,Cicadidae,http://creativecommons.org/licenses/by-nc/4.0/,Kyle Aldinger,https://www.inaturalist.org/observations/175718030,https://static.inaturalist.org/sounds/781335.m4a?1690722016,,Neotibicen_tibicen,Test,,0.236827,data\raw\species40\Test\Neotibicen_tibicen_IN175718030_781335.mp3
Conocephalus_fuscus_IN181781165_806570.mp3,Conocephalus_fuscus,Orthoptera,http://creativecommons.org/licenses/by-nc/4.0/,Africa Gomez,https://www.inaturalist.org/observations/181781165,https://static.inaturalist.org/sounds/806570.m4a?1693852896,,Conocephalus_fuscus,Test,,0.184524,data\raw\species40\Test\Conocephalus_fuscus_IN181781165_806570.mp3
Neotibicen_tibicen_IN88821508_282912.mp3,Neotibicen_tibicen,Cicadidae,http://creativecommons.org/licenses/by-nc/4.0/,Dom Col,https://www.inaturalist.org/observations/88821508,https://static.inaturalist.org/sounds/282912.m4a?1627397216,,Neotibicen_tibicen,Test,,0.299035,data\raw\species40\Test\Neotibicen_tibicen_IN88821508_282912.mp3
Henicopsaltria_eydouxii_IN148479750_596786.mp3,Henicopsaltria_eydouxii,Cicadidae,http://creativecommons.org/licenses/by-nc/4.0/,Alan Wynn,https://www.inaturalist.org/observations/148479750,https://static.inaturalist.org/sounds/596786.m4a?1676237280,,Henicopsaltria_eydouxii,Test,,0.444656,data\raw\species40\Test\Henicopsaltria_eydouxii_IN148479750_596786.mp3
Aleeta_curvicosta_IN105064812_347910.wav,Aleeta_curvicosta,Cicadidae,http://creativecommons.org/licenses/by-nc/4.0/,Christie,https://www.inaturalist.org/observations/105064812,https://static.inaturalist.org/sounds/347910.wav?1642670795,,Aleeta_curvicosta,Test,,0.300555,data\raw\species40\Test\Aleeta_curvicosta_IN105064812_347910.wav
Magicicada_cassini_IN221426156_1084201.mp3,Magicicada_cassini,Cicadidae,http://creativecommons.org/licenses/by-nc/4.0/,Sequoia Janirella Wrens,https://www.inaturalist.org/observations/221426156,https://static.inaturalist.org/sounds/1084201.m4a?1717885854,,Magicicada_cassini,Test,,0.179424,data\raw\species40\Test\Magicicada_cassini_IN221426156_1084201.mp3
Psaltoda_plaga_IN19859444_30546.mp3,Psaltoda_plaga,Cicadidae,http://creativecommons.org/licenses/by-nc/4.0/,Joel Poyitt,https://www.inaturalist.org/observations/19859444,https://static.inaturalist.org/sounds/30546.m4a?1648749146,,Psaltoda_plaga,Test,,0.226068,data\raw\species40\Test\Psaltoda_plaga_IN19859444_30546.mp3
Popplepsalta_notialis_IN99659584_322404.mp3,Popplepsalta_notialis,Cicadidae,http://creativecommons.org/licenses/by-nc/4.0/,Nathan Emery,https://www.inaturalist.org/observations/99659584,https://static.inaturalist.org/sounds/322404.m4a?1635457420,,Popplepsalta_notialis,Test,,0.230365,data\raw\species40\Test\Popplepsalta_notialis_IN99659584_322404.mp3
Pholidoptera_griseoaptera_XC865269.wav,Pholidoptera_griseoaptera,Orthoptera,//creativecommons.org/licenses/by-sa/4.0/,S. Ingrisch,https://xeno-canto.org/865269,https://xeno-canto.org/865269/download,,Pholidoptera_griseoaptera,Test,26.0,2.600664,data\raw\species40\Test\Pholidoptera_griseoaptera_XC865269.wav
Decticus_albifrons_IN127545512_505729.mp3,Decticus_albifrons,Orthoptera,http://creativecommons.org/licenses/by-nc/4.0/,otto,https://www.inaturalist.org/observations/127545512,https://static.inaturalist.org/sounds/505729.m4a?1658600447,,Decticus_albifrons,Test,,0.185736,data\raw\species40\Test\Decticus_albifrons_IN127545512_505729.mp3
Yoyetta_repetens_IN20313139_31169.wav,Yoyetta_repetens,Cicadidae,http://creativecommons.org/licenses/by-nc/4.0/,Christie,https://www.inaturalist.org/observations/20313139,https://static.inaturalist.org/sounds/31169.wav?1550045606,,Yoyetta_repetens,Test,,0.489704,data\raw\species40\Test\Yoyetta_repetens_IN20313139_31169.wav
Galanga_labeculata_IN8380477_15840.wav,Galanga_labeculata,Cicadidae,http://creativecommons.org/licenses/by-nc/4.0/,Christie,https://www.inaturalist.org/observations/8380477,https://static.inaturalist.org/sounds/15840.wav?1507877321,,Galanga_labeculata,Test,,0.406615,data\raw\species40\Test\Galanga_labeculata_IN8380477_15840.wav
Neotibicen_pruinosus_IN131761730_524371.mp3,Neotibicen_pruinosus,Cicadidae,http://creativecommons.org/licenses/by-nc/4.0/,ariherron,https://www.inaturalist.org/observations/131761730,https://static.inaturalist.org/sounds/524371.m4a?1661102968,,Neotibicen_pruinosus,Test,,0.093394,data\raw\species40\Test\Neotibicen_pruinosus_IN131761730_524371.mp3
Neotibicen_canicularis_IN175937543_782392.wav,Neotibicen_canicularis,Cicadidae,http://creativecommons.org/licenses/by-nc/4.0/,Carter Dorscht,https://www.inaturalist.org/observations/175937543,https://static.inaturalist.org/sounds/782392.wav?1690814632,,Neotibicen_canicularis,Test,,1.262903,data\raw\species40\Test\Neotibicen_canicularis_IN175937543_782392.wav
Galanga_labeculata_IN40858938_64371.wav,Galanga_labeculata,Cicadidae,http://creativecommons.org/licenses/by-nc/4.0/,Christie,https://www.inaturalist.org/observations/40858938,https://static.inaturalist.org/sounds/64371.wav?1585362696,,Galanga_labeculata,Test,,0.313706,data\raw\species40\Test\Galanga_labeculata_IN40858938_64371.wav
Meimuna_opalifera_IN131430917_522921.mp3,Meimuna_opalifera,Cicadidae,http://creativecommons.org/licenses/by-nc/4.0/,rpxxmpfb,https://www.inaturalist.org/observations/131430917,https://static.inaturalist.org/sounds/522921.m4a?1660898600,,Meimuna_opalifera,Test,,0.286352,data\raw\species40\Test\Meimuna_opalifera_IN131430917_522921.mp3
Gryllus_pennsylvanicus_IN183691096_814247.wav,Gryllus_pennsylvanicus,Orthoptera,http://creativecommons.org/licenses/by/4.0/,Zachary Dankowicz,https://www.inaturalist.org/observations/183691096,https://static.inaturalist.org/sounds/814247.wav?1694968680,,Gryllus_pennsylvanicus,Test,,0.557361,data\raw\species40\Test\Gryllus_pennsylvanicus_IN183691096_814247.wav
Neotibicen_tibicen_IN226495869_1116888.mp3,Neotibicen_tibicen,Cicadidae,http://creativecommons.org/licenses/by/4.0/,L.J. Lamera,https://www.inaturalist.org/observations/226495869,https://static.inaturalist.org/sounds/1116888.m4a?1719857595,,Neotibicen_tibicen,Test,,0.058167,data\raw\species40\Test\Neotibicen_tibicen_IN226495869_1116888.mp3
Neotibicen_pruinosus_IN169489097_751480.wav,Neotibicen_pruinosus,Cicadidae,http://creativecommons.org/licenses/by-nc/4.0/,jmole,https://www.inaturalist.org/observations/169489097,https://static.inaturalist.org/sounds/751480.wav?1687734636,,Neotibicen_pruinosus,Test,,0.722379,data\raw\species40\Test\Neotibicen_pruinosus_IN169489097_751480.wav
Cicada_barbara_IN97752508_314734.mp3,Cicada_barbara,Cicadidae,http://creativecommons.org/licenses/by-nc/4.0/,Nelson Conceição,https://www.inaturalist.org/observations/97752508,https://static.inaturalist.org/sounds/314734.mp3?1633863288,,Cicada_barbara,Test,,0.429609,data\raw\species40\Test\Cicada_barbara_IN97752508_314734.mp3
Galanga_labeculata_IN66156419_152476.wav,Galanga_labeculata,Cicadidae,http://creativecommons.org/licenses/by-nc/4.0/,Christie,https://www.inaturalist.org/observations/66156419,https://static.inaturalist.org/sounds/152476.wav?1607209786,,Galanga_labeculata,Test,,0.504749,data\raw\species40\Test\Galanga_labeculata_IN66156419_152476.wav
Cicada_barbara_IN93264187_300086.mp3,Cicada_barbara,Cicadidae,http://creativecommons.org/licenses/by-nc/4.0/,Nelson Conceição,https://www.inaturalist.org/observations/93264187,https://static.inaturalist.org/sounds/300086.mp3?1630511161,,Cicada_barbara,Test,,0.297411,data\raw\species40\Test\Cicada_barbara_IN93264187_300086.mp3
Oecanthus_pellucens_IN54680764_125230.mp3,Oecanthus_pellucens,Orthoptera,http://creativecommons.org/licenses/by/4.0/,anasacuta,https://www.inaturalist.org/observations/54680764,https://static.inaturalist.org/sounds/125230.m4a?1595976443,,Oecanthus_pellucens,Test,,0.223069,data\raw\species40\Test\Oecanthus_pellucens_IN54680764_125230.mp3
Cyclochila_australasiae_IN144063246_571661.mp3,Cyclochila_australasiae,Cicadidae,http://creativecommons.org/licenses/by-nc/4.0/,Linda Rogan EntSocVic,https://www.inaturalist.org/observations/144063246,https://static.inaturalist.org/sounds/571661.m4a?1670666343,,Cyclochila_australasiae,Test,,0.322087,data\raw\species40\Test\Cyclochila_australasiae_IN144063246_571661.mp3
Meimuna_opalifera_IN94526531_304461.wav,Meimuna_opalifera,Cicadidae,http://creativecommons.org/licenses/by-nc/4.0/,WATANABE Hitoshi 渡辺仁,https://www.inaturalist.org/observations/94526531,https://static.inaturalist.org/sounds/304461.wav?1631412714,,Meimuna_opalifera,Test,,0.364921,data\raw\species40\Test\Meimuna_opalifera_IN94526531_304461.wav
Aleeta_curvicosta_IN193111782_856175.mp3,Aleeta_curvicosta,Cicadidae,http://creativecommons.org/licenses/by-nc/4.0/,Joel Poyitt,https://www.inaturalist.org/observations/193111782,https://static.inaturalist.org/sounds/856175.m4a?1701768128,,Aleeta_curvicosta,Test,,0.394824,data\raw\species40\Test\Aleeta_curvicosta_IN193111782_856175.mp3
Atrapsalta_corticina_IN37766054_55249.wav,Atrapsalta_corticina,Cicadidae,http://creativecommons.org/licenses/by-nc/4.0/,Christie,https://www.inaturalist.org/observations/37766054,https://static.inaturalist.org/sounds/55249.wav?1579486280,,Atrapsalta_corticina,Test,,0.753965,data\raw\species40\Test\Atrapsalta_corticina_IN37766054_55249.wav
Tettigonia_cantans_IN182219498_808242.mp3,Tettigonia_cantans,Orthoptera,http://creativecommons.org/licenses/by/4.0/,E. A.,https://www.inaturalist.org/observations/182219498,https://static.inaturalist.org/sounds/808242.m4a?1694111340,,Tettigonia_cantans,Test,,0.24781,data\raw\species40\Test\Tettigonia_cantans_IN182219498_808242.mp3
Chorthippus_brunneus_IN183353895_812822.mp3,Chorthippus_brunneus,Orthoptera,http://creativecommons.org/publicdomain/zero/1.0/,ahabo,https://www.inaturalist.org/observations/183353895,https://static.inaturalist.org/sounds/812822.m4a?1694785482,,Chorthippus_brunneus,Test,,0.145699,data\raw\species40\Test\Chorthippus_brunneus_IN183353895_812822.mp3
Gryllus_pennsylvanicus_IN184707808_818455.wav,Gryllus_pennsylvanicus,Orthoptera,http://creativecommons.org/licenses/by-nc/4.0/,ggbb,https://www.inaturalist.org/observations/184707808,https://static.inaturalist.org/sounds/818455.wav?1695569723,,Gryllus_pennsylvanicus,Test,,0.513001,data\raw\species40\Test\Gryllus_pennsylvanicus_IN184707808_818455.wav
Yoyetta_repetens_IN63132536_144205.wav,Yoyetta_repetens,Cicadidae,http://creativecommons.org/licenses/by-nc/4.0/,Joel Poyitt,https://www.inaturalist.org/observations/63132536,https://static.inaturalist.org/sounds/144205.mpga?1603238494,,Yoyetta_repetens,Test,,0.758758,data\raw\species40\Test\Yoyetta_repetens_IN63132536_144205.wav
Chorthippus_brunneus_IN182983105_811229.mp3,Chorthippus_brunneus,Orthoptera,http://creativecommons.org/licenses/by/4.0/,E. A.,https://www.inaturalist.org/observations/182983105,https://static.inaturalist.org/sounds/811229.m4a?1694546065,,Chorthippus_brunneus,Test,,0.219809,data\raw\species40\Test\Chorthippus_brunneus_IN182983105_811229.mp3
Tettigonia_cantans_IN128498547_509897.wav,Tettigonia_cantans,Orthoptera,http://creativecommons.org/licenses/by-nc/4.0/,maximion,https://www.inaturalist.org/observations/128498547,https://static.inaturalist.org/sounds/509897.wav?1659123890,,Tettigonia_cantans,Test,,0.487895,data\raw\species40\Test\Tettigonia_cantans_IN128498547_509897.wav
Galanga_labeculata_IN9525880_17247.mp3,Galanga_labeculata,Cicadidae,http://creativecommons.org/licenses/by-nc/4.0/,Joel Poyitt,https://www.inaturalist.org/observations/9525880,https://static.inaturalist.org/sounds/17247.m4a?1516341376,,Galanga_labeculata,Test,,0.181701,data\raw\species40\Test\Galanga_labeculata_IN9525880_17247.mp3
Galanga_labeculata_IN100993771_329001.mp3,Galanga_labeculata,Cicadidae,http://creativecommons.org/licenses/by-nc/4.0/,bpscicada,https://www.inaturalist.org/observations/100993771,https://static.inaturalist.org/sounds/329001.mp3?1636801397,,Galanga_labeculata,Test,,0.195235,data\raw\species40\Test\Galanga_labeculata_IN100993771_329001.mp3
Phaneroptera_nana_IN190249315_842521.mp3,Phaneroptera_nana,Orthoptera,http://creativecommons.org/licenses/by-nc/4.0/,Miriam Öttl,https://www.inaturalist.org/observations/190249315,https://static.inaturalist.org/sounds/842521.mp3?1699308394,,Phaneroptera_nana,Test,,0.080388,data\raw\species40\Test\Phaneroptera_nana_IN190249315_842521.mp3
Chorthippus_biguttulus_IN130425558_518686.mp3,Chorthippus_biguttulus,Orthoptera,http://creativecommons.org/licenses/by-nc/4.0/,gernotkunz,https://www.inaturalist.org/observations/130425558,https://static.inaturalist.org/sounds/518686.m4a?1660252385,,Chorthippus_biguttulus,Test,,0.481457,data\raw\species40\Test\Chorthippus_biguttulus_IN130425558_518686.mp3
Neotibicen_pruinosus_IN85042855_264853.mp3,Neotibicen_pruinosus,Cicadidae,http://creativecommons.org/licenses/by-nc/4.0/,Kevin Young,https://www.inaturalist.org/observations/85042855,https://static.inaturalist.org/sounds/264853.m4a?1625016170,,Neotibicen_pruinosus,Test,,0.125205,data\raw\species40\Test\Neotibicen_pruinosus_IN85042855_264853.mp3
Neotibicen_pruinosus_IN181697368_806189.mp3,Neotibicen_pruinosus,Cicadidae,http://creativecommons.org/licenses/by-nc/4.0/,Senna Bryce Robeson,https://www.inaturalist.org/observations/181697368,https://static.inaturalist.org/sounds/806189.m4a?1693805955,,Neotibicen_pruinosus,Test,,0.267808,data\raw\species40\Test\Neotibicen_pruinosus_IN181697368_806189.mp3
Atrapsalta_corticina_IN97086962_312620.mp3,Atrapsalta_corticina,Cicadidae,http://creativecommons.org/licenses/by-nc/4.0/,Nathan Emery,https://www.inaturalist.org/observations/97086962,https://static.inaturalist.org/sounds/312620.m4a?1633303693,,Atrapsalta_corticina,Test,,0.155919,data\raw\species40\Test\Atrapsalta_corticina_IN97086962_312620.mp3
Oecanthus_pellucens_IN100341230_325705.mp3,Oecanthus_pellucens,Orthoptera,http://creativecommons.org/licenses/by-nc/4.0/,Zsolt Dobos,https://www.inaturalist.org/observations/100341230,https://static.inaturalist.org/sounds/325705.mp3?1636143212,,Oecanthus_pellucens,Test,,0.222893,data\raw\species40\Test\Oecanthus_pellucens_IN100341230_325705.mp3
Yoyetta_repetens_IN68405468_159702.wav,Yoyetta_repetens,Cicadidae,http://creativecommons.org/licenses/by-nc/4.0/,Joel Poyitt,https://www.inaturalist.org/observations/68405468,https://static.inaturalist.org/sounds/159702.wav?1611232710,,Yoyetta_repetens,Test,,1.518267,data\raw\species40\Test\Yoyetta_repetens_IN68405468_159702.wav
Meimuna_opalifera_IN127474471_505445.mp3,Meimuna_opalifera,Cicadidae,http://creativecommons.org/licenses/by-nc/4.0/,MP Zhou,https://www.inaturalist.org/observations/127474471,https://static.inaturalist.org/sounds/505445.mp3?1658565223,,Meimuna_opalifera,Test,,0.14007,data\raw\species40\Test\Meimuna_opalifera_IN127474471_505445.mp3
Yoyetta_repetens_IN18664843_27758.wav,Yoyetta_repetens,Cicadidae,http://creativecommons.org/licenses/by-nc/4.0/,Christie,https://www.inaturalist.org/observations/18664843,https://static.inaturalist.org/sounds/27758.wav?1543571387,,Yoyetta_repetens,Test,,0.432925,data\raw\species40\Test\Yoyetta_repetens_IN18664843_27758.wav
Yoyetta_repetens_IN63861828_146003.mp3,Yoyetta_repetens,Cicadidae,http://creativecommons.org/licenses/by/4.0/,Thomas Mesaglio,https://www.inaturalist.org/observations/63861828,https://static.inaturalist.org/sounds/146003.m4a?1604114869,,Yoyetta_repetens,Test,,0.52387,data\raw\species40\Test\Yoyetta_repetens_IN63861828_146003.mp3
Pseudochorthippus_parallelus_IN175948969_782422.wav,Pseudochorthippus_parallelus,Orthoptera,http://creativecommons.org/licenses/by/4.0/,Daniel Linzbauer,https://www.inaturalist.org/observations/175948969,https://static.inaturalist.org/sounds/782422.wav?1690818546,,Pseudochorthippus_parallelus,Test,,0.92697,data\raw\species40\Test\Pseudochorthippus_parallelus_IN175948969_782422.wav
Microcentrum_rhombifolium_IN94663163_304855.mp3,Microcentrum_rhombifolium,Orthoptera,http://creativecommons.org/licenses/by-nc/4.0/,Caleb Helsel,https://www.inaturalist.org/observations/94663163,https://static.inaturalist.org/sounds/304855.m4a?1631497160,,Microcentrum_rhombifolium,Test,,0.310067,data\raw\species40\Test\Microcentrum_rhombifolium_IN94663163_304855.mp3
Popplepsalta_notialis_IN144530141_573741.mp3,Popplepsalta_notialis,Cicadidae,http://creativecommons.org/licenses/by-nc/4.0/,bpscicada,https://www.inaturalist.org/observations/144530141,https://static.inaturalist.org/sounds/573741.mp3?1671278968,,Popplepsalta_notialis,Test,,0.156514,data\raw\species40\Test\Popplepsalta_notialis_IN144530141_573741.mp3
Gryllus_pennsylvanicus_IN181629435_805935.mp3,Gryllus_pennsylvanicus,Orthoptera,http://creativecommons.org/publicdomain/zero/1.0/,Liam Steele,https://www.inaturalist.org/observations/181629435,https://static.inaturalist.org/sounds/805935.m4a?1693773538,,Gryllus_pennsylvanicus,Test,,0.339557,data\raw\species40\Test\Gryllus_pennsylvanicus_IN181629435_805935.mp3
Conocephalus_fuscus_IN181780485_806545.mp3,Conocephalus_fuscus,Orthoptera,http://creativecommons.org/licenses/by-nc/4.0/,Africa Gomez,https://www.inaturalist.org/observations/181780485,https://static.inaturalist.org/sounds/806545.m4a?1693852599,,Conocephalus_fuscus,Test,,0.143714,data\raw\species40\Test\Conocephalus_fuscus_IN181780485_806545.mp3
Gryllus_pennsylvanicus_IN57506313_132492.mp3,Gryllus_pennsylvanicus,Orthoptera,http://creativecommons.org/licenses/by-nc/4.0/,Jacob McLaren,https://www.inaturalist.org/observations/57506313,https://static.inaturalist.org/sounds/132492.m4a?1598321239,,Gryllus_pennsylvanicus,Test,,0.134179,data\raw\species40\Test\Gryllus_pennsylvanicus_IN57506313_132492.mp3
Decticus_albifrons_IN91873239_294315.mp3,Decticus_albifrons,Orthoptera,http://creativecommons.org/licenses/by-nc/4.0/,michi100,https://www.inaturalist.org/observations/91873239,https://static.inaturalist.org/sounds/294315.m4a?1629481880,,Decticus_albifrons,Test,,0.291753,data\raw\species40\Test\Decticus_albifrons_IN91873239_294315.mp3
Conocephalus_fuscus_IN185919370_823743.mp3,Conocephalus_fuscus,Orthoptera,http://creativecommons.org/licenses/by-nc/4.0/,Africa Gomez,https://www.inaturalist.org/observations/185919370,https://static.inaturalist.org/sounds/823743.m4a?1696263273,,Conocephalus_fuscus,Test,,0.124832,data\raw\species40\Test\Conocephalus_fuscus_IN185919370_823743.mp3
Yoyetta_repetens_IN20313148_31168.wav,Yoyetta_repetens,Cicadidae,http://creativecommons.org/licenses/by-nc/4.0/,Christie,https://www.inaturalist.org/observations/20313148,https://static.inaturalist.org/sounds/31168.wav?1550045555,,Yoyetta_repetens,Test,,0.28169,data\raw\species40\Test\Yoyetta_repetens_IN20313148_31168.wav
Magicicada_septendecim_IN80522083_235881.wav,Magicicada_septendecim,Cicadidae,http://creativecommons.org/publicdomain/zero/1.0/,Maura,https://www.inaturalist.org/observations/80522083,https://static.inaturalist.org/sounds/235881.wav?1622147477,,Magicicada_septendecim,Test,,1.304649,data\raw\species40\Test\Magicicada_septendecim_IN80522083_235881.wav
Tettigonia_cantans_IN183391957_813010.mp3,Tettigonia_cantans,Orthoptera,http://creativecommons.org/licenses/by/4.0/,E. A.,https://www.inaturalist.org/observations/183391957,https://static.inaturalist.org/sounds/813010.m4a?1694802532,,Tettigonia_cantans,Test,,0.187661,data\raw\species40\Test\Tettigonia_cantans_IN183391957_813010.mp3
Magicicada_septendecim_IN82065685_247726.mp3,Magicicada_septendecim,Cicadidae,http://creativecommons.org/licenses/by-nc/4.0/,Nate Marchessault,https://www.inaturalist.org/observations/82065685,https://static.inaturalist.org/sounds/247726.mp3?1623094236,,Magicicada_septendecim,Test,,0.18321,data\raw\species40\Test\Magicicada_septendecim_IN82065685_247726.mp3
Neotibicen_pruinosus_IN161524554_696114.mp3,Neotibicen_pruinosus,Cicadidae,http://creativecommons.org/licenses/by-nc/4.0/,fkdjdjfj3eiu5u392,https://www.inaturalist.org/observations/161524554,https://static.inaturalist.org/sounds/696114.mp3?1684027549,,Neotibicen_pruinosus,Test,,0.113786,data\raw\species40\Test\Neotibicen_pruinosus_IN161524554_696114.mp3
Popplepsalta_notialis_IN36333829_52144.wav,Popplepsalta_notialis,Cicadidae,http://creativecommons.org/licenses/by-nc/4.0/,Christie,https://www.inaturalist.org/observations/36333829,https://static.inaturalist.org/sounds/52144.wav?1575772063,,Popplepsalta_notialis,Test,,0.620782,data\raw\species40\Test\Popplepsalta_notialis_IN36333829_52144.wav
Tettigonia_cantans_IN173176490_770286.mp3,Tettigonia_cantans,Orthoptera,http://creativecommons.org/licenses/by-nc/4.0/,Dmitriy Fetisov,https://www.inaturalist.org/observations/173176490,https://static.inaturalist.org/sounds/770286.mp3?1689500046,,Tettigonia_cantans,Test,,0.09043,data\raw\species40\Test\Tettigonia_cantans_IN173176490_770286.mp3
Cyclochila_australasiae_IN143552486_569489.mp3,Cyclochila_australasiae,Cicadidae,http://creativecommons.org/licenses/by-nc/4.0/,jhannan,https://www.inaturalist.org/observations/143552486,https://static.inaturalist.org/sounds/569489.m4a?1670059531,,Cyclochila_australasiae,Test,,0.281132,data\raw\species40\Test\Cyclochila_australasiae_IN143552486_569489.mp3
Roeseliana_roeselii_IN188375667_834501.wav,Roeseliana_roeselii,Orthoptera,http://creativecommons.org/licenses/by-nc/4.0/,Ludwig Treuter,https://www.inaturalist.org/observations/188375667,https://static.inaturalist.org/sounds/834501.wav?1697894327,,Roeseliana_roeselii,Test,,0.751367,data\raw\species40\Test\Roeseliana_roeselii_IN188375667_834501.wav
Magicicada_septendecim_IN81417229_243236.mp3,Magicicada_septendecim,Cicadidae,http://creativecommons.org/publicdomain/zero/1.0/,Martin Kalfatovic,https://www.inaturalist.org/observations/81417229,https://static.inaturalist.org/sounds/243236.m4a?1622720105,,Magicicada_septendecim,Test,,0.138941,data\raw\species40\Test\Magicicada_septendecim_IN81417229_243236.mp3
Gryllotalpa_gryllotalpa_IN162548776_704100.mp3,Gryllotalpa_gryllotalpa,Orthoptera,http://creativecommons.org/licenses/by-nc/4.0/,Miriam Öttl,https://www.inaturalist.org/observations/162548776,https://static.inaturalist.org/sounds/704100.mp3?1684530582,,Gryllotalpa_gryllotalpa,Test,,0.051,data\raw\species40\Test\Gryllotalpa_gryllotalpa_IN162548776_704100.mp3
Cystosoma_saundersii_IN16545864_25831.mp3,Cystosoma_saundersii,Cicadidae,http://creativecommons.org/licenses/by-nc/4.0/,Joel Poyitt,https://www.inaturalist.org/observations/16545864,https://static.inaturalist.org/sounds/25831.m4a?1537001710,,Cystosoma_saundersii,Test,,0.220486,data\raw\species40\Test\Cystosoma_saundersii_IN16545864_25831.mp3
Roeseliana_roeselii_IN181930792_807118.mp3,Roeseliana_roeselii,Orthoptera,http://creativecommons.org/licenses/by-nc/4.0/,Africa Gomez,https://www.inaturalist.org/observations/181930792,https://static.inaturalist.org/sounds/807118.m4a?1693933578,,Roeseliana_roeselii,Test,,0.132832,data\raw\species40\Test\Roeseliana_roeselii_IN181930792_807118.mp3
Popplepsalta_notialis_IN18834768_27993.mp3,Popplepsalta_notialis,Cicadidae,http://creativecommons.org/licenses/by-nc/4.0/,Joel Poyitt,https://www.inaturalist.org/observations/18834768,https://static.inaturalist.org/sounds/27993.m4a?1648747570,,Popplepsalta_notialis,Test,,0.198058,data\raw\species40\Test\Popplepsalta_notialis_IN18834768_27993.mp3
Cyclochila_australasiae_IN35365465_49887.mp3,Cyclochila_australasiae,Cicadidae,http://creativecommons.org/licenses/by-nc/4.0/,Joel Poyitt,https://www.inaturalist.org/observations/35365465,https://static.inaturalist.org/sounds/49887.m4a?1573036416,,Cyclochila_australasiae,Test,,0.159808,data\raw\species40\Test\Cyclochila_australasiae_IN35365465_49887.mp3
Phaneroptera_nana_IN178051436_791224.wav,Phaneroptera_nana,Orthoptera,http://creativecommons.org/licenses/by/4.0/,Aurélien Coste,https://www.inaturalist.org/observations/178051436,https://static.inaturalist.org/sounds/791224.wav?1691870289,,Phaneroptera_nana,Test,,0.194522,data\raw\species40\Test\Phaneroptera_nana_IN178051436_791224.wav
Magicicada_septendecim_IN220943797_1080783.mp3,Magicicada_septendecim,Cicadidae,http://creativecommons.org/licenses/by/4.0/,Tom,https://www.inaturalist.org/observations/220943797,https://static.inaturalist.org/sounds/1080783.m4a?1717699808,,Magicicada_septendecim,Test,,0.070465,data\raw\species40\Test\Magicicada_septendecim_IN220943797_1080783.mp3
Tettigonia_cantans_IN183486908_813413.mp3,Tettigonia_cantans,Orthoptera,http://creativecommons.org/publicdomain/zero/1.0/,ahabo,https://www.inaturalist.org/observations/183486908,https://static.inaturalist.org/sounds/813413.m4a?1694865302,,Tettigonia_cantans,Test,,0.344116,data\raw\species40\Test\Tettigonia_cantans_IN183486908_813413.mp3
Neotibicen_pruinosus_IN29801620_44682.mp3,Neotibicen_pruinosus,Cicadidae,http://creativecommons.org/licenses/by-nc/4.0/,amlambert11,https://www.inaturalist.org/observations/29801620,https://static.inaturalist.org/sounds/44682.m4a?1648758450,,Neotibicen_pruinosus,Test,,0.457634,data\raw\species40\Test\Neotibicen_pruinosus_IN29801620_44682.mp3
Decticus_albifrons_IN130052103_517103.mp3,Decticus_albifrons,Orthoptera,http://creativecommons.org/licenses/by/4.0/,silk128,https://www.inaturalist.org/observations/130052103,https://static.inaturalist.org/sounds/517103.m4a?1660005123,,Decticus_albifrons,Test,,0.292243,data\raw\species40\Test\Decticus_albifrons_IN130052103_517103.mp3
Eumodicogryllus_bordigalensis_IN126118961_498492.mp3,Eumodicogryllus_bordigalensis,Orthoptera,http://creativecommons.org/licenses/by/4.0/,carnifex,https://www.inaturalist.org/observations/126118961,https://static.inaturalist.org/sounds/498492.mp3?1657746510,,Eumodicogryllus_bordigalensis,Test,,0.243561,data\raw\species40\Test\Eumodicogryllus_bordigalensis_IN126118961_498492.mp3
Gryllus_pennsylvanicus_IN57904755_133230.wav,Gryllus_pennsylvanicus,Orthoptera,http://creativecommons.org/licenses/by-nc/4.0/,Brent Musser,https://www.inaturalist.org/observations/57904755,https://static.inaturalist.org/sounds/133230.wav?1598694121,,Gryllus_pennsylvanicus,Test,,0.477084,data\raw\species40\Test\Gryllus_pennsylvanicus_IN57904755_133230.wav
Neotibicen_canicularis_IN135556260_537801.mp3,Neotibicen_canicularis,Cicadidae,http://creativecommons.org/licenses/by-nc/4.0/,Omer Haris,https://www.inaturalist.org/observations/135556260,https://static.inaturalist.org/sounds/537801.m4a?1663526356,,Neotibicen_canicularis,Test,,1.260019,data\raw\species40\Test\Neotibicen_canicularis_IN135556260_537801.mp3
Eumodicogryllus_bordigalensis_IN127424033_505644.mp3,Eumodicogryllus_bordigalensis,Orthoptera,http://creativecommons.org/licenses/by/4.0/,carnifex,https://www.inaturalist.org/observations/127424033,https://static.inaturalist.org/sounds/505644.mp3?1658591424,,Eumodicogryllus_bordigalensis,Test,,0.092905,data\raw\species40\Test\Eumodicogryllus_bordigalensis_IN127424033_505644.mp3
Cystosoma_saundersii_IN67653962_157295.wav,Cystosoma_saundersii,Cicadidae,http://creativecommons.org/licenses/by-nc/4.0/,Joel Poyitt,https://www.inaturalist.org/observations/67653962,https://static.inaturalist.org/sounds/157295.wav?1609913071,,Cystosoma_saundersii,Test,,0.718708,data\raw\species40\Test\Cystosoma_saundersii_IN67653962_157295.wav
Platycleis_albopunctata_XC875116.wav,Platycleis_albopunctata,Orthoptera,//creativecommons.org/licenses/by-sa/4.0/,K.-G. Heller,https://xeno-canto.org/875116,https://xeno-canto.org/875116/download,,Platycleis_albopunctata,Test,12.5,1.341877,data\raw\species40\Test\Platycleis_albopunctata_XC875116.wav
Neotibicen_canicularis_IN91692956_293562.mp3,Neotibicen_canicularis,Cicadidae,http://creativecommons.org/licenses/by/4.0/,Mathew Zappa,https://www.inaturalist.org/observations/91692956,https://static.inaturalist.org/sounds/293562.m4a?1629331665,,Neotibicen_canicularis,Test,,0.141339,data\raw\species40\Test\Neotibicen_canicularis_IN91692956_293562.mp3
Neotibicen_pruinosus_IN225014283_1108188.mp3,Neotibicen_pruinosus,Cicadidae,http://creativecommons.org/licenses/by/4.0/,L.J. Lamera,https://www.inaturalist.org/observations/225014283,https://static.inaturalist.org/sounds/1108188.m4a?1719280314,,Neotibicen_pruinosus,Test,,0.059782,data\raw\species40\Test\Neotibicen_pruinosus_IN225014283_1108188.mp3
Atrapsalta_corticina_IN34819796_49155.wav,Atrapsalta_corticina,Cicadidae,http://creativecommons.org/licenses/by-nc/4.0/,Nathan Emery,https://www.inaturalist.org/observations/34819796,https://static.inaturalist.org/sounds/49155.wav?1571905412,,Atrapsalta_corticina,Test,,0.763199,data\raw\species40\Test\Atrapsalta_corticina_IN34819796_49155.wav
Gryllus_bimaculatus_IN91903234_294478.mp3,Gryllus_bimaculatus,Orthoptera,http://creativecommons.org/licenses/by-nc/4.0/,Daniel Raposo,https://www.inaturalist.org/observations/91903234,https://static.inaturalist.org/sounds/294478.mp3?1629498561,,Gryllus_bimaculatus,Test,,0.176988,data\raw\species40\Test\Gryllus_bimaculatus_IN91903234_294478.mp3
Meimuna_opalifera_IN95008170_306010.mp3,Meimuna_opalifera,Cicadidae,http://creativecommons.org/licenses/by-nc/4.0/,ツチガエル,https://www.inaturalist.org/observations/95008170,https://static.inaturalist.org/sounds/306010.m4a?1631771096,,Meimuna_opalifera,Test,,0.196569,data\raw\species40\Test\Meimuna_opalifera_IN95008170_306010.mp3
Magicicada_septendecim_IN83565560_256550.mp3,Magicicada_septendecim,Cicadidae,http://creativecommons.org/licenses/by/4.0/,birdzilla,https://www.inaturalist.org/observations/83565560,https://static.inaturalist.org/sounds/256550.m4a?1624056635,,Magicicada_septendecim,Test,,0.270881,data\raw\species40\Test\Magicicada_septendecim_IN83565560_256550.mp3
Chorthippus_brunneus_IN83266299_254907.mp3,Chorthippus_brunneus,Orthoptera,http://creativecommons.org/licenses/by-nc/4.0/,Lennart Mak,https://www.inaturalist.org/observations/83266299,https://static.inaturalist.org/sounds/254907.m4a?1623855294,,Chorthippus_brunneus,Test,,0.269623,data\raw\species40\Test\Chorthippus_brunneus_IN83266299_254907.mp3
Tettigonia_cantans_IN131228788_522170.mp3,Tettigonia_cantans,Orthoptera,http://creativecommons.org/licenses/by/4.0/,snaily_naily173,https://www.inaturalist.org/observations/131228788,https://static.inaturalist.org/sounds/522170.mp3?1660759498,,Tettigonia_cantans,Test,,0.086695,data\raw\species40\Test\Tettigonia_cantans_IN131228788_522170.mp3
Microcentrum_rhombifolium_IN92606975_297392.mp3,Microcentrum_rhombifolium,Orthoptera,http://creativecommons.org/licenses/by-nc/4.0/,dbeadle,https://www.inaturalist.org/observations/92606975,https://static.inaturalist.org/sounds/297392.mp3?1630010243,,Microcentrum_rhombifolium,Test,,0.182566,data\raw\species40\Test\Microcentrum_rhombifolium_IN92606975_297392.mp3
Tettigonia_cantans_IN131367819_522658.mp3,Tettigonia_cantans,Orthoptera,http://creativecommons.org/licenses/by/4.0/,snaily_naily173,https://www.inaturalist.org/observations/131367819,https://static.inaturalist.org/sounds/522658.mp3?1660851834,,Tettigonia_cantans,Test,,0.124806,data\raw\species40\Test\Tettigonia_cantans_IN131367819_522658.mp3
Meimuna_opalifera_IN185526866_821964.mp3,Meimuna_opalifera,Cicadidae,http://creativecommons.org/licenses/by-nc/4.0/,Observações Naturalistas;Bruno Uehara,https://www.inaturalist.org/observations/185526866,https://static.inaturalist.org/sounds/821964.m4a?1696049523,,Meimuna_opalifera,Test,,0.334409,data\raw\species40\Test\Meimuna_opalifera_IN185526866_821964.mp3
Neotibicen_canicularis_IN54731739_125432.mp3,Neotibicen_canicularis,Cicadidae,http://creativecommons.org/licenses/by/4.0/,Nick Kleinschmidt,https://www.inaturalist.org/observations/54731739,https://static.inaturalist.org/sounds/125432.m4a?1596030774,,Neotibicen_canicularis,Test,,0.549652,data\raw\species40\Test\Neotibicen_canicularis_IN54731739_125432.mp3
Eumodicogryllus_bordigalensis_IN86845603_273920.mp3,Eumodicogryllus_bordigalensis,Orthoptera,http://creativecommons.org/licenses/by-nc/4.0/,zighost,https://www.inaturalist.org/observations/86845603,https://static.inaturalist.org/sounds/273920.mp3?1626181491,,Eumodicogryllus_bordigalensis,Test,,0.177946,data\raw\species40\Test\Eumodicogryllus_bordigalensis_IN86845603_273920.mp3
Tettigettalna_argentata_IN178657950_793641.mp3,Tettigettalna_argentata,Cicadidae,http://creativecommons.org/licenses/by-nc/4.0/,Nelson Conceição,https://www.inaturalist.org/observations/178657950,https://static.inaturalist.org/sounds/793641.mp3?1692176967,,Tettigettalna_argentata,Test,,1.081522,data\raw\species40\Test\Tettigettalna_argentata_IN178657950_793641.mp3
Roeseliana_roeselii_IN184891205_819071.mp3,Roeseliana_roeselii,Orthoptera,http://creativecommons.org/licenses/by-nc/4.0/,Africa Gomez,https://www.inaturalist.org/observations/184891205,https://static.inaturalist.org/sounds/819071.m4a?1695662854,,Roeseliana_roeselii,Test,,0.158375,data\raw\species40\Test\Roeseliana_roeselii_IN184891205_819071.mp3
Gryllotalpa_gryllotalpa_IN115956684_429065.mp3,Gryllotalpa_gryllotalpa,Orthoptera,http://creativecommons.org/licenses/by-nc/4.0/,carlobraunert,https://www.inaturalist.org/observations/115956684,https://static.inaturalist.org/sounds/429065.m4a?1651951522,,Gryllotalpa_gryllotalpa,Test,,0.222833,data\raw\species40\Test\Gryllotalpa_gryllotalpa_IN115956684_429065.mp3
Gryllotalpa_gryllotalpa_IN213112618_1014002.mp3,Gryllotalpa_gryllotalpa,Orthoptera,http://creativecommons.org/licenses/by-nc/4.0/,Tobias Gratzer,https://www.inaturalist.org/observations/213112618,https://static.inaturalist.org/sounds/1014002.mp3?1714733232,,Gryllotalpa_gryllotalpa,Test,,0.097699,data\raw\species40\Test\Gryllotalpa_gryllotalpa_IN213112618_1014002.mp3
Atrapsalta_corticina_IN139292880_551629.mp3,Atrapsalta_corticina,Cicadidae,http://creativecommons.org/licenses/by-nc/4.0/,Ben McBurney,https://www.inaturalist.org/observations/139292880,https://static.inaturalist.org/sounds/551629.mp3?1666145313,,Atrapsalta_corticina,Test,,0.123118,data\raw\species40\Test\Atrapsalta_corticina_IN139292880_551629.mp3
Platycleis_albopunctata_XC868125.wav,Platycleis_albopunctata,Orthoptera,//creativecommons.org/licenses/by-sa/4.0/,K.-G. Heller,https://xeno-canto.org/868125,https://xeno-canto.org/868125/download,,Platycleis_albopunctata,Test,12.0,1.428893,data\raw\species40\Test\Platycleis_albopunctata_XC868125.wav
Chorthippus_mollis_IN71002452_171089.mp3,Chorthippus_mollis,Orthoptera,http://creativecommons.org/licenses/by-nc/4.0/,Axel Dehalleux,https://www.inaturalist.org/observations/71002452,https://static.inaturalist.org/sounds/171089.mp3?1615476959,,Chorthippus_mollis,Test,,0.084863,data\raw\species40\Test\Chorthippus_mollis_IN71002452_171089.mp3
Tettigettalna_argentata_IN80717085_238147.mp3,Tettigettalna_argentata,Cicadidae,http://creativecommons.org/licenses/by-nc/4.0/,Luis Santos,https://www.inaturalist.org/observations/80717085,https://static.inaturalist.org/sounds/238147.m4a?1622288244,,Tettigettalna_argentata,Test,,0.574852,data\raw\species40\Test\Tettigettalna_argentata_IN80717085_238147.mp3
Cystosoma_saundersii_IN18125264_27212.mp3,Cystosoma_saundersii,Cicadidae,http://creativecommons.org/licenses/by-nc/4.0/,Joel Poyitt,https://www.inaturalist.org/observations/18125264,https://static.inaturalist.org/sounds/27212.m4a?1648746094,,Cystosoma_saundersii,Test,,0.127444,data\raw\species40\Test\Cystosoma_saundersii_IN18125264_27212.mp3
Atrapsalta_corticina_IN19644264_30150.mp3,Atrapsalta_corticina,Cicadidae,http://creativecommons.org/licenses/by-nc/4.0/,Joel Poyitt,https://www.inaturalist.org/observations/19644264,https://static.inaturalist.org/sounds/30150.m4a?1648748848,,Atrapsalta_corticina,Test,,0.188672,data\raw\species40\Test\Atrapsalta_corticina_IN19644264_30150.mp3
Cystosoma_saundersii_IN143017812_567668.mp3,Cystosoma_saundersii,Cicadidae,http://creativecommons.org/licenses/by-nc/4.0/,Joel Poyitt,https://www.inaturalist.org/observations/143017812,https://static.inaturalist.org/sounds/567668.m4a?1669540429,,Cystosoma_saundersii,Test,,0.138337,data\raw\species40\Test\Cystosoma_saundersii_IN143017812_567668.mp3
Conocephalus_fuscus_XC829525.wav,Conocephalus_fuscus,Orthoptera,//creativecommons.org/licenses/by-nc-sa/4.0/,Cedric Mroczko,https://xeno-canto.org/829525,https://xeno-canto.org/829525/download,,Conocephalus_fuscus,Test,32.0,1.162693,data\raw\species40\Test\Conocephalus_fuscus_XC829525.wav
Henicopsaltria_eydouxii_IN9606626_17361.mp3,Henicopsaltria_eydouxii,Cicadidae,http://creativecommons.org/publicdomain/zero/1.0/,Claudia Schipp,https://www.inaturalist.org/observations/9606626,https://static.inaturalist.org/sounds/17361.mp3?1516844659,,Henicopsaltria_eydouxii,Test,,0.166466,data\raw\species40\Test\Henicopsaltria_eydouxii_IN9606626_17361.mp3
Gryllus_pennsylvanicus_IN140512905_556662.mp3,Gryllus_pennsylvanicus,Orthoptera,http://creativecommons.org/licenses/by-nc/4.0/,Annkatrin Rose,https://www.inaturalist.org/observations/140512905,https://static.inaturalist.org/sounds/556662.mp3?1667137053,,Gryllus_pennsylvanicus,Test,,0.128285,data\raw\species40\Test\Gryllus_pennsylvanicus_IN140512905_556662.mp3
Cystosoma_saundersii_IN192317058_852318.wav,Cystosoma_saundersii,Cicadidae,http://creativecommons.org/licenses/by-nc/4.0/,cooper5jenny,https://www.inaturalist.org/observations/192317058,https://static.inaturalist.org/sounds/852318.wav?1701078159,,Cystosoma_saundersii,Test,,0.655543,data\raw\species40\Test\Cystosoma_saundersii_IN192317058_852318.wav
Gryllus_pennsylvanicus_IN134222983_532661.mp3,Gryllus_pennsylvanicus,Orthoptera,http://creativecommons.org/licenses/by-nc/4.0/,Liam Ragan,https://www.inaturalist.org/observations/134222983,https://static.inaturalist.org/sounds/532661.m4a?1662672029,,Gryllus_pennsylvanicus,Test,,0.174843,data\raw\species40\Test\Gryllus_pennsylvanicus_IN134222983_532661.mp3
Platycleis_albopunctata_IN171435188_761638.mp3,Platycleis_albopunctata,Orthoptera,http://creativecommons.org/licenses/by-nc/4.0/,Martin Vukušić,https://www.inaturalist.org/observations/171435188,https://static.inaturalist.org/sounds/761638.m4a?1688671618,,Platycleis_albopunctata,Test,,0.200086,data\raw\species40\Test\Platycleis_albopunctata_IN171435188_761638.mp3
Gryllus_pennsylvanicus_IN131723691_524228.mp3,Gryllus_pennsylvanicus,Orthoptera,http://creativecommons.org/licenses/by-nc/4.0/,Birddogger,https://www.inaturalist.org/observations/131723691,https://static.inaturalist.org/sounds/524228.m4a?1661087133,,Gryllus_pennsylvanicus,Test,,0.091692,data\raw\species40\Test\Gryllus_pennsylvanicus_IN131723691_524228.mp3
Decticus_albifrons_IN53585593_122417.mp3,Decticus_albifrons,Orthoptera,http://creativecommons.org/licenses/by/4.0/,anasacuta,https://www.inaturalist.org/observations/53585593,https://static.inaturalist.org/sounds/122417.m4a?1595160220,,Decticus_albifrons,Test,,0.257042,data\raw\species40\Test\Decticus_albifrons_IN53585593_122417.mp3
Pseudochorthippus_parallelus_IN225989743_1114102.mp3,Pseudochorthippus_parallelus,Orthoptera,http://creativecommons.org/licenses/by-nc/4.0/,gernotkunz,https://www.inaturalist.org/observations/225989743,https://static.inaturalist.org/sounds/1114102.m4a?1719684882,,Pseudochorthippus_parallelus,Test,,0.199221,data\raw\species40\Test\Pseudochorthippus_parallelus_IN225989743_1114102.mp3
Roeseliana_roeselii_IN128758778_511121.wav,Roeseliana_roeselii,Orthoptera,http://creativecommons.org/licenses/by-nc/4.0/,tmynttin,https://www.inaturalist.org/observations/128758778,https://static.inaturalist.org/sounds/511121.wav?1659253219,,Roeseliana_roeselii,Test,,0.580348,data\raw\species40\Test\Roeseliana_roeselii_IN128758778_511121.wav
Decticus_albifrons_IN91032584_291228.mp3,Decticus_albifrons,Orthoptera,http://creativecommons.org/licenses/by/4.0/,Daniel Linzbauer,https://www.inaturalist.org/observations/91032584,https://static.inaturalist.org/sounds/291228.m4a?1628883339,,Decticus_albifrons,Test,,0.170824,data\raw\species40\Test\Decticus_albifrons_IN91032584_291228.mp3
Henicopsaltria_eydouxii_IN149092404_600059.mp3,Henicopsaltria_eydouxii,Cicadidae,http://creativecommons.org/licenses/by-nc/4.0/,Colin Trainor,https://www.inaturalist.org/observations/149092404,https://static.inaturalist.org/sounds/600059.m4a?1676769971,,Henicopsaltria_eydouxii,Test,,0.705907,data\raw\species40\Test\Henicopsaltria_eydouxii_IN149092404_600059.mp3
Eumodicogryllus_bordigalensis_IN124158506_487102.mp3,Eumodicogryllus_bordigalensis,Orthoptera,http://creativecommons.org/licenses/by-nc/4.0/,drosophila,https://www.inaturalist.org/observations/124158506,https://static.inaturalist.org/sounds/487102.m4a?1656622240,,Eumodicogryllus_bordigalensis,Test,,0.108153,data\raw\species40\Test\Eumodicogryllus_bordigalensis_IN124158506_487102.mp3
Gryllus_bimaculatus_IN94422566_304128.mp3,Gryllus_bimaculatus,Orthoptera,http://creativecommons.org/licenses/by-nc/4.0/,zighost,https://www.inaturalist.org/observations/94422566,https://static.inaturalist.org/sounds/304128.m4a?1631357664,,Gryllus_bimaculatus,Test,,1.414504,data\raw\species40\Test\Gryllus_bimaculatus_IN94422566_304128.mp3
Platycleis_albopunctata_XC446570.mp3,Platycleis_albopunctata,Orthoptera,//creativecommons.org/licenses/by-nc-sa/4.0/,Baudewijn Odé,https://xeno-canto.org/446570,https://xeno-canto.org/446570/download,,Platycleis_albopunctata,Test,,0.24813,data\raw\species40\Test\Platycleis_albopunctata_XC446570.mp3
Roeseliana_roeselii_IN182929873_810986.mp3,Roeseliana_roeselii,Orthoptera,http://creativecommons.org/licenses/by-nc/4.0/,Karol Łanocha,https://www.inaturalist.org/observations/182929873,https://static.inaturalist.org/sounds/810986.m4a?1694518166,,Roeseliana_roeselii,Test,,0.407313,data\raw\species40\Test\Roeseliana_roeselii_IN182929873_810986.mp3
Chorthippus_brunneus_IN52245659_117884.mp3,Chorthippus_brunneus,Orthoptera,http://creativecommons.org/licenses/by-nc/4.0/,Mika Tomta,https://www.inaturalist.org/observations/52245659,https://static.inaturalist.org/sounds/117884.m4a?1594121274,,Chorthippus_brunneus,Test,,0.083203,data\raw\species40\Test\Chorthippus_brunneus_IN52245659_117884.mp3
Meimuna_opalifera_IN94192744_303182.mp3,Meimuna_opalifera,Cicadidae,http://creativecommons.org/licenses/by-nc/4.0/,syltetoejsglas,https://www.inaturalist.org/observations/94192744,https://static.inaturalist.org/sounds/303182.m4a?1631177540,,Meimuna_opalifera,Test,,0.171579,data\raw\species40\Test\Meimuna_opalifera_IN94192744_303182.mp3
Microcentrum_rhombifolium_IN7881422_15421.mp3,Microcentrum_rhombifolium,Orthoptera,http://creativecommons.org/licenses/by-nc/4.0/,Jody Allair,https://www.inaturalist.org/observations/7881422,https://static.inaturalist.org/sounds/15421.m4a?1505162757,,Microcentrum_rhombifolium,Test,,0.447923,data\raw\species40\Test\Microcentrum_rhombifolium_IN7881422_15421.mp3
Chorthippus_mollis_XC929556.wav,Chorthippus_mollis,Orthoptera,//creativecommons.org/licenses/by-nc-sa/4.0/,Cedric Mroczko,https://xeno-canto.org/929556,https://xeno-canto.org/929556/download,,Chorthippus_mollis,Test,,1.521297,data\raw\species40\Test\Chorthippus_mollis_XC929556.wav
Platycleis_albopunctata_XC886552.wav,Platycleis_albopunctata,Orthoptera,//creativecommons.org/licenses/by-sa/4.0/,K.-G. Heller,https://xeno-canto.org/886552,https://xeno-canto.org/886552/download,,Platycleis_albopunctata,Test,28.0,1.695656,data\raw\species40\Test\Platycleis_albopunctata_XC886552.wav
Conocephalus_fuscus_XC752057.wav,Conocephalus_fuscus,Orthoptera,//creativecommons.org/licenses/by-sa/4.0/,Baudewijn Odé,https://xeno-canto.org/752057,https://xeno-canto.org/752057/download,,Conocephalus_fuscus,Test,21.5,2.572085,data\raw\species40\Test\Conocephalus_fuscus_XC752057.wav
Meimuna_opalifera_IN139500498_552354.wav,Meimuna_opalifera,Cicadidae,http://creativecommons.org/licenses/by-nc/4.0/,歐陽秀華,https://www.inaturalist.org/observations/139500498,https://static.inaturalist.org/sounds/552354.wav?1666332220,,Meimuna_opalifera,Test,,1.184875,data\raw\species40\Test\Meimuna_opalifera_IN139500498_552354.wav
Gryllus_bimaculatus_IN62056898_141392.mp3,Gryllus_bimaculatus,Orthoptera,http://creativecommons.org/licenses/by-nc/4.0/,Christophe Jenny,https://www.inaturalist.org/observations/62056898,https://static.inaturalist.org/sounds/141392.m4a?1602187241,,Gryllus_bimaculatus,Test,,0.20702,data\raw\species40\Test\Gryllus_bimaculatus_IN62056898_141392.mp3
Chorthippus_brunneus_IN122138694_474339.wav,Chorthippus_brunneus,Orthoptera,http://creativecommons.org/publicdomain/zero/1.0/,elodie8162,https://www.inaturalist.org/observations/122138694,https://static.inaturalist.org/sounds/474339.wav?1655459244,,Chorthippus_brunneus,Test,,0.067862,data\raw\species40\Test\Chorthippus_brunneus_IN122138694_474339.wav
Chorthippus_brunneus_IN178734481_793923.wav,Chorthippus_brunneus,Orthoptera,http://creativecommons.org/licenses/by-nc/4.0/,floflog,https://www.inaturalist.org/observations/178734481,https://static.inaturalist.org/sounds/793923.wav?1692214878,,Chorthippus_brunneus,Test,,0.635234,data\raw\species40\Test\Chorthippus_brunneus_IN178734481_793923.wav
Decticus_albifrons_IN130172261_517583.mp3,Decticus_albifrons,Orthoptera,http://creativecommons.org/licenses/by/4.0/,silk128,https://www.inaturalist.org/observations/130172261,https://static.inaturalist.org/sounds/517583.m4a?1660084801,,Decticus_albifrons,Test,,0.211704,data\raw\species40\Test\Decticus_albifrons_IN130172261_517583.mp3
Microcentrum_rhombifolium_IN95344267_307064.mp3,Microcentrum_rhombifolium,Orthoptera,http://creativecommons.org/licenses/by-nc/4.0/,Bill stitt,https://www.inaturalist.org/observations/95344267,https://static.inaturalist.org/sounds/307064.m4a?1632013482,,Microcentrum_rhombifolium,Test,,0.150468,data\raw\species40\Test\Microcentrum_rhombifolium_IN95344267_307064.mp3
Roeseliana_roeselii_IN133065089_529106.wav,Roeseliana_roeselii,Orthoptera,http://creativecommons.org/licenses/by-sa/4.0/,Pierrette Nyssen,https://www.inaturalist.org/observations/133065089,https://static.inaturalist.org/sounds/529106.wav?1661944565,,Roeseliana_roeselii,Test,,1.082771,data\raw\species40\Test\Roeseliana_roeselii_IN133065089_529106.wav
Pseudochorthippus_parallelus_IN175566271_780744.mp3,Pseudochorthippus_parallelus,Orthoptera,http://creativecommons.org/licenses/by-nc/4.0/,Isa Klee,https://www.inaturalist.org/observations/175566271,https://static.inaturalist.org/sounds/780744.m4a?1690648889,,Pseudochorthippus_parallelus,Test,,0.497878,data\raw\species40\Test\Pseudochorthippus_parallelus_IN175566271_780744.mp3
Microcentrum_rhombifolium_IN184202368_816316.mp3,Microcentrum_rhombifolium,Orthoptera,http://creativecommons.org/licenses/by-nc/4.0/,Cody Porter,https://www.inaturalist.org/observations/184202368,https://static.inaturalist.org/sounds/816316.m4a?1695260214,,Microcentrum_rhombifolium,Test,,0.180934,data\raw\species40\Test\Microcentrum_rhombifolium_IN184202368_816316.mp3
Chorthippus_mollis_IN179698302_797811.wav,Chorthippus_mollis,Orthoptera,http://creativecommons.org/licenses/by/4.0/,Daniel Linzbauer,https://www.inaturalist.org/observations/179698302,https://static.inaturalist.org/sounds/797811.wav?1692721719,,Chorthippus_mollis,Test,,0.889075,data\raw\species40\Test\Chorthippus_mollis_IN179698302_797811.wav
Pseudochorthippus_parallelus_IN127368422_504842.mp3,Pseudochorthippus_parallelus,Orthoptera,http://creativecommons.org/licenses/by/4.0/,E. A.,https://www.inaturalist.org/observations/127368422,https://static.inaturalist.org/sounds/504842.mp3?1658503086,,Pseudochorthippus_parallelus,Test,,0.165285,data\raw\species40\Test\Pseudochorthippus_parallelus_IN127368422_504842.mp3
Gryllus_bimaculatus_IN128062950_508016.mp3,Gryllus_bimaculatus,Orthoptera,http://creativecommons.org/licenses/by-nc/4.0/,mtfoliveira,https://www.inaturalist.org/observations/128062950,https://static.inaturalist.org/sounds/508016.m4a?1658874787,,Gryllus_bimaculatus,Test,,0.476191,data\raw\species40\Test\Gryllus_bimaculatus_IN128062950_508016.mp3
Microcentrum_rhombifolium_IN132215943_526253.mp3,Microcentrum_rhombifolium,Orthoptera,http://creativecommons.org/licenses/by-nc/4.0/,jwitter13,https://www.inaturalist.org/observations/132215943,https://static.inaturalist.org/sounds/526253.m4a?1661388649,,Microcentrum_rhombifolium,Test,,0.385878,data\raw\species40\Test\Microcentrum_rhombifolium_IN132215943_526253.mp3
Henicopsaltria_eydouxii_IN11382701_19806.mp3,Henicopsaltria_eydouxii,Cicadidae,http://creativecommons.org/licenses/by-nc/4.0/,Joel Poyitt,https://www.inaturalist.org/observations/11382701,https://static.inaturalist.org/sounds/19806.m4a?1648661310,,Henicopsaltria_eydouxii,Test,,0.753977,data\raw\species40\Test\Henicopsaltria_eydouxii_IN11382701_19806.mp3
Decticus_albifrons_IN54453249_124777.mp3,Decticus_albifrons,Orthoptera,http://creativecommons.org/licenses/by-nc/4.0/,Daniel Raposo,https://www.inaturalist.org/observations/54453249,https://static.inaturalist.org/sounds/124777.mp3?1595799882,,Decticus_albifrons,Test,,0.547345,data\raw\species40\Test\Decticus_albifrons_IN54453249_124777.mp3
Eumodicogryllus_bordigalensis_IN85350760_266419.mp3,Eumodicogryllus_bordigalensis,Orthoptera,http://creativecommons.org/licenses/by-nc/4.0/,Jakob Jilg,https://www.inaturalist.org/observations/85350760,https://static.inaturalist.org/sounds/266419.mp3?1625242080,,Eumodicogryllus_bordigalensis,Test,,0.07913,data\raw\species40\Test\Eumodicogryllus_bordigalensis_IN85350760_266419.mp3
Cystosoma_saundersii_IN18515041_27475.mp3,Cystosoma_saundersii,Cicadidae,http://creativecommons.org/licenses/by-nc/4.0/,Joel Poyitt,https://www.inaturalist.org/observations/18515041,https://static.inaturalist.org/sounds/27475.m4a?1648746584,,Cystosoma_saundersii,Test,,0.093305,data\raw\species40\Test\Cystosoma_saundersii_IN18515041_27475.mp3
Chorthippus_mollis_IN150132699_607581.mp3,Chorthippus_mollis,Orthoptera,http://creativecommons.org/licenses/by-nc/4.0/,mobbini,https://www.inaturalist.org/observations/150132699,https://static.inaturalist.org/sounds/607581.mp3?1677856711,,Chorthippus_mollis,Test,,0.071416,data\raw\species40\Test\Chorthippus_mollis_IN150132699_607581.mp3
Microcentrum_rhombifolium_IN131026445_521325.wav,Microcentrum_rhombifolium,Orthoptera,http://creativecommons.org/licenses/by/4.0/,er-birds,https://www.inaturalist.org/observations/131026445,https://static.inaturalist.org/sounds/521325.wav?1660619310,,Microcentrum_rhombifolium,Test,,0.448795,data\raw\species40\Test\Microcentrum_rhombifolium_IN131026445_521325.wav
Cystosoma_saundersii_IN18205045_27274.mp3,Cystosoma_saundersii,Cicadidae,http://creativecommons.org/licenses/by-nc/4.0/,Joel Poyitt,https://www.inaturalist.org/observations/18205045,https://static.inaturalist.org/sounds/27274.m4a?1648746149,,Cystosoma_saundersii,Test,,0.116064,data\raw\species40\Test\Cystosoma_saundersii_IN18205045_27274.mp3
Pseudochorthippus_parallelus_XC752561.wav,Pseudochorthippus_parallelus,Orthoptera,//creativecommons.org/licenses/by-sa/4.0/,Baudewijn Odé,https://xeno-canto.org/752561,https://xeno-canto.org/752561/download,,Pseudochorthippus_parallelus,Test,20.0,1.084032,data\raw\species40\Test\Pseudochorthippus_parallelus_XC752561.wav
Pseudochorthippus_parallelus_IN225906531_1113649.mp3,Pseudochorthippus_parallelus,Orthoptera,http://creativecommons.org/licenses/by-nc/4.0/,gernotkunz,https://www.inaturalist.org/observations/225906531,https://static.inaturalist.org/sounds/1113649.m4a?1719662535,,Pseudochorthippus_parallelus,Test,,0.142566,data\raw\species40\Test\Pseudochorthippus_parallelus_IN225906531_1113649.mp3
Henicopsaltria_eydouxii_IN146107699_582471.wav,Henicopsaltria_eydouxii,Cicadidae,http://creativecommons.org/licenses/by-nc/4.0/,Christie,https://www.inaturalist.org/observations/146107699,https://static.inaturalist.org/sounds/582471.wav?1673170662,,Henicopsaltria_eydouxii,Test,,1.358448,data\raw\species40\Test\Henicopsaltria_eydouxii_IN146107699_582471.wav
Eumodicogryllus_bordigalensis_XC856780.mp3,Eumodicogryllus_bordigalensis,Orthoptera,//creativecommons.org/licenses/by-nc-sa/3.0/,Bernard BOUSQUET,https://xeno-canto.org/856780,https://xeno-canto.org/856780/download,,Eumodicogryllus_bordigalensis,Test,,0.308819,data\raw\species40\Test\Eumodicogryllus_bordigalensis_XC856780.mp3
Gryllus_bimaculatus_IN144843737_575261.mp3,Gryllus_bimaculatus,Orthoptera,http://creativecommons.org/licenses/by-nc/4.0/,Axel Gosseries,https://www.inaturalist.org/observations/144843737,https://static.inaturalist.org/sounds/575261.m4a?1671697286,,Gryllus_bimaculatus,Test,,0.222538,data\raw\species40\Test\Gryllus_bimaculatus_IN144843737_575261.mp3
Henicopsaltria_eydouxii_IN68593609_160489.mp3,Henicopsaltria_eydouxii,Cicadidae,http://creativecommons.org/licenses/by-nc/4.0/,Ben McBurney,https://www.inaturalist.org/observations/68593609,https://static.inaturalist.org/sounds/160489.mp3?1611573082,,Henicopsaltria_eydouxii,Test,,0.108704,data\raw\species40\Test\Henicopsaltria_eydouxii_IN68593609_160489.mp3
Conocephalus_fuscus_IN181781239_806575.mp3,Conocephalus_fuscus,Orthoptera,http://creativecommons.org/licenses/by-nc/4.0/,Africa Gomez,https://www.inaturalist.org/observations/181781239,https://static.inaturalist.org/sounds/806575.m4a?1693852928,,Conocephalus_fuscus,Test,,0.199169,data\raw\species40\Test\Conocephalus_fuscus_IN181781239_806575.mp3
Conocephalus_fuscus_IN181781117_806568.mp3,Conocephalus_fuscus,Orthoptera,http://creativecommons.org/licenses/by-nc/4.0/,Africa Gomez,https://www.inaturalist.org/observations/181781117,https://static.inaturalist.org/sounds/806568.m4a?1693852881,,Conocephalus_fuscus,Test,,0.171664,data\raw\species40\Test\Conocephalus_fuscus_IN181781117_806568.mp3
Gryllus_bimaculatus_IN175353940_779900.mp3,Gryllus_bimaculatus,Orthoptera,http://creativecommons.org/licenses/by-nc/4.0/,markussehnal,https://www.inaturalist.org/observations/175353940,https://static.inaturalist.org/sounds/779900.m4a?1690545587,,Gryllus_bimaculatus,Test,,0.139153,data\raw\species40\Test\Gryllus_bimaculatus_IN175353940_779900.mp3
Henicopsaltria_eydouxii_IN201956145_925059.wav,Henicopsaltria_eydouxii,Cicadidae,http://creativecommons.org/licenses/by-nc/4.0/,Christie,https://www.inaturalist.org/observations/201956145,https://static.inaturalist.org/sounds/925059.wav?1710136281,,Henicopsaltria_eydouxii,Test,,0.312821,data\raw\species40\Test\Henicopsaltria_eydouxii_IN201956145_925059.wav
Pseudochorthippus_parallelus_IN124892983_491589.mp3,Pseudochorthippus_parallelus,Orthoptera,http://creativecommons.org/licenses/by/4.0/,Clive Edgar,https://www.inaturalist.org/observations/124892983,https://static.inaturalist.org/sounds/491589.m4a?1657035327,,Pseudochorthippus_parallelus,Test,,0.264565,data\raw\species40\Test\Pseudochorthippus_parallelus_IN124892983_491589.mp3
Gryllus_bimaculatus_XC842705.mp3,Gryllus_bimaculatus,Orthoptera,//creativecommons.org/licenses/by-nc-sa/4.0/,Guido O. Keijl,https://xeno-canto.org/842705,https://xeno-canto.org/842705/download,,Gryllus_bimaculatus,Test,,0.231242,data\raw\species40\Test\Gryllus_bimaculatus_XC842705.mp3
Platycleis_albopunctata_XC868127.wav,Platycleis_albopunctata,Orthoptera,//creativecommons.org/licenses/by-sa/4.0/,K.-G. Heller,https://xeno-canto.org/868127,https://xeno-canto.org/868127/download,,Platycleis_albopunctata,Test,21.5,1.125953,data\raw\species40\Test\Platycleis_albopunctata_XC868127.wav
Henicopsaltria_eydouxii_IN195450522_868859.mp3,Henicopsaltria_eydouxii,Cicadidae,http://creativecommons.org/licenses/by-nc/4.0/,ljb2020,https://www.inaturalist.org/observations/195450522,https://static.inaturalist.org/sounds/868859.m4a?1704100082,,Henicopsaltria_eydouxii,Test,,0.413003,data\raw\species40\Test\Henicopsaltria_eydouxii_IN195450522_868859.mp3
Phaneroptera_nana_XC847619.wav,Phaneroptera_nana,Orthoptera,//creativecommons.org/licenses/by-sa/4.0/,Baudewijn Odé,https://xeno-canto.org/847619,https://xeno-canto.org/847619/download,Pterolepis spoliata,Phaneroptera_nana,Test,22.0,1.448741,data\raw\species40\Test\Phaneroptera_nana_XC847619.wav
Chorthippus_mollis_IN133944209_531783.mp3,Chorthippus_mollis,Orthoptera,http://creativecommons.org/licenses/by/4.0/,snaily_naily173,https://www.inaturalist.org/observations/133944209,https://static.inaturalist.org/sounds/531783.mp3?1662490551,,Chorthippus_mollis,Test,,0.113343,data\raw\species40\Test\Chorthippus_mollis_IN133944209_531783.mp3
Decticus_albifrons_IN181809596_806667.mp3,Decticus_albifrons,Orthoptera,http://creativecommons.org/licenses/by-nc/4.0/,Miriam Öttl,https://www.inaturalist.org/observations/181809596,https://static.inaturalist.org/sounds/806667.m4a?1693863059,,Decticus_albifrons,Test,,0.097435,data\raw\species40\Test\Decticus_albifrons_IN181809596_806667.mp3
Chorthippus_mollis_IN89311126_284822.mp3,Chorthippus_mollis,Orthoptera,http://creativecommons.org/licenses/by/4.0/,snaily_naily173,https://www.inaturalist.org/observations/89311126,https://static.inaturalist.org/sounds/284822.mp3?1627736489,,Chorthippus_mollis,Test,,0.090876,data\raw\species40\Test\Chorthippus_mollis_IN89311126_284822.mp3
Phaneroptera_nana_XC832197.wav,Phaneroptera_nana,Orthoptera,//creativecommons.org/licenses/by-nc-sa/4.0/,Daan Drukker,https://xeno-canto.org/832197,https://xeno-canto.org/832197/download,"Pholidoptera griseoaptera, Oecanthus pellucens",Phaneroptera_nana,Test,,2.486802,data\raw\species40\Test\Phaneroptera_nana_XC832197.wav
Phaneroptera_nana_XC751917.wav,Phaneroptera_nana,Orthoptera,//creativecommons.org/licenses/by-sa/4.0/,Baudewijn Odé,https://xeno-canto.org/751917,https://xeno-canto.org/751917/download,,Phaneroptera_nana,Test,20.0,1.717631,data\raw\species40\Test\Phaneroptera_nana_XC751917.wav
Conocephalus_fuscus_XC882120.mp3,Conocephalus_fuscus,Orthoptera,//creativecommons.org/licenses/by-nc-sa/4.0/,Noud van den Berg,https://xeno-canto.org/882120,https://xeno-canto.org/882120/download,Parus major,Conocephalus_fuscus,Test,,0.201371,data\raw\species40\Test\Conocephalus_fuscus_XC882120.mp3
Phaneroptera_nana_IN124868530_491451.wav,Phaneroptera_nana,Orthoptera,http://creativecommons.org/licenses/by-nc/4.0/,Bernhard Paces,https://www.inaturalist.org/observations/124868530,https://static.inaturalist.org/sounds/491451.wav?1657021324,,Phaneroptera_nana,Test,,1.424994,data\raw\species40\Test\Phaneroptera_nana_IN124868530_491451.wav
Phaneroptera_nana_XC868238.wav,Phaneroptera_nana,Orthoptera,//creativecommons.org/licenses/by-sa/4.0/,K.-G. Heller,https://xeno-canto.org/868238,https://xeno-canto.org/868238/download,,Phaneroptera_nana,Test,18.0,0.887184,data\raw\species40\Test\Phaneroptera_nana_XC868238.wav
Chorthippus_mollis_IN129697125_515867.mp3,Chorthippus_mollis,Orthoptera,http://creativecommons.org/licenses/by/4.0/,snaily_naily173,https://www.inaturalist.org/observations/129697125,https://static.inaturalist.org/sounds/515867.mp3?1659826768,,Chorthippus_mollis,Test,,0.170082,data\raw\species40\Test\Chorthippus_mollis_IN129697125_515867.mp3
Chorthippus_mollis_XC752483.wav,Chorthippus_mollis,Orthoptera,//creativecommons.org/licenses/by-sa/4.0/,Baudewijn Odé,https://xeno-canto.org/752483,https://xeno-canto.org/752483/download,,Chorthippus_mollis,Test,30.0,2.846255,data\raw\species40\Test\Chorthippus_mollis_XC752483.wav
Platycleis_albopunctata_XC885900.wav,Platycleis_albopunctata,Orthoptera,//creativecommons.org/licenses/by-sa/4.0/,K.-G. Heller,https://xeno-canto.org/885900,https://xeno-canto.org/885900/download,,Platycleis_albopunctata,Test,21.0,0.485108,data\raw\species40\Test\Platycleis_albopunctata_XC885900.wav
Phaneroptera_nana_XC927322.wav,Phaneroptera_nana,Orthoptera,//creativecommons.org/licenses/by-nc-sa/4.0/,Rafael Carbonell,https://xeno-canto.org/927322,https://xeno-canto.org/927322/download,,Phaneroptera_nana,Test,17.0,0.890393,data\raw\species40\Test\Phaneroptera_nana_XC927322.wav
Platycleis_albopunctata_XC853137.wav,Platycleis_albopunctata,Orthoptera,//creativecommons.org/licenses/by-sa/4.0/,Baudewijn Odé,https://xeno-canto.org/853137,https://xeno-canto.org/853137/download,,Platycleis_albopunctata,Test,,1.034047,data\raw\species40\Test\Platycleis_albopunctata_XC853137.wav
